--------- beginning of main
01-07 23:59:45.265 I/WifiHAL ( 1415): Creating message to get link statistics; iface = 47
01-07 23:59:45.363 D/ConnectivityService( 1861): NetReassign [no changes] [c 2] [a 2] [i 4]
01-07 23:59:45.425 I/AiAiEcho( 5755): SmartspaceNotificationPredictor no parser can handle this notification or notification is invalid
01-07 23:59:45.482 D/SsBaseTemplateCard( 4292): No date view can be set up
01-07 23:59:45.483 I/SsBaseTemplateCard( 4292): setFormattedContentDescription: text=Rain and snow, iconDescription=Rain and snow, contentDescription=Rain and snow, Rain and snow
01-07 23:59:45.483 D/SsBaseTemplateCard( 4292): Passed-in item info is null
01-07 23:59:45.483 D/SsBaseTemplateCard( 4292): Passed-in item info is null
01-07 23:59:45.552 W/TracingMuxer( 1583): type=1400 audit(0.0:78202): avc:  denied  { write } for  name="traced_producer" dev="tmpfs" ino=1319 scontext=u:r:gxp_logging:s0 tcontext=u:object_r:traced_producer_socket:s0 tclass=sock_file permissive=0
01-07 23:59:45.686 D/TemperatureStateSource( 4481): sequence=44136 actualDelay=10002
01-07 23:59:45.689 D/TemperatureStateSource( 4481): Reading temperature: sequence=44137
01-07 23:59:45.697 I/pixel-thermal( 2215): VIRTUAL-SKIN:32.2186 raw data: VIRTUAL-NEUTRAL-QUIET:31891.3 VIRTUAL-QUIET-DISP:30633.2 VIRTUAL-QUIET-QI:32218.6 VIRTUAL-SKIN:32218.6 VIRTUAL-USB-QUIET:31740.9 disp_therm:32329 neutral_therm:32952 qi_therm:34043 quiet_therm:32151 usb_pwr_therm:32306 
01-07 23:59:45.699 D/TemperatureStateSource( 4481): getDeviceTemperatures: sequence=44137 deviceTemperatureType=3 temperatureSource=0 temperatures=[32.2186]
01-07 23:59:45.699 D/BusinessScope( 4481): Enqueuing the block
01-07 23:59:45.700 D/TemperatureStateSource( 4481): sequence=44137 waitTime=10000
01-07 23:59:45.700 D/BusinessScope( 4481): Start running the #88395 block
01-07 23:59:45.701 D/BusinessScope( 4481): Enqueuing the block
01-07 23:59:45.701 D/ImpulseStateSource( 4481): Notify clients: 44194
01-07 23:59:45.701 D/BusinessScope( 4481): Finish running the #88395 block
01-07 23:59:45.702 D/BusinessScope( 4481): Start running the #88396 block
01-07 23:59:45.702 D/BusinessScope( 4481): Finish running the #88396 block
--------- beginning of system
01-07 23:59:46.308 I/ActivityManager( 1861): Force stopping com.quran.quranaudio.online appid=10547 user=0: from pid 25535
01-07 23:59:46.310 I/ActivityManager( 1861): Killing 24824:com.quran.quranaudio.online:error_activity/u0a547 (adj 0): stop com.quran.quranaudio.online due to from pid 25535
01-07 23:59:46.312 D/HintManagerService( 1861): Uid gone for 10547
01-07 23:59:46.312 W/powerhal-libperfmgr(  860): sched_setattr failed for thread 24905, err=3
01-07 23:59:46.312 W/powerhal-libperfmgr(  860): sched_setattr failed for thread 24906, err=3
01-07 23:59:46.312 W/powerhal-libperfmgr(  860): sched_setattr failed for thread 24848, err=3
01-07 23:59:46.313 I/cr_ChildProcessService(24919): Destroying ChildProcessService pid=24919
01-07 23:59:46.315 W/ActivityTaskManager( 1861): Force removing ActivityRecord{198078643 u0 com.quran.quranaudio.online/cat.ereza.customactivityoncrash.activity.DefaultErrorActivity t4967 f}}: app died, no saved state
01-07 23:59:46.316 V/WindowManagerShell( 4292): Transition requested (#3420): android.os.BinderProxy@9f90f03 TransitionRequestInfo { type = CLOSE, triggerTask = TaskInfo{userId=0 taskId=4967 effectiveUid=10547 displayId=0 isRunning=false baseIntent=Intent { act=android.intent.action.MAIN cat=[android.intent.category.LAUNCHER] flg=0x10000000 cmp=com.quran.quranaudio.online/.SplashScreenActivity } baseActivity=null topActivity=null origActivity=null realActivity=ComponentInfo{com.quran.quranaudio.online/com.quran.quranaudio.online.SplashScreenActivity} numActivities=0 lastActiveTime=794640723 supportsMultiWindow=true resizeMode=1 isResizeable=true minWidth=-1 minHeight=-1 defaultMinSize=220 token=WCT{android.os.BinderProxy@a04903b} topActivityType=1 pictureInPictureParams=null shouldDockBigOverlays=false launchIntoPipHostTaskId=-1 lastParentTaskIdBeforePip=-1 displayCutoutSafeInsets=Rect(0, 0 - 0, 0) topActivityInfo=null launchCookies=[] positionInParent=Point(0, 0) parentTaskId=-1 isFocused=true isVisible=true isVisibleRequested=true isTopActivityNoDisplay=false isSleeping=false locusId=null displayAreaFeatureId=1 isTopActivityTransparent=false isActivityStackTransparent=true lastNonFullscreenBounds=Rect(276, 696 - 805, 1776) capturedLink=null capturedLinkTimestamp=0 requestedVisibleTypes=503 topActivityRequestOpenInBrowserEducationTimestamp=0 appCompatTaskInfo=AppCompatTaskInfo { topActivityInSizeCompat=false isLeafTask= true eligibleForLetterboxEducation= false isLetterboxEducationEnabled= false isLetterboxDoubleTapEnabled= false eligibleForUserAspectRatioButton= false topActivityBoundsLetterboxed= false isFromLetterboxDoubleTap= false topActivityLetterboxVerticalPosition= -1 topActivityLetterboxHorizontalPosition= -1 topActivityLetterboxWidth=-1 topActivityLetterboxHeight=-1 topActivityAppBounds=Rect(0, 0 - 0, 0) isUserFullscreenOverrideEnabled=false isSystemFullscreenOverrideEnabled=false hasMinAspectRatioOverride=false topActivityLetterboxBounds=null cameraCompatTaskInfo=CameraCompatTaskInfo { cameraCompatMode=undefinedundefined} topNonResizableActivityAspectRatio=-1.0} topActivityMainWindowFrame=null isAppBubble=false}, pipChange = null, remoteTransition = null, displayChange = null, requestedLocation = null, userChange = null, windowingLayerChange = null, flags = 0, debugId = 3420 }
01-07 23:59:46.317 D/BackgroundInstallControlService( 1861): Package event received: 0
01-07 23:59:46.318 I/libbinder.BpBinder(  742): onLastStrongRef automatically unlinking death recipients for descriptor: '(not cached)'
01-07 23:59:46.319 V/WindowManager( 1861): Defer transition id=3420 for TaskFragmentTransaction=android.os.Binder@e7a11e8
01-07 23:59:46.319 D/ViewRootImpl( 4655): Skipping stats log for color mode
01-07 23:59:46.319 D/BaseActivity( 4655): Launcher flags updated: [state_started] +[state_started]
01-07 23:59:46.319 V/WindowManager( 1861): deferTransitionReady deferReadyDepth=1 stack=com.android.server.wm.TransitionController.deferTransitionReady:1061 com.android.server.wm.TaskFragmentOrganizerController$TaskFragmentOrganizerState.dispatchTransaction:517 com.android.server.wm.TaskFragmentOrganizerController.dispatchPendingEvents:1259 com.android.server.wm.TaskFragmentOrganizerController.dispatchPendingEvents:1228 com.android.server.wm.RootWindowContainer.performSurfacePlacement:777 
01-07 23:59:46.319 D/InetDiagMessage( 1861): Destroyed 0 sockets, proto=IPPROTO_TCP, family=AF_INET, states=14
01-07 23:59:46.319 D/BaseActivity( 4655): Launcher flags updated: [state_started|state_resumed|state_user_active] +[state_resumed|state_user_active]
01-07 23:59:46.320 D/BaseActivity( 4655): Launcher flags updated: [state_started|state_resumed|state_deferred_resumed|state_user_active] +[state_deferred_resumed]
01-07 23:59:46.320 D/StatsLog( 4655): LAUNCHER_ONRESUME
01-07 23:59:46.320 D/InetDiagMessage( 1861): Destroyed 0 sockets, proto=IPPROTO_TCP, family=AF_INET6, states=14
01-07 23:59:46.320 D/InetDiagMessage( 1861): Destroyed live tcp sockets for uids={10547} in 3ms
01-07 23:59:46.321 D/QuickstepModelDelegate( 4655): notifyAppTargetEvent action=1 launchLocation=workspace/0/[-1,-1]/[1,1]
01-07 23:59:46.322 I/ActivityManager( 1861): Killing 24919:com.google.android.webview:sandboxed_process0:org.chromium.content.app.SandboxedProcessService0:0/u0a547i765 (adj 0): isolated not needed
01-07 23:59:46.322 D/BackgroundInstallControlService( 1861): Package event received: 0
01-07 23:59:46.322 D/SurfaceFlinger(  742): setDesiredMode 4619827677550801152 {mode={fps=90.00 Hz, modePtr={id=1, vsyncRate=90.00 Hz, peakRefreshRate=90.00 Hz}}, emitEvent=false, force=false}
01-07 23:59:46.323 D/NexusLauncherModelDelegate( 4655): notifySmartspaceEvent: SmartspaceTargetEvent{mSmartspaceTarget=null, mSmartspaceActionId='null', mEventType=6}
01-07 23:59:46.324 D/InetDiagMessage( 1861): Destroyed 0 sockets, proto=IPPROTO_TCP, family=AF_INET, states=14
01-07 23:59:46.325 D/InetDiagMessage( 1861): Destroyed 0 sockets, proto=IPPROTO_TCP, family=AF_INET6, states=14
01-07 23:59:46.325 D/InetDiagMessage( 1861): Destroyed live tcp sockets for uids={20547} in 5ms
01-07 23:59:46.327 D/WallpaperService( 4292): onVisibilityChanged(true): com.android.systemui.wallpapers.ImageWallpaper$CanvasEngine@8a1dc9b
01-07 23:59:46.327 I/AppsFilter( 1861): interaction: PackageSetting{f1db8da com.funnyhaircut.fartprank/10542} -> PackageSetting{e505f32 com.quran.quranaudio.online/10547} BLOCKED
01-07 23:59:46.327 I/AppsFilter( 1861): interaction: PackageSetting{6340be8 com.google.android.microdroid.empty_payload/10270} -> PackageSetting{e505f32 com.quran.quranaudio.online/10547} BLOCKED
01-07 23:59:46.327 D/BaseDepthController( 4655): setSurface:
01-07 23:59:46.327 D/BaseDepthController( 4655): 	mWaitingOnSurfaceValidity: false
01-07 23:59:46.327 D/BaseDepthController( 4655): 	mBaseSurface: Surface(name=com.google.android.apps.nexuslauncher/com.google.android.apps.nexuslauncher.NexusLauncherActivity#36423)/@0xa9abd80
01-07 23:59:46.327 I/AppsFilter( 1861): interaction: PackageSetting{d39f201 com.hawk.pulseradio.policescanner/10399} -> PackageSetting{e505f32 com.quran.quranaudio.online/10547} BLOCKED
01-07 23:59:46.327 I/AppsFilter( 1861): interaction: PackageSetting{72e88a6 com.easefootball.livescore/10541} -> PackageSetting{e505f32 com.quran.quranaudio.online/10547} BLOCKED
01-07 23:59:46.327 V/BaseDepthController( 4655): Applying blur: 0 to Surface(name=com.google.android.apps.nexuslauncher/com.google.android.apps.nexuslauncher.NexusLauncherActivity#36423)/@0xa9abd80 applyImmediately: false
01-07 23:59:46.327 D/BaseDepthController( 4655): shouldBlurWorkspace: false targetState: Normal currentStableState: Normal mCurrentBlur: 0 mLauncher.getDepthBlurTargets(): [com.android.launcher3.Workspace{a9fdfb9 V.ED..... ......ID 0,0-1080,2400 #7f0a049d app:id/workspace}, com.android.launcher3.Hotseat{e52cffe V.ED..... .......D 0,1905-1080,2400 #7f0a01ee app:id/hotseat}]
01-07 23:59:46.328 D/WindowManagerShell( 4292): setLauncherKeepClearAreaHeight: visible=true, height=495
01-07 23:59:46.328 D/BackgroundInstallControlService( 1861): Package event received: 0
01-07 23:59:46.333 D/EuiccConnector( 4644): handleMessage: E msg.what=1
01-07 23:59:46.333 D/EuiccConnector( 4644): processMsg: AvailableState
01-07 23:59:46.333 D/EuiccConnector( 4644): processMsg: UnavailableState
01-07 23:59:46.335 D/SurfaceFlinger(  742): initiateModeChange 4619827677550801152 {mode={fps=90.00 Hz, modePtr={id=1, vsyncRate=90.00 Hz, peakRefreshRate=90.00 Hz}}, emitEvent=false, force=false}
01-07 23:59:46.335 D/hwc-display(  746): setActiveConfigWithConstraints:: PrimaryDisplay config(37) test(0)
01-07 23:59:46.336 I/hwc-display(  746): [PrimaryDisplay] setActiveConfigWithConstraints: config(37)
01-07 23:59:46.338 D/EuiccConnector( 4644): transitionTo: destState=AvailableState
01-07 23:59:46.339 D/b/417220811( 4655): invalidateLoadedTasks - previous requestLoadId: -1
01-07 23:59:46.340 D/CarrierSvcBindHelper( 4644): onHandleForceStop: [com.quran.quranaudio.online]
01-07 23:59:46.340 V/WindowManager( 1861): Continue transition id=3420 for TaskFragmentTransaction=android.os.Binder@e7a11e8
01-07 23:59:46.340 V/WindowManager( 1861): continueTransitionReady deferReadyDepth=0 stack=com.android.server.wm.TransitionController.continueTransitionReady:1071 com.android.server.wm.TaskFragmentOrganizerController$TaskFragmentOrganizerState.onTransactionFinished:546 com.android.server.wm.TaskFragmentOrganizerController.onTransactionHandled:740 android.window.ITaskFragmentOrganizerController$Stub.onTransact:225 android.os.Binder.execTransactInternal:1473 
01-07 23:59:46.341 D/CarrierSvcBindHelper( 4644): No carrier app for: 0
01-07 23:59:46.341 D/CarrierSvcBindHelper( 4644): No carrier app for: 1
01-07 23:59:46.343 D/EuiccConnector( 4644): handleMessage: new destination call exit/enter
01-07 23:59:46.343 D/EuiccConnector( 4644): setupTempStateStackWithStatesToEnter: X mTempStateStackCount=1,curStateInfo: state=UnavailableState,active=true,parent=null
01-07 23:59:46.343 D/EuiccConnector( 4644): invokeExitMethods: AvailableState
01-07 23:59:46.343 D/EuiccConnector( 4644): moveTempStackToStateStack: i=0,j=1
01-07 23:59:46.343 D/EuiccConnector( 4644): moveTempStackToStateStack: X mStateStackTop=1,startingIndex=1,Top=AvailableState
01-07 23:59:46.343 D/EuiccConnector( 4644): invokeEnterMethods: AvailableState
01-07 23:59:46.343 D/EuiccConnector( 4644): handleMessage: X
01-07 23:59:46.343 D/EuiccConnector( 4644): handleMessage: E msg.what=103
01-07 23:59:46.343 D/EuiccConnector( 4644): processMsg: AvailableState
01-07 23:59:46.343 D/EuiccConnector( 4644): deferMessage: msg=103
01-07 23:59:46.343 D/EuiccConnector( 4644): transitionTo: destState=BindingState
01-07 23:59:46.343 D/EuiccConnector( 4644): handleMessage: new destination call exit/enter
01-07 23:59:46.343 D/EuiccConnector( 4644): setupTempStateStackWithStatesToEnter: X mTempStateStackCount=1,curStateInfo: null
01-07 23:59:46.343 D/EuiccConnector( 4644): invokeExitMethods: AvailableState
01-07 23:59:46.343 D/EuiccConnector( 4644): invokeExitMethods: UnavailableState
01-07 23:59:46.343 D/EuiccConnector( 4644): moveTempStackToStateStack: i=0,j=0
01-07 23:59:46.343 D/EuiccConnector( 4644): moveTempStackToStateStack: X mStateStackTop=0,startingIndex=0,Top=BindingState
01-07 23:59:46.343 D/EuiccConnector( 4644): invokeEnterMethods: BindingState
01-07 23:59:46.347 V/WindowManagerShell( 4292): onTransitionReady(transaction=7992934766948)
01-07 23:59:46.348 V/WindowManagerShell( 4292): onTransitionReady (#3420) android.os.BinderProxy@9f90f03: {id=3420 t=CLOSE f=0x0 trk=0 r=[0@Point(0, 0)] c=[
01-07 23:59:46.348 V/WindowManagerShell( 4292):         {m=TO_FRONT f=SHOW_WALLPAPER|MOVE_TO_TOP leash=Surface(name=Task=1#44)/@0x3f10cb9 sb=Rect(0, 0 - 1080, 2400) eb=Rect(0, 0 - 1080, 2400) epz=Point(1080, 2400) d=0 taskParent=-1 winMode=1 userId=0},
01-07 23:59:46.348 V/WindowManagerShell( 4292):         {m=CLOSE f=NONE leash=Surface(name=Task=4967#36364)/@0xf98f8fe sb=Rect(0, 0 - 1080, 2400) eb=Rect(0, 0 - 1080, 2400) epz=Point(1080, 2400) d=0 taskParent=-1 winMode=1 userId=0},
01-07 23:59:46.348 V/WindowManagerShell( 4292):         {m=TO_FRONT f=IS_WALLPAPER leash=Surface(name=WallpaperWindowToken{c9fe1ab}#55)/@0x273985f sb=Rect(0, 0 - 1080, 2400) eb=Rect(0, 0 - 1080, 2400) epz=Point(1080, 2400) d=0}
01-07 23:59:46.348 V/WindowManagerShell( 4292):     ]}
01-07 23:59:46.348 V/WindowManagerShell( 4292): Playing animation for (#3420) android.os.BinderProxy@9f90f03@0
01-07 23:59:46.348 V/ShellRecents( 4292): RecentsTransitionHandler.startAnimation: no controller found
01-07 23:59:46.348 V/WindowManagerShell( 4292): Transition doesn't have explicit remote, search filters for match for {id=3420 t=CLOSE f=0x0 trk=0 r=[0@Point(0, 0)] c=[{m=TO_FRONT f=SHOW_WALLPAPER|MOVE_TO_TOP leash=Surface(name=Task=1#44)/@0x3f10cb9 sb=Rect(0, 0 - 1080, 2400) eb=Rect(0, 0 - 1080, 2400) epz=Point(1080, 2400) d=0 taskParent=-1 winMode=1 userId=0},{m=CLOSE f=NONE leash=Surface(name=Task=4967#36364)/@0xf98f8fe sb=Rect(0, 0 - 1080, 2400) eb=Rect(0, 0 - 1080, 2400) epz=Point(1080, 2400) d=0 taskParent=-1 winMode=1 userId=0},{m=TO_FRONT f=IS_WALLPAPER leash=Surface(name=WallpaperWindowToken{c9fe1ab}#55)/@0x273985f sb=Rect(0, 0 - 1080, 2400) eb=Rect(0, 0 - 1080, 2400) epz=Point(1080, 2400) d=0}]}
01-07 23:59:46.348 V/WindowManagerShell( 4292):  Checking filter Pair{{types=[] flags=0x0] notFlags=0x0 checks=[{atype=undefined independent=true modes=[CLOSE,TO_BACK] flags=IN_TASK_WITH_EMBEDDED_ACTIVITY mustBeTask=false order=ANY topActivity=null launchCookie=null taskFragmentToken=android.os.BinderProxy@5fb9cbf windowingMode=undefined isCrossDisplayMove=false}]} RemoteTransition { remoteTransition = android.window.IRemoteTransition$Stub$Proxy@9e1f8c, appThread = android.app.IApplicationThread$Stub$Proxy@33846d5, debugName = overlayBackTransition }}
01-07 23:59:46.348 V/WindowManagerShell( 4292):  Checking filter Pair{{types=[] flags=0x0] notFlags=0x0 checks=[{atype=dream independent=true modes=[OPEN,TO_FRONT] flags=NONE mustBeTask=false order=ANY topActivity=null launchCookie=null windowingMode=undefined isCrossDisplayMove=false},{atype=home independent=true modes=[CLOSE,TO_BACK] flags=NONE mustBeTask=false order=ANY topActivity=null launchCookie=null windowingMode=undefined isCrossDisplayMove=false}]} RemoteTransition { remoteTransition = android.window.IRemoteTransition$Stub$Proxy@2493eea, appThread = android.app.IApplicationThread$Stub$Proxy@d5745db, debugName = LauncherToDream }}
01-07 23:59:46.348 V/WindowManagerShell( 4292):  Checking filter Pair{{types=[] flags=0x0] notFlags=0x100 checks=[{atype=home independent=true modes=[OPEN,TO_FRONT] flags=NONE mustBeTask=false order=TOP topActivity=ComponentInfo{com.google.android.apps.nexuslauncher/com.google.android.apps.nexuslauncher.NexusLauncherActivity} launchCookie=null windowingMode=undefined isCrossDisplayMove=false},{atype=standard independent=true modes=[CLOSE,TO_BACK] flags=NONE mustBeTask=false order=ANY topActivity=null launchCookie=null windowingMode=undefined isCrossDisplayMove=false},{NOT atype=undefined independent=true modes=[] flags=NONE mustBeTask=true order=ANY topActivity=null launchCookie=null customAnim=true windowingMode=undefined isCrossDisplayMove=false}]} RemoteTransition { remoteTransition = android.window.IRemoteTransition$Stub$Proxy@7d3a878, appThread = android.app.IApplicationThread$Stub$Proxy@7437b51, debugName = QuickstepLaunchHome }}
01-07 23:59:46.349 D/RemoteTransitionHandler( 4292): Found filterPair{{types=[] flags=0x0] notFlags=0x100 checks=[{atype=home independent=true modes=[OPEN,TO_FRONT] flags=NONE mustBeTask=false order=TOP topActivity=ComponentInfo{com.google.android.apps.nexuslauncher/com.google.android.apps.nexuslauncher.NexusLauncherActivity} launchCookie=null windowingMode=undefined isCrossDisplayMove=false},{atype=standard independent=true modes=[CLOSE,TO_BACK] flags=NONE mustBeTask=false order=ANY topActivity=null launchCookie=null windowingMode=undefined isCrossDisplayMove=false},{NOT atype=undefined independent=true modes=[] flags=NONE mustBeTask=true order=ANY topActivity=null launchCookie=null customAnim=true windowingMode=undefined isCrossDisplayMove=false}]} RemoteTransition { remoteTransition = android.window.IRemoteTransition$Stub$Proxy@7d3a878, appThread = android.app.IApplicationThread$Stub$Proxy@7437b51, debugName = QuickstepLaunchHome }}
01-07 23:59:46.349 V/WindowManagerShell( 4292):  Delegate animation for (#3420) to RemoteTransition { remoteTransition = android.window.IRemoteTransition$Stub$Proxy@7d3a878, appThread = android.app.IApplicationThread$Stub$Proxy@7437b51, debugName = QuickstepLaunchHome }
01-07 23:59:46.353 V/WindowManagerShell( 4292):  animated by com.android.wm.shell.transition.RemoteTransitionHandler@a58cc3c
01-07 23:59:46.353 D/LauncherStateManager( 4655): StateManager.cancelAnimation: animation ongoing: false, partial trace:
01-07 23:59:46.353 D/LauncherStateManager( 4655): 	at com.android.launcher3.statemanager.StateManager.setCurrentAnimation(go/retraceme f3a19d912c87c27267cfbc05ba0bc7b202ab72a6648bd76225f5f7e128d94583:18)
01-07 23:59:46.353 D/LauncherStateManager( 4655): 	at com.android.launcher3.QuickstepTransitionManager.createWallpaperOpenAnimations(go/retraceme f3a19d912c87c27267cfbc05ba0bc7b202ab72a6648bd76225f5f7e128d94583:646)
01-07 23:59:46.353 D/LauncherStateManager( 4655): 	at com.android.launcher3.QuickstepTransitionManager$WallpaperOpenLauncherAnimationRunner.onAnimationStart(go/retraceme f3a19d912c87c27267cfbc05ba0bc7b202ab72a6648bd76225f5f7e128d94583:96)
01-07 23:59:46.353 D/LauncherStateManager( 4655): StateManager.createAtomicAnimation: fromState: Normal, toState: Normal, partial trace:
01-07 23:59:46.353 D/LauncherStateManager( 4655): 	at com.android.quickstep.util.WorkspaceRevealAnim.prepareToAnimate(go/retraceme f3a19d912c87c27267cfbc05ba0bc7b202ab72a6648bd76225f5f7e128d94583:20)
01-07 23:59:46.353 D/LauncherStateManager( 4655): 	at com.android.quickstep.util.WorkspaceRevealAnim.<init>(go/retraceme f3a19d912c87c27267cfbc05ba0bc7b202ab72a6648bd76225f5f7e128d94583:11)
01-07 23:59:46.353 D/LauncherStateManager( 4655): 	at com.android.launcher3.QuickstepTransitionManager.createWallpaperOpenAnimations(go/retraceme f3a19d912c87c27267cfbc05ba0bc7b202ab72a6648bd76225f5f7e128d94583:683)
01-07 23:59:46.353 D/AllAppsTransitionController( 4655): shouldProtectHeader: false skipScrim: true state: Normal stateManager.getState(): Normal
01-07 23:59:46.353 D/KeyboardInsetsHandler( 4655): removePendingImeController: pendingImeController=null
01-07 23:59:46.353 D/b/311077782( 4655): LauncherAnimationRunner.setAnimation
01-07 23:59:46.354 V/WindowManager( 1861): Sent Transition (#3420) createdAt=01-07 23:59:46.315 via request=TransitionRequestInfo { type = CLOSE, triggerTask = TaskInfo{userId=0 taskId=4967 effectiveUid=10547 displayId=0 isRunning=false baseIntent=Intent { act=android.intent.action.MAIN cat=[android.intent.category.LAUNCHER] flg=0x10000000 cmp=com.quran.quranaudio.online/.SplashScreenActivity } baseActivity=null topActivity=null origActivity=null realActivity=ComponentInfo{com.quran.quranaudio.online/com.quran.quranaudio.online.SplashScreenActivity} numActivities=0 lastActiveTime=794640723 supportsMultiWindow=true resizeMode=1 isResizeable=true minWidth=-1 minHeight=-1 defaultMinSize=220 token=WCT{RemoteToken{4d9b95f Task{73c1c85 #4967 type=standard A=10547:com.quran.quranaudio.online}}} topActivityType=1 pictureInPictureParams=null shouldDockBigOverlays=false launchIntoPipHostTaskId=-1 lastParentTaskIdBeforePip=-1 displayCutoutSafeInsets=Rect(0, 0 - 0, 0) topActivityInfo=null launchCookies=[] positionInParent=Point(0, 0) parentTaskId=-1 isFocused=true isVisible=true isVisibleRequested=true isTopActivityNoDisplay=false isSleeping=false locusId=null displayAreaFeatureId=1 isTopActivityTransparent=false isActivityStackTransparent=true lastNonFullscreenBounds=Rect(276, 696 - 805, 1776) capturedLink=null capturedLinkTimestamp=0 requestedVisibleTypes=503 topActivityRequestOpenInBrowserEducationTimestamp=0 appCompatTaskInfo=AppCompatTaskInfo { topActivityInSizeCompat=false isLeafTask= true eligibleForLetterboxEducation= false isLetterboxEducationEnabled= false isLetterboxDoubleTapEnabled= false eligibleForUserAspectRatioButton= false topActivityBoundsLetterboxed= false isFromLetterboxDoubleTap= false topActivityLetterboxVerticalPosition= -1 topActivityLetterboxHorizontalPosition= -1 topActivityLetterboxWidth=-1 topActivityLetterboxHeight=-1 topActivityAppBounds=Rect(0, 0 - 0, 0) isUserFullscreenOverrideEnabled=false isSystemFullscreenOverrideEnabled=false hasMinAspectRatioOverride=false topActivityLetterboxBounds=null cameraCompatTaskInfo=CameraCompatTaskInfo { cameraCompatMode=undefinedundefined} topNonResizableActivityAspectRatio=-1.0} topActivityMainWindowFrame=null isAppBubble=false}, pipChange = null, remoteTransition = null, displayChange = null, requestedLocation = null, userChange = null, windowingLayerChange = null, flags = 0, debugId = 3420 }
01-07 23:59:46.354 V/WindowManager( 1861):     startWCT=WindowContainerTransaction { changes= {} hops= [] errorCallbackToken=null taskFragmentOrganizer=null }
01-07 23:59:46.354 V/WindowManager( 1861):     info={id=3420 t=CLOSE f=0x0 trk=0 r=[0@Point(0, 0)] c=[
01-07 23:59:46.354 V/WindowManager( 1861):         {WCT{RemoteToken{4223582 Task{8c1952e #1 type=home}}} m=TO_FRONT f=SHOW_WALLPAPER|MOVE_TO_TOP leash=Surface(name=Task=1#44)/@0x82fa1ef sb=Rect(0, 0 - 1080, 2400) eb=Rect(0, 0 - 1080, 2400) epz=Point(1080, 2400) d=0 taskParent=-1 winMode=1 userId=0},
01-07 23:59:46.354 V/WindowManager( 1861):         {WCT{RemoteToken{4d9b95f Task{73c1c85 #4967 type=standard A=10547:com.quran.quranaudio.online}}} m=CLOSE f=NONE leash=Surface(name=Task=4967#36364)/@0xa8f2003 sb=Rect(0, 0 - 1080, 2400) eb=Rect(0, 0 - 1080, 2400) epz=Point(1080, 2400) d=0 taskParent=-1 winMode=1 userId=0},
01-07 23:59:46.354 V/WindowManager( 1861):         {m=TO_FRONT f=IS_WALLPAPER leash=Surface(name=WallpaperWindowToken{c9fe1ab}#55)/@0x618c82 sb=Rect(0, 0 - 1080, 2400) eb=Rect(0, 0 - 1080, 2400) epz=Point(1080, 2400) d=0}
01-07 23:59:46.354 V/WindowManager( 1861):     ]}
01-07 23:59:46.354 I/pixel-thermal( 2215): VIRTUAL-SKIN:32.2186 raw data: VIRTUAL-SKIN:32218.6 
01-07 23:59:46.358 D/ActivityManager( 1861): sync unfroze 7940 com.google.android.euicc for 6
01-07 23:59:46.358 D/BackgroundInstallControlService( 1861): Package event received: 0
01-07 23:59:46.361 D/EuiccConnector( 4644): transitionTo: destState=DisconnectedState
01-07 23:59:46.361 D/EuiccConnector( 4644): moveDeferredMessageAtFrontOfQueue; what=103
01-07 23:59:46.361 D/EuiccConnector( 4644): handleMessage: new destination call exit/enter
01-07 23:59:46.361 D/EuiccConnector( 4644): setupTempStateStackWithStatesToEnter: X mTempStateStackCount=1,curStateInfo: null
01-07 23:59:46.361 D/EuiccConnector( 4644): invokeExitMethods: BindingState
01-07 23:59:46.361 D/EuiccConnector( 4644): moveTempStackToStateStack: i=0,j=0
01-07 23:59:46.361 D/EuiccConnector( 4644): moveTempStackToStateStack: X mStateStackTop=0,startingIndex=0,Top=DisconnectedState
01-07 23:59:46.361 D/EuiccConnector( 4644): invokeEnterMethods: DisconnectedState
01-07 23:59:46.361 D/EuiccConnector( 4644): handleMessage: X
01-07 23:59:46.361 D/EuiccConnector( 4644): handleMessage: E msg.what=103
01-07 23:59:46.361 D/EuiccConnector( 4644): processMsg: DisconnectedState
01-07 23:59:46.361 D/EuiccConnector( 4644): deferMessage: msg=103
01-07 23:59:46.361 D/EuiccConnector( 4644): handleMessage: X
01-07 23:59:46.362 D/Bubbles ( 4292): onLocusVisibilityChanged=Overview|DISABLED visible=true taskId=1
01-07 23:59:46.364 D/BackgroundInstallControlService( 1861): Package event received: 0
01-07 23:59:46.365 D/Zygote  ( 1324): Forked child process 25551
01-07 23:59:46.366 I/ActivityManager( 1861): Start proc 25551:com.google.android.dialer/u0a170 for service {com.google.android.dialer/androidx.work.impl.background.systemjob.SystemJobService}
01-07 23:59:46.370 D/BaseActivity( 4655): Launcher flags updated: [state_started|state_resumed|state_deferred_resumed|state_window_focused|state_user_active] +[state_window_focused]
01-07 23:59:46.371 I/ImeTracker( 1861): com.google.android.apps.nexuslauncher:6992d39e: onRequestHide at ORIGIN_SERVER reason HIDE_UNSPECIFIED_WINDOW fromUser false
01-07 23:59:46.372 D/InsetsController( 4655): hide(ime())
01-07 23:59:46.372 I/ImeTracker( 4655): com.google.android.apps.nexuslauncher:6992d39e: onCancelled at PHASE_CLIENT_ALREADY_HIDDEN
01-07 23:59:46.373 D/ActivityManager( 1861): sync unfroze 14643 com.google.android.googlequicksearchbox:search for 6
01-07 23:59:46.374 I/GoogleInputMethodService( 4995): GoogleInputMethodService.onFinishInput():2092 
01-07 23:59:46.375 D/WM-DelayedWorkTracker(14643): Scheduling work d7468d4c-c58f-42f5-8ac8-c492aaa46e77
01-07 23:59:46.375 D/WM-GreedyScheduler(14643): Starting work for d7468d4c-c58f-42f5-8ac8-c492aaa46e77
01-07 23:59:46.375 I/ImeTracker( 1861): system_server:624ea825: onRequestHide at ORIGIN_SERVER reason IME_REQUESTED_CHANGED_LISTENER fromUser false
01-07 23:59:46.375 W/zygote64(25551): Activation of cgroup controller +memory failed in path /sys/fs/cgroup/apps/uid_10170: Invalid argument
01-07 23:59:46.376 I/ImeTracker( 1861): system_server:624ea825: onCancelled at PHASE_SERVER_SHOULD_HIDE
01-07 23:59:46.376 I/Module  ( 4995): DeviceLockedStatusModuleProvider$Module.updateDeviceLockedStatus():103 repeatCheckTimes = 0, locked = false
01-07 23:59:46.376 I/GoogleInputMethodService( 4995): GoogleInputMethodService.onStartInput():1349 onStartInput(EditorInfo{EditorInfo{packageName=com.google.android.apps.nexuslauncher, inputType=0, inputTypeString=NULL, enableLearning=false, autoCorrection=false, autoComplete=false, imeOptions=0, privateImeOptions=null, actionName=UNSPECIFIED, actionLabel=null, initialSelStart=-1, initialSelEnd=-1, initialCapsMode=0, label=null, fieldId=0, fieldName=null, extras=null, hintText=null, hintLocales=[]}}, false)
01-07 23:59:46.376 I/Module  ( 4995): DeviceLockedStatusModuleProvider$Module.updateDeviceLockedStatus():103 repeatCheckTimes = 1, locked = false
01-07 23:59:46.378 D/ActivityManager( 1861): sync unfroze 15454 com.google.android.apps.fitness for 6
01-07 23:59:46.380 W/PackageConfigPersister( 1861): App-specific configuration not found for packageName: com.google.android.apps.nexuslauncher and userId: 0
01-07 23:59:46.380 I/EuiccGoogle( 7940): [2] NetworkCache.getFirstActiveEuiccSlotId: isRemovableEsimDefault: false
01-07 23:59:46.381 I/Zygote  (25551): Process 25551 created for com.google.android.dialer
01-07 23:59:46.381 I/.android.dialer(25551): Using CollectorTypeCMC GC.
01-07 23:59:46.383 I/EuiccGoogle( 7940): [2] EuiccServiceImpl.onCreate: onCreate DSDS mode: simCardState is 11
01-07 23:59:46.380 W/binder:746_5(  746): type=1400 audit(0.0:78203): avc:  denied  { search } for  name="log" dev="dm-75" ino=377 scontext=u:r:hal_graphics_composer_default:s0 tcontext=u:object_r:vendor_log_file:s0 tclass=dir permissive=0
01-07 23:59:46.380 W/binder:746_5(  746): type=1400 audit(0.0:78204): avc:  denied  { search } for  name="log" dev="dm-75" ino=377 scontext=u:r:hal_graphics_composer_default:s0 tcontext=u:object_r:vendor_log_file:s0 tclass=dir permissive=0
01-07 23:59:46.385 E/hwc-display(  746): [PrimaryDisplay] resetColorMappingInfoForClientComp:: resetColorMappingInfo() idx=2 error(-22)
01-07 23:59:46.385 E/hwc-display(  746): Fail to open file /data/vendor/log/hwc/PrimaryDisplay_hwc_error_log0.txt, error: Permission denied
01-07 23:59:46.385 E/hwc-display(  746): Fail to open file /data/log/PrimaryDisplay_hwc_error_log0.txt, error: No such file or directory
01-07 23:59:46.385 E/hwc-display(  746): Unable to open log file for PrimaryDisplay_hwc_error_log0.txt
01-07 23:59:46.389 D/ActivityManager( 1861): sync unfroze 27049 com.google.android.apps.turbo for 6
01-07 23:59:46.389 I/adbd    (25552): jdwp connection from 25551
01-07 23:59:46.393 D/WM-Processor(14643): mta: processing WorkGenerationalId(workSpecId=d7468d4c-c58f-42f5-8ac8-c492aaa46e77, generation=0)
01-07 23:59:46.393 D/nativeloader(25551): Load libframework-connectivity-tiramisu-jni.so using APEX ns com_android_tethering for caller /apex/com.android.tethering/javalib/framework-connectivity-t.jar: ok
01-07 23:59:46.394 W/libbinder.Binder(11893): Binder transaction to android.accounts.IAccountAuthenticator code 3 took 1500ms. Data bytes: 492 Reply bytes: 0 Flags: 17
01-07 23:59:46.395 W/ProcessStats( 1861): Tracking association SourceState{8f56437 system/1000 ImpBg #1650271} whose proc state 6 is better than process ProcessState{68e581c com.google.android.googlequicksearchbox:search/10162 pkg=com.google.android.googlequicksearchbox} proc state 14 (5 skipped)
01-07 23:59:46.396 I/EuiccGoogle( 7940): [2] Partner.getResourceEntry$ar$ds$ar$class_merging$ar$class_merging$ar$class_merging: Partner app=com.google.android.euiccoverlay, Resource name=esim_supported_countries, type=string, partnerResId = 0
01-07 23:59:46.397 I/EuiccGoogle( 7940): [2] Partner.getResourceEntry$ar$ds$ar$class_merging$ar$class_merging$ar$class_merging: Partner app=com.google.android.euiccoverlay, Resource name=esim_unsupported_countries, type=string, partnerResId = 2131689525
01-07 23:59:46.404 D/WM-WorkerWrapper(14643): Starting work for com.google.apps.tiktok.contrib.work.TikTokListenableWorker
01-07 23:59:46.405 I/wco     (14643): Local calendar periodic scheduler worker starts.
01-07 23:59:46.405 I/A       (14643): Scheduling the PCP local calendar update worker.
01-07 23:59:46.406 I/Zygote  ( 5620): Process 24919 exited due to signal 9 (Killed)
01-07 23:59:46.407 D/BackgroundInstallControlService( 1861): Package event received: 0
01-07 23:59:46.407 I/EuiccGoogle( 7940): [2] ViewCompat$Api29Impl.getCarrierInfos: All carrier info overrides: []
01-07 23:59:46.408 D/BackgroundInstallControlService( 1861): Package event received: 0
01-07 23:59:46.408 D/BackgroundInstallControlService( 1861): Package event received: 0
01-07 23:59:46.409 D/BackgroundInstallControlService( 1861): Package event received: 0
01-07 23:59:46.409 I/EuiccGoogle( 7940): [2] PhenotypeUpdatedReceiver.setPsimConversionSupportedCarriers: setPsimConversionSupportedCarriers:[1, 3]
01-07 23:59:46.416 I/eggo    (31367): (REDACTED) appOpsListener %s %s
01-07 23:59:46.416 I/eggo    (31367): (REDACTED) Ignoring irrelevant audio permission changes for package %s
01-07 23:59:46.416 I/A       (14643): Calendar refresh worker found. Do not schedule new one.
01-07 23:59:46.419 D/ActivityManager( 1861): sync unfroze 27767 com.google.android.gms for 6
01-07 23:59:46.422 I/adbd    (25552): Remote process closed the socket (on MSG_PEEK)
01-07 23:59:46.422 I/WindowManager( 1861): WIN DEATH: Window{e6d432b u0 com.quran.quranaudio.online/cat.ereza.customactivityoncrash.activity.DefaultErrorActivity}
01-07 23:59:46.424 D/ConnectivityService( 1861): releasing NetworkRequest [ REQUEST id=18476, [ Capabilities: INTERNET&NOT_RESTRICTED&TRUSTED&NOT_VCN_MANAGED&NOT_BANDWIDTH_CONSTRAINED Uid: 10547 RequestorUid: 10547 RequestorPkg: com.quran.quranaudio.online UnderlyingNetworks: Null] ] (release request)
01-07 23:59:46.425 D/ConnectivityService( 1861): releasing NetworkRequest [ REQUEST id=18474, [ Capabilities: INTERNET&NOT_RESTRICTED&TRUSTED&NOT_VCN_MANAGED&NOT_BANDWIDTH_CONSTRAINED Uid: 10547 RequestorUid: 10547 RequestorPkg: com.quran.quranaudio.online UnderlyingNetworks: Null] ] (release request)
01-07 23:59:46.425 D/ConnectivityService( 1861): releasing NetworkRequest [ REQUEST id=18478, [ Capabilities: INTERNET&NOT_RESTRICTED&TRUSTED&NOT_VCN_MANAGED&NOT_BANDWIDTH_CONSTRAINED Uid: 10547 RequestorUid: 10547 RequestorPkg: com.quran.quranaudio.online UnderlyingNetworks: Null] ] (release request)
01-07 23:59:46.426 I/libprocessgroup( 1861): Removed cgroup /sys/fs/cgroup/apps/uid_10547/pid_24824
01-07 23:59:46.426 I/Zygote  ( 1324): Process 24824 exited due to signal 9 (Killed)
01-07 23:59:46.427 D/ActivityManager( 1861): sync unfroze 10944 com.brave.browser for 6
01-07 23:59:46.428 I/libprocessgroup( 1861): Removed cgroup /sys/fs/cgroup/apps/uid_99765/pid_24919
01-07 23:59:46.430 D/ApplicationLoaders(25551): Returning zygote-cached class loader: /system/framework/org.apache.http.legacy.jar
01-07 23:59:46.430 D/ApplicationLoaders(25551): Returning zygote-cached class loader: /system_ext/framework/androidx.window.extensions.jar
01-07 23:59:46.430 D/ApplicationLoaders(25551): Returning zygote-cached class loader: /system_ext/framework/androidx.window.sidecar.jar
01-07 23:59:46.432 D/ActivityManager( 1861): sync unfroze 14231 com.officeapp.pdf.readerapp for 6
01-07 23:59:46.433 D/ActivityManager( 1861): sync unfroze 14422 com.google.android.webview:sandboxed_process0:org.chromium.content.app.SandboxedProcessService0:0 for 6
01-07 23:59:46.433 D/ActivityManager( 1861): sync unfroze 6921 com.google.android.webview:sandboxed_process0:org.chromium.content.app.SandboxedProcessService0:0 for 6
01-07 23:59:46.433 D/ActivityManager( 1861): sync unfroze 11793 com.brave.browser:privileged_process0 for 6
01-07 23:59:46.434 D/ActivityManager( 1861): sync unfroze 12177 com.brave.browser:sandboxed_process0:org.chromium.content.app.SandboxedProcessService0:0 for 6
01-07 23:59:46.440 W/ParceledListSlice( 1861): Element #136 is 18788 bytes.
01-07 23:59:46.442 V/ActivityManager( 1861): Got obituary of 24824:com.quran.quranaudio.online:error_activity
01-07 23:59:46.442 W/ActivityManager( 1861): setHasOverlayUi called on unknown pid: 24824
01-07 23:59:46.443 D/EuiccConnector( 4644): handleMessage: E msg.what=4
01-07 23:59:46.443 D/EuiccConnector( 4644): processMsg: DisconnectedState
01-07 23:59:46.443 D/EuiccConnector( 4644): transitionTo: destState=ConnectedState
01-07 23:59:46.443 D/EuiccConnector( 4644): handleMessage: new destination call exit/enter
01-07 23:59:46.443 D/EuiccConnector( 4644): setupTempStateStackWithStatesToEnter: X mTempStateStackCount=1,curStateInfo: state=DisconnectedState,active=true,parent=null
01-07 23:59:46.443 D/EuiccConnector( 4644): moveTempStackToStateStack: i=0,j=1
01-07 23:59:46.443 D/EuiccConnector( 4644): moveTempStackToStateStack: X mStateStackTop=1,startingIndex=1,Top=ConnectedState
01-07 23:59:46.443 D/EuiccConnector( 4644): invokeEnterMethods: ConnectedState
01-07 23:59:46.443 D/EuiccConnector( 4644): moveDeferredMessageAtFrontOfQueue; what=103
01-07 23:59:46.443 D/EuiccConnector( 4644): handleMessage: X
01-07 23:59:46.443 D/EuiccConnector( 4644): handleMessage: E msg.what=103
01-07 23:59:46.443 D/EuiccConnector( 4644): processMsg: ConnectedState
01-07 23:59:46.444 D/EuiccConnector( 4644): handleMessage: X
01-07 23:59:46.451 I/EuiccGoogle( 7940): [527] EuiccServiceImpl.onGetEuiccProfileInfoList: onGetEuiccProfileInfoList: slotId = 0
01-07 23:59:46.452 I/EuiccGoogle( 7940): [527] EuiccServiceImpl.onGetEuiccProfileInfoList: slotId = 0, isRemovable = false
01-07 23:59:46.452 I/EuiccGoogle( 7940): [527] EuiccServiceImpl.onGetEuiccProfileInfoList: onGetEuiccProfileInfoList: isRemovable = false.
01-07 23:59:46.452 I/EuiccGoogle( 7940): [527] EuiccServiceImpl.onGetEuiccProfileInfoList: getSimCardState for slotId: 0
01-07 23:59:46.456 W/Looper  ( 1861): Slow dispatch took 119ms main app=system_server main=true group=FOREGROUND h=android.app.ActivityThread$H c=android.app.LoadedApk$ReceiverDispatcher$Args$$ExternalSyntheticLambda0@c046672 m=0
01-07 23:59:46.459 I/AiAiEcho( 5755): (REDACTED) Predicting[%d]: %s
01-07 23:59:46.460 I/EuiccGoogle( 7940): [527] EuiccServiceImpl.onGetEuiccProfileInfoList: GetEuiccProfileInfoListResult: simCardState :11and simCardStateAtTelephony:11 for slot:0
01-07 23:59:46.460 I/EuiccGoogle( 7940): [527] EuiccServiceImpl.getProfileInfoList: getProfileInfoList: slotId = 0, includeTestProfiles = false
01-07 23:59:46.460 I/EuiccGoogle( 7940): [527] EuiccServiceImpl.getProfileInfoList: getProfileInfoList: slotId = 0, includeTestProfiles = false.
01-07 23:59:46.460 I/EuiccGoogle( 7940): [527] EuiccServiceImpl.getEidFromSlotId: getEidFromSlotId: slotId = 0.
01-07 23:59:46.460 I/EuiccGoogle( 7940): [527] NetworkCache.getEidForSlot: getEidForSlot: 0
01-07 23:59:46.461 I/EuiccGoogle( 7940): [527] BlockingEuiccCardManager.requestAllProfiles: requestAllProfiles: cardId = [2AJ3pBsHv_OVV_H158wu0F4qwA4]
01-07 23:59:46.461 I/AiAiEcho( 5755): (REDACTED) EchoTargets: %s
01-07 23:59:46.461 I/AiAiEcho( 5755): Filtered by AiAi flag check: %s
01-07 23:59:46.464 I/AiAiEcho( 5755): (REDACTED) #tapActionTwiddler: keeps UiSurface.ALL TapAction for: %s in the surface: %s for the cardId: %s
01-07 23:59:46.464 I/AiAiEcho( 5755): (REDACTED) #weatherSubItemsTwiddler: Weather removes SubtitleSupplementalItem in surface: %s
01-07 23:59:46.464 I/AiAiEcho( 5755): #remoteViewsTwiddler: feature disabled.
01-07 23:59:46.464 I/AiAiEcho( 5755): (REDACTED) %s No tracked ambient data found for ID: %s; for event type: %d, skipping event processing.
01-07 23:59:46.471 I/AiAiEcho( 5755): (REDACTED) #postPredictionTargets: Sending updates to UISurface %s with targets# %s (types=[%s])
01-07 23:59:46.472 D/WM-SystemJobService(14643): onStartJob for WorkGenerationalId(workSpecId=d7468d4c-c58f-42f5-8ac8-c492aaa46e77, generation=0)
01-07 23:59:46.473 W/Turbo.PowerBrainMaintenanceWindowImpl(27049): PowerBrain is not active
01-07 23:59:46.475 D/ActivityManager( 1861): sync unfroze 15740 com.cleanplanner for 6
01-07 23:59:46.479 D/SsBaseTemplateCard( 4655): No date view can be set up
01-07 23:59:46.479 I/SsBaseTemplateCard( 4655): setFormattedContentDescription: text=Rain and snow, iconDescription=Rain and snow, contentDescription=Rain and snow, Rain and snow
01-07 23:59:46.479 D/SsBaseTemplateCard( 4655): Passed-in item info is null
01-07 23:59:46.479 D/SsBaseTemplateCard( 4655): Passed-in item info is null
01-07 23:59:46.488 D/WM-Processor(14643): Work WorkGenerationalId(workSpecId=d7468d4c-c58f-42f5-8ac8-c492aaa46e77, generation=0) is already enqueued for processing
01-07 23:59:46.490 I/AiAiEcho( 5755): SmartspaceNotificationPredictor no parser can handle this notification or notification is invalid
01-07 23:59:46.499 E/gcblocker(11893): too long GC blocking: 5
01-07 23:59:46.499 E/gcblocker(11893): gc block end, 442133531,100
01-07 23:59:46.502 W/JobScheduler( 1861): Job didn't exist in JobStore: 91658a #u0a355/100 com.cleanplanner/.WarmStart
01-07 23:59:46.518 I/WM-WorkerWrapper(14643): Worker result SUCCESS for Work [ id=d7468d4c-c58f-42f5-8ac8-c492aaa46e77, tags={ com.google.apps.tiktok.contrib.work.TikTokListenableWorker,TikTokWorker#com.google.android.apps.search.assistant.platform.pcp.featuredata.localcalendar.LocalCalendarPeriodicSchedulerWorker } ]
01-07 23:59:46.518 D/nativeloader(25551): Configuring clns-9 for other apk /data/app/~~DkMlRNejMkaGxJdGZC20Tw==/com.google.android.dialer-m8q1l7q9qUXYoURgu6lUyA==/base.apk. target_sdk_version=36, uses_libraries=, library_path=/data/app/~~DkMlRNejMkaGxJdGZC20Tw==/com.google.android.dialer-m8q1l7q9qUXYoURgu6lUyA==/lib/arm64:/data/app/~~DkMlRNejMkaGxJdGZC20Tw==/com.google.android.dialer-m8q1l7q9qUXYoURgu6lUyA==/base.apk!/lib/arm64-v8a, permitted_path=/data:/mnt/expand:/data/user/0/com.google.android.dialer
01-07 23:59:46.524 D/SsBaseTemplateCard( 4292): No date view can be set up
01-07 23:59:46.524 I/SsBaseTemplateCard( 4292): setFormattedContentDescription: text=Rain and snow, iconDescription=Rain and snow, contentDescription=Rain and snow, Rain and snow
01-07 23:59:46.524 D/SsBaseTemplateCard( 4292): Passed-in item info is null
01-07 23:59:46.524 D/SsBaseTemplateCard( 4292): Passed-in item info is null
01-07 23:59:46.526 D/WM-Processor(14643): mta d7468d4c-c58f-42f5-8ac8-c492aaa46e77 executed; reschedule = false
01-07 23:59:46.526 D/WM-SystemJobService(14643): d7468d4c-c58f-42f5-8ac8-c492aaa46e77 executed on JobScheduler
01-07 23:59:46.531 V/GraphicsEnvironment(25551): Currently set values for:
01-07 23:59:46.532 V/GraphicsEnvironment(25551):   angle_gl_driver_selection_pkgs=[com.android.angle, com.google.android.apps.tachyon]
01-07 23:59:46.532 V/GraphicsEnvironment(25551):   angle_gl_driver_selection_values=[angle, native]
01-07 23:59:46.532 V/GraphicsEnvironment(25551): com.google.android.dialer is not listed in per-application setting
01-07 23:59:46.532 V/GraphicsEnvironment(25551): ANGLE allowlist from config: 
01-07 23:59:46.532 V/GraphicsEnvironment(25551): No special selections for ANGLE, returning default driver choice
01-07 23:59:46.532 V/GraphicsEnvironment(25551): Neither updatable production driver nor prerelease driver is supported.
01-07 23:59:46.530 E/af      (15740): Network error
01-07 23:59:46.539 D/WM-GreedyScheduler(14643): Cancelling work ID d7468d4c-c58f-42f5-8ac8-c492aaa46e77
01-07 23:59:46.544 D/WM-SystemJobScheduler(14643): Scheduling work ID d7468d4c-c58f-42f5-8ac8-c492aaa46e77Job ID 33176
01-07 23:59:46.546 D/WM-GreedyScheduler(14643): Ignoring {WorkSpec: c0710473-011a-4310-ad95-8d3cff61f9fb}. Requires device idle.
01-07 23:59:46.547 D/WM-GreedyScheduler(14643): Ignoring {WorkSpec: 5f2afc69-4081-4c48-abce-db5801c428cc}. Requires ContentUri triggers.
01-07 23:59:46.547 D/WM-GreedyScheduler(14643): Starting tracking for 946ae9a7-6542-49a5-9e90-52643c3baadd,a3ef2c6d-8ce0-470b-8af3-119510311f7d
01-07 23:59:46.553 I/MultiDex(25551): VM with version 2.1.0 has multidex support
01-07 23:59:46.553 I/MultiDex(25551): Installing application
01-07 23:59:46.553 I/MultiDex(25551): VM has multidex support, MultiDex support library is disabled.
01-07 23:59:46.567 E/ashmem  (25551): Pinning is deprecated since Android Q. Please use trim or other methods.
01-07 23:59:46.568 D/EuiccConnector( 4644): handleMessage: E msg.what=6
01-07 23:59:46.568 D/EuiccConnector( 4644): processMsg: ConnectedState
01-07 23:59:46.568 D/EuiccConnector( 4644): handleMessage: X
01-07 23:59:46.626 E/Ads     (14231): JS: Uncaught (in promise) Error: Error loading manifest, status code: 0 (https://googleads.g.doubleclick.net/mads/static/sdk/native/sdk-core-v40.html:1014)
01-07 23:59:46.643 E/af      (14231): Network error
01-07 23:59:46.650 I/DialerAtlasPixelTipsContentProvider(25551): com.android.incallui.atlas.ui.impl.pixeltipsintegration.AtlasPixelTipsContentProvider.onCreate:40 enter
01-07 23:59:46.650 I/DialerRevelioTipsContentProvider(25551): com.android.dialer.revelio.impl.RevelioTipsContentProvider.onCreate:32 enter
01-07 23:59:46.650 I/DialerTidepodsRevelioTipsContentProvider(25551): com.android.dialer.revelio.impl.tidepods.impl.TidepodsRevelioTipsContentProvider.onCreate:42 enter
01-07 23:59:46.650 I/DialerDialerBaseApplication(25551): com.android.dialer.DialerBaseApplication.onCreate:22 onCreate
01-07 23:59:46.653 I/acrf    (25551): SslGuard completed installation.
01-07 23:59:46.670 I/DialerLocaleProvider(25551): com.android.dialer.callrecording.impl.localeprovider.LocaleProvider.getNetworkCountryMatchesSimCountryInternal:192 NetworkCountryCode: CN, SimCountryIso: MO
01-07 23:59:46.670 I/DialerLocaleProvider(25551): com.android.dialer.callrecording.impl.localeprovider.LocaleProvider.isCallRecordingCountry:145 SIM and network countries do not match.
01-07 23:59:46.670 I/DialerCanRecord(25551): com.android.dialer.callrecording.impl.canrecord.CanRecord.canRecordCall:92 Call recording is disabled in the current country
01-07 23:59:46.670 I/DialerCallRecordingStartupListener(25551): com.android.dialer.callrecording.startup.CallRecordingStartupListener.onApplicationStartup:71 not prewarming TTS
01-07 23:59:46.676 I/DialerInternalSemanticEventLogger(25551): com.android.dialer.cui.impl.InternalSemanticEventLogger.handleEvent:145 CUI event: APP_ON_CREATE; uniqueCallId: null
01-07 23:59:46.677 I/DialerGmsFlagCommitter(25551): com.android.dialer.phenotype.GmsFlagCommitter.commit:52 flags committing
01-07 23:59:46.689 I/DialerLoggingTelephonyCache(25551): com.google.android.callingshared.logging.telephony.LoggingTelephonyCache.setUpNetworkMemoize:97 getNetworkOperatorName
01-07 23:59:46.689 I/DialerLoggingTelephonyCache(25551): com.google.android.callingshared.logging.telephony.LoggingTelephonyCache.setUpNetworkMemoize:106 getNetworkCountryIso
01-07 23:59:46.689 I/DialerLoggingTelephonyCache(25551): com.google.android.callingshared.logging.telephony.LoggingTelephonyCache.setUpNetworkMemoize:115 getNetworkOperator
01-07 23:59:46.691 I/DialerLoggingTelephonyCache(25551): com.google.android.callingshared.logging.telephony.LoggingTelephonyCache.setUpNetworkMemoize:139 getSimCarrierIdName
01-07 23:59:46.691 I/DialerLoggingTelephonyCache(25551): com.google.android.callingshared.logging.telephony.LoggingTelephonyCache.setUpNetworkMemoize:148 getSimCountryIso
01-07 23:59:46.691 I/DialerShortcutsJobScheduler(25551): com.android.dialer.shortcuts.ShortcutsJobScheduler.schedule:55 schedule
01-07 23:59:46.692 I/DialerShortcutsJobScheduler(25551): com.android.dialer.shortcuts.ShortcutsJobScheduler.scheduleJobInternal:82 job already scheduled.
01-07 23:59:46.695 I/DialerSharpieEnabledFn(25551): com.android.dialer.sharpie.enabledfn.SharpieEnabledFn.isEnabled:60 disabled by flag [CONTEXT ratelimit_period="1 MINUTES" ]
01-07 23:59:46.696 I/DialerMainActivityStartupMonitor(25551): com.android.dialer.startup.mainactivitystartup.MainActivityStartupMonitor.onApplicationCreated$lambda$0:32 mainActivityCreated: false
01-07 23:59:46.696 I/DialerInternalSemanticEventLogger(25551): com.android.dialer.cui.impl.InternalSemanticEventLogger.handleEvent:145 CUI event: APP_ON_CREATE_RUNNABLE_COMPLETED_BEFORE_MAIN_ACTIVITY_CREATED; uniqueCallId: null
01-07 23:59:46.697 V/GrammaticalInflectionUtils( 1861): AttributionSource: android.content.AttributionSource@98d9dda2 does not have READ_SYSTEM_GRAMMATICAL_GENDER permission.
01-07 23:59:46.697 D/BackgroundInstallControlService( 1861): Package event received: 0
01-07 23:59:46.697 I/DialerSpamDenylistDialerMoiraiAvailability(25551): com.android.dialer.spam.moirai.spamdenylist.SpamDenylistDialerMoiraiAvailability.isAvailable:124 Disabled due to no enabled known country [CONTEXT ratelimit_period="1 MINUTES" ]
01-07 23:59:46.697 I/DialerMoiraiIntegrationImpl(25551): com.android.dialer.spam.moirai.impl.MoiraiIntegrationImpl.isAvailable:101 Disabled due to availability returning false for role: sxu@cc542cd [CONTEXT ratelimit_period="1 MINUTES" ]
01-07 23:59:46.697 I/DialerInternalSemanticEventLogger(25551): com.android.dialer.cui.impl.InternalSemanticEventLogger.processPotentialCancelEvent:231 Cancelled logging CUI AppStartToMainActivity to GIL due to cancelEvent
01-07 23:59:46.707 D/Zygote  ( 1324): Forked child process 25616
01-07 23:59:46.707 I/DialerDefaultProcessValidator(25551): com.google.apps.tiktok.contrib.work.impl.DefaultProcessValidator.validateAsynchronouslyAndMaybeCrash:68 Validating WorkManager process
01-07 23:59:46.707 I/ActivityManager( 1861): Start proc 25616:com.google.android.projection.gearhead:provider/u0a137 for content provider {com.google.android.projection.gearhead/com.google.android.apps.auto.components.projectionstate.ProjectionStateProvider}
01-07 23:59:46.711 W/zygote64(25616): Activation of cgroup controller +memory failed in path /sys/fs/cgroup/apps/uid_10137: Invalid argument
01-07 23:59:46.712 I/DialerDefaultProcessValidator(25551): com.google.apps.tiktok.contrib.work.impl.DefaultProcessValidator.validateInternal:97 Processes: NONE, true, com.google.android.dialer, com.google.android.dialer
01-07 23:59:46.712 D/WM-PackageManagerHelper(25551): Skipping component enablement for androidx.work.impl.background.systemjob.SystemJobService
01-07 23:59:46.712 D/WM-Schedulers(25551): Created SystemJobScheduler and enabled SystemJobService
01-07 23:59:46.713 D/WM-ForceStopRunnable(25551): The default process name was not specified.
01-07 23:59:46.714 D/WM-ForceStopRunnable(25551): Performing cleanup operations.
01-07 23:59:46.715 I/DialerFlags(25551): com.android.dialer.phenotype.Flags.registerDialerMendelConfigPackage:147 phenotype register status: true
01-07 23:59:46.716 D/WM-SystemJobService(25551): onStartJob for WorkGenerationalId(workSpecId=fd2bf1bd-a236-403e-945b-31568214805f, generation=0)
01-07 23:59:46.716 I/Zygote  (25616): Process 25616 created for com.google.android.projection.gearhead:provider
01-07 23:59:46.716 D/WM-SystemJobService(25551): onStartJob for WorkGenerationalId(workSpecId=4b9c66d4-0de5-405b-a3b1-23cc58bd6104, generation=0)
01-07 23:59:46.717 I/arhead:provider(25616): Using CollectorTypeCMC GC.
01-07 23:59:46.719 I/DialerFlags(25551): com.android.dialer.phenotype.Flags$1.onSuccess:123 finished with result: true
01-07 23:59:46.719 I/adbd    (25552): jdwp connection from 25616
01-07 23:59:46.721 D/nativeloader(25616): Load libframework-connectivity-tiramisu-jni.so using APEX ns com_android_tethering for caller /apex/com.android.tethering/javalib/framework-connectivity-t.jar: ok
01-07 23:59:46.723 D/WorkspaceRevealAnim( 4655): onAnimationEnd: workspace alpha = 1.0
01-07 23:59:46.723 V/WindowManagerShell( 4292): Received remote transition finished callback for (#3420)
01-07 23:59:46.724 V/WindowManagerShell( 4292): Transition animation finished (aborted=false), notifying core (#3420) android.os.BinderProxy@9f90f03@0
01-07 23:59:46.726 V/WindowManager( 1861): Finish Transition (#3420): created at 01-07 23:59:46.315 collect-started=0.059ms request-sent=0.101ms started=4.629ms ready=25.237ms sent=29.408ms commit=24.647ms finished=411.003ms
01-07 23:59:46.727 E/libbinder.IPCThreadState( 1861): Binder transaction failure. id: 121307224, cmd: BR_DEAD_REPLY (29189), error: -22 (Invalid argument)
01-07 23:59:46.727 W/ActivityManager( 1861): pid 1861 system sent binder code 7 with flags 1 and got error -32
01-07 23:59:46.727 W/WindowManager( 1861): Exception thrown during dispatchAppVisibility Window{e6d432b u0 com.quran.quranaudio.online/cat.ereza.customactivityoncrash.activity.DefaultErrorActivity EXITING}
01-07 23:59:46.727 W/WindowManager( 1861): android.os.DeadObjectException
01-07 23:59:46.727 W/WindowManager( 1861): 	at android.os.BinderProxy.transactNative(Native Method)
01-07 23:59:46.727 W/WindowManager( 1861): 	at android.os.BinderProxy.transact(BinderProxy.java:599)
01-07 23:59:46.727 W/WindowManager( 1861): 	at android.view.IWindow$Stub$Proxy.dispatchAppVisibility(IWindow.java:535)
01-07 23:59:46.727 W/WindowManager( 1861): 	at com.android.server.wm.WindowState.sendAppVisibilityToClients(WindowState.java:3266)
01-07 23:59:46.727 W/WindowManager( 1861): 	at com.android.server.wm.WindowContainer.sendAppVisibilityToClients(WindowContainer.java:1218)
01-07 23:59:46.727 W/WindowManager( 1861): 	at com.android.server.wm.WindowToken.setClientVisible(WindowToken.java:394)
01-07 23:59:46.727 W/WindowManager( 1861): 	at com.android.server.wm.ActivityRecord.commitVisibility(ActivityRecord.java:5626)
01-07 23:59:46.727 W/WindowManager( 1861): 	at com.android.server.wm.Transition.finishTransition(Transition.java:1500)
01-07 23:59:46.727 W/WindowManager( 1861): 	at com.android.server.wm.TransitionController.finishTransition(TransitionController.java:1096)
01-07 23:59:46.727 W/WindowManager( 1861): 	at com.android.server.wm.WindowOrganizerController.finishTransition(WindowOrganizerController.java:518)
01-07 23:59:46.727 W/WindowManager( 1861): 	at android.window.IWindowOrganizerController$Stub.onTransact(IWindowOrganizerController.java:270)
01-07 23:59:46.727 W/WindowManager( 1861): 	at com.android.server.wm.WindowOrganizerController.onTransact(WindowOrganizerController.java:233)
01-07 23:59:46.727 W/WindowManager( 1861): 	at android.os.Binder.execTransactInternal(Binder.java:1478)
01-07 23:59:46.727 W/WindowManager( 1861): 	at android.os.Binder.execTransact(Binder.java:1418)
01-07 23:59:46.727 W/Process ( 1861): Unable to open /proc/24824/status
01-07 23:59:46.729 V/WindowManagerShell( 4292): Track 0 became idle
01-07 23:59:46.729 V/WindowManagerShell( 4292): All active transition animations finished
01-07 23:59:46.732 I/eggo    (31367): (REDACTED) appOpsListener %s %s
01-07 23:59:46.732 I/eggo    (31367): (REDACTED) Ignoring irrelevant audio permission changes for package %s
01-07 23:59:46.732 D/RecentsView( 4655): onTaskRemoved: 4967, not handling task stack changes
01-07 23:59:46.732 D/RecentsView( 4655): onTaskRemoved: 4967, not handling task stack changes
01-07 23:59:46.732 V/ShellTaskOrganizer( 4292): Task vanished taskId=4967
01-07 23:59:46.732 V/ShellTaskOrganizer( 4292): Fullscreen Task Vanished: #4967
01-07 23:59:46.733 D/b/417220811( 4655): invalidateLoadedTasks - previous requestLoadId: -1
01-07 23:59:46.733 D/ShellDesktopMode( 4292): AppToWebRepository: Task 4967 is vanishing. Removing task data from repository
01-07 23:59:46.733 V/AppCompat( 4292): SingleSurfaceLetterboxController: [4958]
01-07 23:59:46.733 V/AppCompat( 4292): MultiSurfaceLetterboxController: []
01-07 23:59:46.733 V/AppCompat( 4292): LetterboxInputController: [4958]
01-07 23:59:46.733 V/AppCompat( 4292): RoundedCornersLetterboxController: {}
01-07 23:59:46.735 W/WindowManager( 1861): takeTaskSnapshot: taskId=4967 not found or not visible
01-07 23:59:46.735 W/ImageReader_JNI( 1861): Unable to acquire a buffer item, very likely client tried to acquire more than maxImages buffers
01-07 23:59:46.736 D/ApplicationLoaders(25616): Returning zygote-cached class loader: /system/framework/org.apache.http.legacy.jar
01-07 23:59:46.736 D/ApplicationLoaders(25616): Returning zygote-cached class loader: /system_ext/framework/androidx.window.extensions.jar
01-07 23:59:46.736 D/ApplicationLoaders(25616): Returning zygote-cached class loader: /system_ext/framework/androidx.window.sidecar.jar
01-07 23:59:46.741 I/DialerDialerCarAppServiceStateUpdater(25551): com.android.dialer.androidauto.impl.carservice.DialerCarAppServiceStateUpdater$updateCarAppServiceState$1.invokeSuspend:69 CarAppService enabled state: desiredValue: false, protoStoreValue: false
01-07 23:59:46.741 I/DialerDialerCarAppServiceStateUpdater(25551): com.android.dialer.androidauto.impl.carservice.DialerCarAppServiceStateUpdater$updateCarAppServiceState$1.invokeSuspend:82 Skipping CarAppService PackageManager state update
01-07 23:59:46.752 E/BpTransactionCompletedListener(  742): Failed to transact (-32)
01-07 23:59:46.759 W/arhead:provider(25616): Failed to find entry 'classes.dex': Entry not found
01-07 23:59:46.759 W/arhead:provider(25616): Failed to find entry 'classes.dex': Entry not found
01-07 23:59:46.760 W/arhead:provider(25616): Failed to find entry 'classes.dex': Entry not found
01-07 23:59:46.761 W/arhead:provider(25616): Failed to find entry 'classes.dex': Entry not found
01-07 23:59:46.761 W/arhead:provider(25616): Failed to find entry 'classes.dex': Entry not found
01-07 23:59:46.762 D/nativeloader(25616): Configuring clns-9 for other apk /data/app/~~CrvhRlR1maXY-2xnpNz5XA==/com.google.android.projection.gearhead-LLq4AwJmVErf7SjmDiKm3Q==/base.apk:/data/app/~~CrvhRlR1maXY-2xnpNz5XA==/com.google.android.projection.gearhead-LLq4AwJmVErf7SjmDiKm3Q==/split_config.arm64_v8a.apk:/data/app/~~CrvhRlR1maXY-2xnpNz5XA==/com.google.android.projection.gearhead-LLq4AwJmVErf7SjmDiKm3Q==/split_config.en.apk:/data/app/~~CrvhRlR1maXY-2xnpNz5XA==/com.google.android.projection.gearhead-LLq4AwJmVErf7SjmDiKm3Q==/split_config.in.apk:/data/app/~~CrvhRlR1maXY-2xnpNz5XA==/com.google.android.projection.gearhead-LLq4AwJmVErf7SjmDiKm3Q==/split_config.xxhdpi.apk:/data/app/~~CrvhRlR1maXY-2xnpNz5XA==/com.google.android.projection.gearhead-LLq4AwJmVErf7SjmDiKm3Q==/split_config.zh.apk. target_sdk_version=36, uses_libraries=, library_path=/data/app/~~CrvhRlR1maXY-2xnpNz5XA==/com.google.android.projection.gearhead-LLq4AwJmVErf7SjmDiKm3Q==/lib/arm64:/data/app/~~CrvhRlR1maXY-2xnpNz5XA==/com.google.android.projection.gearhead-LLq4AwJmVErf7SjmDiKm3Q=
01-07 23:59:46.764 W/ActivityManager( 1861): startForegroundService() not allowed due to mAllowStartForeground false: service com.officeapp.pdf.readerapp/com.officeapp.pdf.work.service.PDFReaderSandBoxService
01-07 23:59:46.773 W/System.err(14231): android.app.ForegroundServiceStartNotAllowedException: startForegroundService() not allowed due to mAllowStartForeground false: service com.officeapp.pdf.readerapp/com.officeapp.pdf.work.service.PDFReaderSandBoxService
01-07 23:59:46.774 V/GraphicsEnvironment(25616): Currently set values for:
01-07 23:59:46.774 V/GraphicsEnvironment(25616):   angle_gl_driver_selection_pkgs=[com.android.angle, com.google.android.apps.tachyon]
01-07 23:59:46.774 V/GraphicsEnvironment(25616):   angle_gl_driver_selection_values=[angle, native]
01-07 23:59:46.774 V/GraphicsEnvironment(25616): com.google.android.projection.gearhead is not listed in per-application setting
01-07 23:59:46.774 V/GraphicsEnvironment(25616): ANGLE allowlist from config: 
01-07 23:59:46.774 V/GraphicsEnvironment(25616): No special selections for ANGLE, returning default driver choice
01-07 23:59:46.774 V/GraphicsEnvironment(25616): Neither updatable production driver nor prerelease driver is supported.
01-07 23:59:46.780 W/System.err(14231): 	at android.app.ForegroundServiceStartNotAllowedException$1.createFromParcel(ForegroundServiceStartNotAllowedException.java:54)
01-07 23:59:46.780 W/System.err(14231): 	at android.app.ForegroundServiceStartNotAllowedException$1.createFromParcel(ForegroundServiceStartNotAllowedException.java:50)
01-07 23:59:46.780 W/System.err(14231): 	at android.os.Parcel.readParcelableInternal(Parcel.java:5262)
01-07 23:59:46.780 W/System.err(14231): 	at android.os.Parcel.readParcelable(Parcel.java:5243)
01-07 23:59:46.780 W/System.err(14231): 	at android.os.Parcel.createExceptionOrNull(Parcel.java:3368)
01-07 23:59:46.780 W/System.err(14231): 	at android.os.Parcel.createException(Parcel.java:3357)
01-07 23:59:46.781 W/System.err(14231): 	at android.os.Parcel.readException(Parcel.java:3340)
01-07 23:59:46.781 W/System.err(14231): 	at android.os.Parcel.readException(Parcel.java:3282)
01-07 23:59:46.782 W/System.err(14231): 	at android.app.IActivityManager$Stub$Proxy.startService(IActivityManager.java:6672)
01-07 23:59:46.782 W/System.err(14231): 	at android.app.ContextImpl.startServiceCommon(ContextImpl.java:2094)
01-07 23:59:46.782 W/System.err(14231): 	at android.app.ContextImpl.startForegroundService(ContextImpl.java:2069)
01-07 23:59:46.782 W/System.err(14231): 	at android.content.ContextWrapper.startForegroundService(ContextWrapper.java:875)
01-07 23:59:46.782 W/System.err(14231): 	at GGG.D.AAA(SourceFile:1)
01-07 23:59:46.782 W/System.err(14231): 	at ZZZ.D.startForegroundService(SourceFile:7)
01-07 23:59:46.782 W/System.err(14231): 	at u4.D.D(SourceFile:30)
01-07 23:59:46.782 W/System.err(14231): 	at com.pairip.VMRunner.executeVM(Native Method)
01-07 23:59:46.782 W/System.err(14231): 	at com.pairip.VMRunner.invoke(VMRunner.java:67)
01-07 23:59:46.782 W/System.err(14231): 	at androidx.work.PeriodicWorker.doWork(Unknown Source:13)
01-07 23:59:46.782 W/System.err(14231): 	at androidx.work.N.run(SourceFile:3)
01-07 23:59:46.782 W/System.err(14231): 	at java.util.concurrent.ThreadPoolExecutor.runWorker(ThreadPoolExecutor.java:1154)
01-07 23:59:46.782 W/System.err(14231): 	at java.util.concurrent.ThreadPoolExecutor$Worker.run(ThreadPoolExecutor.java:652)
01-07 23:59:46.782 W/System.err(14231): 	at java.lang.Thread.run(Thread.java:1563)
01-07 23:59:46.796 I/DialerAndroidAutoStatusLookupImpl(25551): com.android.dialer.androidautostatuslookup.impl.AndroidAutoStatusLookupImpl.awaitCallbackWithTimeout:133 liveData timeout exception.
01-07 23:59:46.796 I/DialerAndroidAutoStatusLookupImpl(25551): com.android.dialer.androidautostatuslookup.impl.AndroidAutoStatusLookupImpl.isAndroidAutoConnected:103 Android Auto connection type is not initialized. Didn't receive a callback from CarConnection within timeout [CONTEXT ratelimit_period="1 MINUTES" ]
01-07 23:59:46.799 I/DialerLogcatLoggingBindings(25551): com.android.dialer.logging.logcat.LogcatLoggingBindings.logImpression:54 Impression: CALL_SCREEN_INIT_AT_STARTUP
01-07 23:59:46.801 I/DialerLogcatLoggingBindings(25551): com.android.dialer.logging.logcat.LogcatLoggingBindings.logImpression:47 Impression: APP_LAUNCHED
01-07 23:59:46.803 I/DialerLoggingConsentCheckerImpl(25551): com.google.android.callingshared.logging.consent.impl.LoggingConsentCheckerImpl.getConsent:72 timer stop with success, timer present: false
01-07 23:59:46.827 I/DialerDobbyEnabledFn(25551): com.android.dialer.dobby.enabledfn.DobbyEnabledFn.isEnabled:23 disabled by flag [CONTEXT ratelimit_period="1 MINUTES" ]
01-07 23:59:46.829 I/DialerLoggingConsentCheckerImpl(25551): com.google.android.callingshared.logging.consent.impl.LoggingConsentCheckerImpl.getConsent:72 timer stop with success, timer present: false
01-07 23:59:46.837 I/CAR.GH  (25616): onCreate
01-07 23:59:46.841 I/DialerDarpaComponentEnabledStateUpdater(25551): com.android.dialer.darpa.impl.DarpaComponentEnabledStateUpdater$update$2.invokeSuspend:38 update FEATURE_CALLER_ID_AND_SPAM:1
01-07 23:59:46.846 I/DialerDarpaComponentEnabledStateUpdater(25551): com.android.dialer.darpa.impl.DarpaComponentEnabledStateUpdater$update$2.invokeSuspend:38 update FEATURE_SPAM_BLOCKING:1
01-07 23:59:46.854 D/WM-SystemJobScheduler(25551): Reconciling jobs
01-07 23:59:46.859 V/GH.ProjStateSvc(25616): No binder to the car, notifying not projecting
01-07 23:59:46.861 I/DialerDarpaComponentEnabledStateUpdater(25551): com.android.dialer.darpa.impl.DarpaComponentEnabledStateUpdater$update$2.invokeSuspend:38 update FEATURE_DOBBY:2
01-07 23:59:46.861 I/GH.PrimesMgr(25616): transmitting to prod
01-07 23:59:46.864 I/DialerDarpaPhenotypeFlagsCommitSucceededListener(25551): com.android.dialer.darpa.impl.DarpaPhenotypeFlagsCommitSucceededListener$onFlagsCommittedSuccessfully$2.onSuccess:30 update component enabled states successfully
01-07 23:59:46.867 I/DialerAndroidAutoStatusLookupImpl(25551): com.android.dialer.androidautostatuslookup.impl.AndroidAutoStatusLookupImpl.isAndroidAutoConnected:97 Android Auto connected in 0 mode [CONTEXT ratelimit_period="1 MINUTES" ]
01-07 23:59:46.868 I/CAR.GH  (25616): Process: PROVIDER
01-07 23:59:46.868 I/CAR.GH  (25616): Channel: PROD
01-07 23:59:46.873 D/WM-ForceStopRunnable(25551): Found unfinished work, scheduling it.
01-07 23:59:46.887 D/WM-SystemJobScheduler(25551): Scheduling work ID 388f94f2-f705-40d9-954f-e4af81c14f86Job ID 2768
01-07 23:59:46.891 D/BackgroundInstallControlService( 1861): Package event received: 0
01-07 23:59:46.893 W/JobInfo (25551): Requested important-while-foreground flag for job2968 is ignored and takes no effect
01-07 23:59:46.893 D/WM-SystemJobScheduler(25551): Scheduling work ID 4e074c7a-a5e5-4840-b754-16d3aadf9e01Job ID 2968
01-07 23:59:46.895 D/BackgroundInstallControlService( 1861): Package event received: 0
01-07 23:59:46.897 W/JobInfo (25551): Requested important-while-foreground flag for job2921 is ignored and takes no effect
01-07 23:59:46.898 D/WM-SystemJobScheduler(25551): Scheduling work ID e3374c8e-00ca-4e96-9e1f-4bc4c8aacab3Job ID 2921
01-07 23:59:46.899 I/AlarmManager(11566): set [name: SystemMemoryCache type: 2 triggerAtMillis: 316154912896 windowMillis: -1 intervalMillis: 0]
01-07 23:59:46.900 W/JobInfo (25551): Requested important-while-foreground flag for job2607 is ignored and takes no effect
01-07 23:59:46.900 D/WM-SystemJobScheduler(25551): Scheduling work ID c49bfc24-5087-4ba1-9431-e5949db85b82Job ID 2607
01-07 23:59:46.904 W/JobInfo (25551): Requested important-while-foreground flag for job2606 is ignored and takes no effect
01-07 23:59:46.904 D/WM-SystemJobScheduler(25551): Scheduling work ID a7546e0a-27d4-4a3e-8b7b-bb9bf81a6131Job ID 2606
01-07 23:59:46.907 W/JobInfo (25551): Requested important-while-foreground flag for job2952 is ignored and takes no effect
01-07 23:59:46.907 D/WM-SystemJobScheduler(25551): Scheduling work ID b942bf5e-b764-4081-93b7-912f514eed74Job ID 2952
01-07 23:59:46.909 D/WM-SystemJobScheduler(25551): Scheduling work ID 70e03657-3d5a-4206-93ab-c82b69c08b3fJob ID 2701
01-07 23:59:46.912 D/WM-SystemJobScheduler(25551): Scheduling work ID 795e8f78-74dc-42b1-be0a-8edbb1df73faJob ID 2954
01-07 23:59:46.918 W/JobInfo (25551): Requested important-while-foreground flag for job2957 is ignored and takes no effect
01-07 23:59:46.918 D/WM-SystemJobScheduler(25551): Scheduling work ID 4b9c66d4-0de5-405b-a3b1-23cc58bd6104Job ID 2957
01-07 23:59:46.919 I/GoogleSignatureVerifier(27767): package info is not set correctly
01-07 23:59:46.920 D/WM-SystemJobService(25551): onStopJob for WorkGenerationalId(workSpecId=4b9c66d4-0de5-405b-a3b1-23cc58bd6104, generation=0)
01-07 23:59:46.923 W/JobInfo (25551): Requested important-while-foreground flag for job2959 is ignored and takes no effect
01-07 23:59:46.923 D/WM-SystemJobScheduler(25551): Scheduling work ID fd2bf1bd-a236-403e-945b-31568214805fJob ID 2959
01-07 23:59:46.924 W/JobScheduler( 1861): Job didn't exist in JobStore: 325efd1 {androidx.work.systemjobscheduler} #u0a170/2957 #TikTokWorker#com.android.dialer.xatu.impl.storage.postcall.XatuMetricsWorker#@androidx.work.systemjobscheduler@com.google.android.dialer/androidx.work.impl.background.systemjob.SystemJobService
01-07 23:59:46.925 D/WM-SystemJobService(25551): onStartJob for WorkGenerationalId(workSpecId=4b9c66d4-0de5-405b-a3b1-23cc58bd6104, generation=0)
01-07 23:59:46.928 D/WM-SystemJobService(25551): onStopJob for WorkGenerationalId(workSpecId=fd2bf1bd-a236-403e-945b-31568214805f, generation=0)
01-07 23:59:46.929 D/WM-SystemJobScheduler(25551): Scheduling work ID f29eeecb-3ca3-4ae1-baee-95833ec17071Job ID 2960
01-07 23:59:46.929 W/JobScheduler( 1861): Job didn't exist in JobStore: 4fc2364 {androidx.work.systemjobscheduler} #u0a170/2959 #TikTokWorker#com.android.dialer.callscreen.impl.donation.scotty.CallScreenMetricsWorker#@androidx.work.systemjobscheduler@com.google.android.dialer/androidx.work.impl.background.systemjob.SystemJobService
01-07 23:59:46.929 D/WM-SystemJobService(25551): onStartJob for WorkGenerationalId(workSpecId=fd2bf1bd-a236-403e-945b-31568214805f, generation=0)
01-07 23:59:46.933 D/WM-SystemJobScheduler(25551): Scheduling work ID 0871943c-71a6-4b39-b748-78068d09d0d6Job ID 2964
01-07 23:59:46.936 D/WM-SystemJobScheduler(25551): Scheduling work ID 9f26f82a-932c-4d12-8dc3-5616817ad76fJob ID 2967
01-07 23:59:46.939 W/JobInfo (25551): Requested important-while-foreground flag for job2958 is ignored and takes no effect
01-07 23:59:46.940 D/WM-SystemJobScheduler(25551): Scheduling work ID dbf12753-82b0-4670-9e5a-2d4774252862Job ID 2958
01-07 23:59:46.943 D/WM-SystemJobScheduler(25551): Scheduling work ID 1699e092-abbe-4367-b43a-3afcc386d9a1Job ID 2969
01-07 23:59:46.945 D/WM-GreedyScheduler(25551): Ignoring {WorkSpec: cc6c2b85-776a-4993-a456-56cd554168b8}. Requires device idle.
01-07 23:59:46.945 D/WM-GreedyScheduler(25551): Ignoring {WorkSpec: e55cd158-911d-4026-9512-a778876bda5c}. Requires device idle.
01-07 23:59:46.945 D/WM-GreedyScheduler(25551): Ignoring {WorkSpec: 28b59904-a0b1-4f43-8ac1-8506c89904d0}. Requires device idle.
01-07 23:59:46.945 D/WM-GreedyScheduler(25551): Ignoring {WorkSpec: 4e074c7a-a5e5-4840-b754-16d3aadf9e01}. Requires device idle.
01-07 23:59:46.945 D/WM-GreedyScheduler(25551): Ignoring {WorkSpec: e3374c8e-00ca-4e96-9e1f-4bc4c8aacab3}. Requires device idle.
01-07 23:59:46.945 D/WM-GreedyScheduler(25551): Ignoring {WorkSpec: c49bfc24-5087-4ba1-9431-e5949db85b82}. Requires device idle.
01-07 23:59:46.945 D/WM-GreedyScheduler(25551): Ignoring {WorkSpec: a7546e0a-27d4-4a3e-8b7b-bb9bf81a6131}. Requires device idle.
01-07 23:59:46.945 D/WM-GreedyScheduler(25551): Ignoring {WorkSpec: 19c758e8-1a16-4e0f-a0fb-b79546d6e0c9}. Requires device idle.
01-07 23:59:46.946 D/WM-GreedyScheduler(25551): Starting work for a82cd479-f887-4c9e-9ea9-0415609dd486
01-07 23:59:46.946 D/WM-GreedyScheduler(25551): Starting work for 4b9c66d4-0de5-405b-a3b1-23cc58bd6104
01-07 23:59:46.946 D/WM-GreedyScheduler(25551): Starting work for fd2bf1bd-a236-403e-945b-31568214805f
01-07 23:59:46.946 D/WM-GreedyScheduler(25551): Starting tracking for dbf12753-82b0-4670-9e5a-2d4774252862,b942bf5e-b764-4081-93b7-912f514eed74,34407417-650b-4b05-a722-83cd3a0f3ee5
01-07 23:59:46.953 D/WM-Processor(25551): frf: processing WorkGenerationalId(workSpecId=fd2bf1bd-a236-403e-945b-31568214805f, generation=0)
01-07 23:59:46.953 D/WM-Processor(25551): frf: processing WorkGenerationalId(workSpecId=4b9c66d4-0de5-405b-a3b1-23cc58bd6104, generation=0)
01-07 23:59:46.956 D/WM-Processor(25551): WorkerWrapper interrupted for 4b9c66d4-0de5-405b-a3b1-23cc58bd6104
01-07 23:59:46.957 D/WM-StopWorkRunnable(25551): StopWorkRunnable for 4b9c66d4-0de5-405b-a3b1-23cc58bd6104; Processor.stopWork = true
01-07 23:59:46.957 D/WM-Processor(25551): frf: processing WorkGenerationalId(workSpecId=4b9c66d4-0de5-405b-a3b1-23cc58bd6104, generation=0)
01-07 23:59:46.957 D/WM-Processor(25551): WorkerWrapper interrupted for fd2bf1bd-a236-403e-945b-31568214805f
01-07 23:59:46.957 D/WM-StopWorkRunnable(25551): StopWorkRunnable for fd2bf1bd-a236-403e-945b-31568214805f; Processor.stopWork = true
01-07 23:59:46.958 I/GoogleSignatureVerifier(27767): package info is not set correctly
01-07 23:59:46.958 D/WM-Processor(25551): frf: processing WorkGenerationalId(workSpecId=fd2bf1bd-a236-403e-945b-31568214805f, generation=0)
01-07 23:59:46.959 D/WM-Processor(25551): frf: processing WorkGenerationalId(workSpecId=a82cd479-f887-4c9e-9ea9-0415609dd486, generation=0)
01-07 23:59:46.959 D/WM-Processor(25551): Work WorkGenerationalId(workSpecId=4b9c66d4-0de5-405b-a3b1-23cc58bd6104, generation=0) is already enqueued for processing
01-07 23:59:46.960 D/WM-Processor(25551): Work WorkGenerationalId(workSpecId=fd2bf1bd-a236-403e-945b-31568214805f, generation=0) is already enqueued for processing
01-07 23:59:46.963 D/WM-WorkerWrapper(25551): Status for fd2bf1bd-a236-403e-945b-31568214805f is ENQUEUED; not doing any work and rescheduling for later execution
01-07 23:59:46.964 D/WM-WorkerWrapper(25551): Status for 4b9c66d4-0de5-405b-a3b1-23cc58bd6104 is ENQUEUED; not doing any work and rescheduling for later execution
01-07 23:59:46.964 D/WM-Processor(25551): frf fd2bf1bd-a236-403e-945b-31568214805f executed; reschedule = true
01-07 23:59:46.965 D/WM-SystemJobService(25551): fd2bf1bd-a236-403e-945b-31568214805f executed on JobScheduler
01-07 23:59:46.967 D/WM-Processor(25551): frf 4b9c66d4-0de5-405b-a3b1-23cc58bd6104 executed; reschedule = true
01-07 23:59:46.967 D/WM-SystemJobService(25551): 4b9c66d4-0de5-405b-a3b1-23cc58bd6104 executed on JobScheduler
01-07 23:59:46.967 D/WM-WorkerWrapper(25551): Starting work for com.google.apps.tiktok.contrib.work.TikTokListenableWorker
01-07 23:59:46.975 I/DialerXatuMetricsWorker(25551): com.android.dialer.xatu.impl.storage.postcall.XatuMetricsWorker.startWork:67 enter
01-07 23:59:46.975 I/DialerSingletonScopedExternalsLogging(25551): com.google.android.dialershared.externals.logging.SingletonScopedExternalsLogging.recordCallMethodInvocation:75 event: TIKTOK_WORK_EXECUTION_MONITOR_ON_WORK_STARTED, function parameters: [4b9c66d4-0de5-405b-a3b1-23cc58bd6104,com.android.dialer.xatu.impl.storage.postcall.XatuMetricsWorker], return value: <empty>
01-07 23:59:46.977 E/chromium(10944): [ERROR:brave/components/p3a/star_randomness_points.cc:120] StarRandomnessPoints: no response body for randomness request, net error: ERR_INTERNET_DISCONNECTED
01-07 23:59:46.977 E/chromium(10944): [ERROR:brave/components/p3a/star_randomness_points.cc:120] StarRandomnessPoints: no response body for randomness request, net error: ERR_INTERNET_DISCONNECTED
01-07 23:59:46.977 D/WM-GreedyScheduler(25551): Cancelling work ID fd2bf1bd-a236-403e-945b-31568214805f
01-07 23:59:46.980 D/WM-WorkerWrapper(25551): Starting work for com.google.apps.tiktok.contrib.work.TikTokListenableWorker
01-07 23:59:46.981 I/DialerSingletonScopedExternalsLogging(25551): com.google.android.dialershared.externals.logging.SingletonScopedExternalsLogging.recordCallMethodInvocation:75 event: TIKTOK_WORK_EXECUTION_MONITOR_ON_WORK_STARTED, function parameters: [fd2bf1bd-a236-403e-945b-31568214805f,com.android.dialer.callscreen.impl.donation.scotty.CallScreenMetricsWorker], return value: <empty>
01-07 23:59:46.982 I/DialerCallScreenMetricsWorker(25551): com.android.dialer.callscreen.impl.donation.scotty.CallScreenMetricsWorker.startWork:71 enter
01-07 23:59:46.982 D/WM-WorkerWrapper(25551): Starting work for com.google.apps.tiktok.contrib.work.TikTokListenableWorker
01-07 23:59:46.982 I/DialerSingletonScopedExternalsLogging(25551): com.google.android.dialershared.externals.logging.SingletonScopedExternalsLogging.recordCallMethodInvocation:75 event: TIKTOK_WORK_EXECUTION_MONITOR_ON_WORK_STARTED, function parameters: [a82cd479-f887-4c9e-9ea9-0415609dd486,com.android.dialer.timekeeper.impl.worker.TimeKeeperDbRefreshingWorker], return value: <empty>
01-07 23:59:46.983 I/DialerTimeKeeperDbRefreshingWorker(25551): com.android.dialer.timekeeper.impl.worker.TimeKeeperDbRefreshingWorker.startWork:64 enter
01-07 23:59:46.984 D/WM-SystemJobScheduler(25551): Scheduling work ID 3e213c26-2da5-405e-98aa-ecf63ee889faJob ID 2970
01-07 23:59:46.985 I/DialerSingletonScopedExternalsLogging(25551): com.google.android.dialershared.externals.logging.SingletonScopedExternalsLogging.recordCallMethodInvocation:75 event: TIKTOK_WORK_EXECUTION_MONITOR_ON_WORK_FINISHED, function parameters: [a82cd479-f887-4c9e-9ea9-0415609dd486,com.android.dialer.timekeeper.impl.worker.TimeKeeperDbRefreshingWorker], return value: Success
01-07 23:59:46.986 W/JobInfo (25551): Requested important-while-foreground flag for job2971 is ignored and takes no effect
01-07 23:59:46.986 D/WM-SystemJobScheduler(25551): Scheduling work ID 34407417-650b-4b05-a722-83cd3a0f3ee5Job ID 2971
01-07 23:59:46.988 D/WM-GreedyScheduler(25551): Ignoring {WorkSpec: cc6c2b85-776a-4993-a456-56cd554168b8}. Requires device idle.
01-07 23:59:46.988 D/WM-GreedyScheduler(25551): Ignoring {WorkSpec: e55cd158-911d-4026-9512-a778876bda5c}. Requires device idle.
01-07 23:59:46.988 D/WM-GreedyScheduler(25551): Ignoring {WorkSpec: 28b59904-a0b1-4f43-8ac1-8506c89904d0}. Requires device idle.
01-07 23:59:46.988 D/WM-GreedyScheduler(25551): Ignoring {WorkSpec: 4e074c7a-a5e5-4840-b754-16d3aadf9e01}. Requires device idle.
01-07 23:59:46.988 D/WM-GreedyScheduler(25551): Ignoring {WorkSpec: e3374c8e-00ca-4e96-9e1f-4bc4c8aacab3}. Requires device idle.
01-07 23:59:46.988 D/WM-GreedyScheduler(25551): Ignoring {WorkSpec: c49bfc24-5087-4ba1-9431-e5949db85b82}. Requires device idle.
01-07 23:59:46.988 D/WM-GreedyScheduler(25551): Ignoring {WorkSpec: a7546e0a-27d4-4a3e-8b7b-bb9bf81a6131}. Requires device idle.
01-07 23:59:46.988 D/WM-GreedyScheduler(25551): Ignoring {WorkSpec: 19c758e8-1a16-4e0f-a0fb-b79546d6e0c9}. Requires device idle.
01-07 23:59:46.988 D/WM-GreedyScheduler(25551): Starting tracking for dbf12753-82b0-4670-9e5a-2d4774252862,b942bf5e-b764-4081-93b7-912f514eed74,34407417-650b-4b05-a722-83cd3a0f3ee5
01-07 23:59:46.989 I/DialerLoggingConsentCheckerImpl(25551): com.google.android.callingshared.logging.consent.impl.LoggingConsentCheckerImpl.getConsent:72 timer stop with success, timer present: false
01-07 23:59:46.989 I/DialerSingletonScopedExternalsLogging(25551): com.google.android.dialershared.externals.logging.SingletonScopedExternalsLogging.recordCallMethodInvocation:75 event: TIKTOK_WORK_EXECUTION_MONITOR_ON_WORK_FINISHED, function parameters: [4b9c66d4-0de5-405b-a3b1-23cc58bd6104,com.android.dialer.xatu.impl.storage.postcall.XatuMetricsWorker], return value: Success
01-07 23:59:46.990 I/DialerLoggingConsentCheckerImpl(25551): com.google.android.callingshared.logging.consent.impl.LoggingConsentCheckerImpl.getConsent:72 timer stop with success, timer present: false
01-07 23:59:46.994 D/WM-GreedyScheduler(25551): Cancelling work ID 4b9c66d4-0de5-405b-a3b1-23cc58bd6104
01-07 23:59:46.996 I/DialerSingletonScopedExternalsLogging(25551): com.google.android.dialershared.externals.logging.SingletonScopedExternalsLogging.recordCallMethodInvocation:75 event: TIKTOK_WORK_EXECUTION_MONITOR_ON_WORK_FINISHED, function parameters: [fd2bf1bd-a236-403e-945b-31568214805f,com.android.dialer.callscreen.impl.donation.scotty.CallScreenMetricsWorker], return value: Success
01-07 23:59:46.996 D/WM-GreedyScheduler(25551): Ignoring {WorkSpec: cc6c2b85-776a-4993-a456-56cd554168b8}. Requires device idle.
01-07 23:59:46.996 D/WM-GreedyScheduler(25551): Ignoring {WorkSpec: e55cd158-911d-4026-9512-a778876bda5c}. Requires device idle.
01-07 23:59:46.996 D/WM-GreedyScheduler(25551): Ignoring {WorkSpec: 28b59904-a0b1-4f43-8ac1-8506c89904d0}. Requires device idle.
01-07 23:59:46.996 D/WM-GreedyScheduler(25551): Ignoring {WorkSpec: 4e074c7a-a5e5-4840-b754-16d3aadf9e01}. Requires device idle.
01-07 23:59:46.996 D/WM-GreedyScheduler(25551): Ignoring {WorkSpec: e3374c8e-00ca-4e96-9e1f-4bc4c8aacab3}. Requires device idle.
01-07 23:59:46.997 D/WM-GreedyScheduler(25551): Ignoring {WorkSpec: c49bfc24-5087-4ba1-9431-e5949db85b82}. Requires device idle.
01-07 23:59:46.997 D/WM-GreedyScheduler(25551): Ignoring {WorkSpec: a7546e0a-27d4-4a3e-8b7b-bb9bf81a6131}. Requires device idle.
01-07 23:59:46.997 D/WM-GreedyScheduler(25551): Ignoring {WorkSpec: 19c758e8-1a16-4e0f-a0fb-b79546d6e0c9}. Requires device idle.
01-07 23:59:46.997 D/WM-GreedyScheduler(25551): Starting tracking for dbf12753-82b0-4670-9e5a-2d4774252862,b942bf5e-b764-4081-93b7-912f514eed74,34407417-650b-4b05-a722-83cd3a0f3ee5
01-07 23:59:46.998 I/DialerLoggingConsentCheckerImpl(25551): com.google.android.callingshared.logging.consent.impl.LoggingConsentCheckerImpl.getConsent:72 timer stop with success, timer present: false
01-07 23:59:47.008 D/WM-ConstraintTracker(25551): ftz: initial state = NetworkState(isConnected=true, isValidated=true, isMetered=true, isNotRoaming=true)
01-07 23:59:47.008 D/WM-NetworkStateTracker(25551): Registering network callback
01-07 23:59:47.010 D/ConnectivityService( 1861): requestNetwork for uid/pid:10170/25551 activeRequest: null callbackRequest: 18480 [NetworkRequest [ REQUEST id=18481, [ Capabilities: INTERNET&NOT_RESTRICTED&TRUSTED&NOT_VCN_MANAGED&NOT_BANDWIDTH_CONSTRAINED Uid: 10170 RequestorUid: 10170 RequestorPkg: com.google.android.dialer UnderlyingNetworks: Null] ]] callback flags: 0 order: 2147483647 isUidTracked: false declaredMethods: AVAIL|LOST|NC
01-07 23:59:47.012 D/OemPaidWifiNetworkFactory( 1861): got request NetworkRequest [ REQUEST id=18481, [ Capabilities: INTERNET&NOT_RESTRICTED&TRUSTED&NOT_VCN_MANAGED&NOT_BANDWIDTH_CONSTRAINED Uid: 10170 RequestorUid: 10170 RequestorPkg: com.google.android.dialer UnderlyingNetworks: Null] ]
01-07 23:59:47.012 D/WM-WorkConstraintsTrack(25551): NetworkRequestConstraintController register shared callback
01-07 23:59:47.012 D/MultiInternetWifiNetworkFactory( 1861): got request NetworkRequest [ REQUEST id=18481, [ Capabilities: INTERNET&NOT_RESTRICTED&TRUSTED&NOT_VCN_MANAGED&NOT_BANDWIDTH_CONSTRAINED Uid: 10170 RequestorUid: 10170 RequestorPkg: com.google.android.dialer UnderlyingNetworks: Null] ]
01-07 23:59:47.012 D/ConnectivityService( 1861): requestNetwork for uid/pid:10170/25551 activeRequest: null callbackRequest: 18482 [NetworkRequest [ REQUEST id=18483, [ Capabilities: INTERNET&NOT_RESTRICTED&TRUSTED&NOT_VCN_MANAGED&NOT_BANDWIDTH_CONSTRAINED Uid: 10170 RequestorUid: 10170 RequestorPkg: com.google.android.dialer UnderlyingNetworks: Null] ]] callback flags: 0 order: 2147483647 isUidTracked: false declaredMethods: AVAIL|LOST|NC|BLK
01-07 23:59:47.013 D/WM-WorkConstraintsTrack(25551): NetworkRequestConstraintController send initial capabilities
01-07 23:59:47.013 D/UntrustedWifiNetworkFactory( 1861): got request NetworkRequest [ REQUEST id=18481, [ Capabilities: INTERNET&NOT_RESTRICTED&TRUSTED&NOT_VCN_MANAGED&NOT_BANDWIDTH_CONSTRAINED Uid: 10170 RequestorUid: 10170 RequestorPkg: com.google.android.dialer UnderlyingNetworks: Null] ]
01-07 23:59:47.014 D/ConnectivityService( 1861): NetReassign [18481 : null → 158] [c 0] [a 1] [i 3]
01-07 23:59:47.014 D/WM-NetworkStateTracker(25551): Network capabilities changed: [ Transports: WIFI|VPN Capabilities: INTERNET&NOT_RESTRICTED&TRUSTED&VALIDATED&NOT_ROAMING&FOREGROUND&NOT_CONGESTED&NOT_SUSPENDED&NOT_VCN_MANAGED&NOT_BANDWIDTH_CONSTRAINED LinkUpBandwidth>=7185Kbps LinkDnBandwidth>=35875Kbps TransportInfo: <VpnTransportInfo{type=1, sessionId=null, bypassable=false longLivedTcpConnectionsExpensive=false}> UnderlyingNetworks: Null]
01-07 23:59:47.015 D/WM-WorkConstraintsTrack(25551): NetworkRequestConstraintController onCapabilitiesChanged callback
01-07 23:59:47.015 D/WM-WorkConstraintsTrack(25551): NetworkRequestConstraintController onBlockedStatusChanged callback
01-07 23:59:47.015 D/OemPaidWifiNetworkFactory( 1861): got request NetworkRequest [ REQUEST id=18483, [ Capabilities: INTERNET&NOT_RESTRICTED&TRUSTED&NOT_VCN_MANAGED&NOT_BANDWIDTH_CONSTRAINED Uid: 10170 RequestorUid: 10170 RequestorPkg: com.google.android.dialer UnderlyingNetworks: Null] ]
01-07 23:59:47.015 D/MultiInternetWifiNetworkFactory( 1861): got request NetworkRequest [ REQUEST id=18483, [ Capabilities: INTERNET&NOT_RESTRICTED&TRUSTED&NOT_VCN_MANAGED&NOT_BANDWIDTH_CONSTRAINED Uid: 10170 RequestorUid: 10170 RequestorPkg: com.google.android.dialer UnderlyingNetworks: Null] ]
01-07 23:59:47.015 I/WM-WorkerWrapper(25551): Worker result SUCCESS for Work [ id=a82cd479-f887-4c9e-9ea9-0415609dd486, tags={ com.google.apps.tiktok.contrib.work.TikTokListenableWorker,TikTokWorker#com.android.dialer.timekeeper.impl.worker.TimeKeeperDbRefreshingWorker } ]
01-07 23:59:47.016 D/UntrustedWifiNetworkFactory( 1861): got request NetworkRequest [ REQUEST id=18483, [ Capabilities: INTERNET&NOT_RESTRICTED&TRUSTED&NOT_VCN_MANAGED&NOT_BANDWIDTH_CONSTRAINED Uid: 10170 RequestorUid: 10170 RequestorPkg: com.google.android.dialer UnderlyingNetworks: Null] ]
01-07 23:59:47.016 D/ConnectivityService( 1861): NetReassign [18483 : null → 158] [c 0] [a 0] [i 2]
01-07 23:59:47.018 I/WM-WorkerWrapper(25551): Worker result SUCCESS for Work [ id=4b9c66d4-0de5-405b-a3b1-23cc58bd6104, tags={ com.google.apps.tiktok.contrib.work.TikTokListenableWorker,TikTokWorker#com.android.dialer.xatu.impl.storage.postcall.XatuMetricsWorker } ]
01-07 23:59:47.018 D/WM-Processor(25551): frf a82cd479-f887-4c9e-9ea9-0415609dd486 executed; reschedule = false
01-07 23:59:47.019 I/WM-WorkerWrapper(25551): Worker result SUCCESS for Work [ id=fd2bf1bd-a236-403e-945b-31568214805f, tags={ com.google.apps.tiktok.contrib.work.TikTokListenableWorker,TikTokWorker#com.android.dialer.callscreen.impl.donation.scotty.CallScreenMetricsWorker } ]
01-07 23:59:47.019 D/WM-Processor(25551): frf 4b9c66d4-0de5-405b-a3b1-23cc58bd6104 executed; reschedule = false
01-07 23:59:47.020 D/WM-Processor(25551): frf fd2bf1bd-a236-403e-945b-31568214805f executed; reschedule = false
01-07 23:59:47.021 D/WM-PackageManagerHelper(25551): Skipping component enablement for androidx.work.impl.background.systemalarm.RescheduleReceiver
01-07 23:59:47.022 D/WM-GreedyScheduler(25551): Cancelling work ID a82cd479-f887-4c9e-9ea9-0415609dd486
01-07 23:59:47.026 D/WM-SystemJobScheduler(25551): Scheduling work ID db285e1d-5ead-4d30-b5ea-af13ef2e73b8Job ID 2924
01-07 23:59:47.027 D/WM-GreedyScheduler(25551): Ignoring {WorkSpec: cc6c2b85-776a-4993-a456-56cd554168b8}. Requires device idle.
01-07 23:59:47.028 D/WM-GreedyScheduler(25551): Ignoring {WorkSpec: e55cd158-911d-4026-9512-a778876bda5c}. Requires device idle.
01-07 23:59:47.028 D/WM-GreedyScheduler(25551): Ignoring {WorkSpec: 28b59904-a0b1-4f43-8ac1-8506c89904d0}. Requires device idle.
01-07 23:59:47.028 D/WM-GreedyScheduler(25551): Ignoring {WorkSpec: 4e074c7a-a5e5-4840-b754-16d3aadf9e01}. Requires device idle.
01-07 23:59:47.028 D/WM-GreedyScheduler(25551): Ignoring {WorkSpec: e3374c8e-00ca-4e96-9e1f-4bc4c8aacab3}. Requires device idle.
01-07 23:59:47.028 D/WM-GreedyScheduler(25551): Ignoring {WorkSpec: c49bfc24-5087-4ba1-9431-e5949db85b82}. Requires device idle.
01-07 23:59:47.028 D/WM-GreedyScheduler(25551): Ignoring {WorkSpec: a7546e0a-27d4-4a3e-8b7b-bb9bf81a6131}. Requires device idle.
01-07 23:59:47.028 D/WM-GreedyScheduler(25551): Ignoring {WorkSpec: 19c758e8-1a16-4e0f-a0fb-b79546d6e0c9}. Requires device idle.
01-07 23:59:47.028 D/WM-GreedyScheduler(25551): Starting tracking for dbf12753-82b0-4670-9e5a-2d4774252862,b942bf5e-b764-4081-93b7-912f514eed74,34407417-650b-4b05-a722-83cd3a0f3ee5
01-07 23:59:47.029 D/WM-GreedyScheduler(25551): Cancelling work ID 4b9c66d4-0de5-405b-a3b1-23cc58bd6104
01-07 23:59:47.031 D/WM-GreedyScheduler(25551): Ignoring {WorkSpec: cc6c2b85-776a-4993-a456-56cd554168b8}. Requires device idle.
01-07 23:59:47.031 D/WM-GreedyScheduler(25551): Ignoring {WorkSpec: e55cd158-911d-4026-9512-a778876bda5c}. Requires device idle.
01-07 23:59:47.031 D/WM-GreedyScheduler(25551): Ignoring {WorkSpec: 28b59904-a0b1-4f43-8ac1-8506c89904d0}. Requires device idle.
01-07 23:59:47.031 D/WM-GreedyScheduler(25551): Ignoring {WorkSpec: 4e074c7a-a5e5-4840-b754-16d3aadf9e01}. Requires device idle.
01-07 23:59:47.031 D/WM-GreedyScheduler(25551): Ignoring {WorkSpec: e3374c8e-00ca-4e96-9e1f-4bc4c8aacab3}. Requires device idle.
01-07 23:59:47.031 D/WM-GreedyScheduler(25551): Ignoring {WorkSpec: c49bfc24-5087-4ba1-9431-e5949db85b82}. Requires device idle.
01-07 23:59:47.031 D/WM-GreedyScheduler(25551): Ignoring {WorkSpec: a7546e0a-27d4-4a3e-8b7b-bb9bf81a6131}. Requires device idle.
01-07 23:59:47.031 D/WM-GreedyScheduler(25551): Ignoring {WorkSpec: 19c758e8-1a16-4e0f-a0fb-b79546d6e0c9}. Requires device idle.
01-07 23:59:47.031 D/WM-GreedyScheduler(25551): Starting tracking for dbf12753-82b0-4670-9e5a-2d4774252862,b942bf5e-b764-4081-93b7-912f514eed74,34407417-650b-4b05-a722-83cd3a0f3ee5
01-07 23:59:47.032 D/WM-GreedyScheduler(25551): Cancelling work ID fd2bf1bd-a236-403e-945b-31568214805f
01-07 23:59:47.035 D/WM-GreedyScheduler(25551): Ignoring {WorkSpec: cc6c2b85-776a-4993-a456-56cd554168b8}. Requires device idle.
01-07 23:59:47.035 D/WM-GreedyScheduler(25551): Ignoring {WorkSpec: e55cd158-911d-4026-9512-a778876bda5c}. Requires device idle.
01-07 23:59:47.035 D/WM-GreedyScheduler(25551): Ignoring {WorkSpec: 28b59904-a0b1-4f43-8ac1-8506c89904d0}. Requires device idle.
01-07 23:59:47.035 D/WM-GreedyScheduler(25551): Ignoring {WorkSpec: 4e074c7a-a5e5-4840-b754-16d3aadf9e01}. Requires device idle.
01-07 23:59:47.035 D/WM-GreedyScheduler(25551): Ignoring {WorkSpec: e3374c8e-00ca-4e96-9e1f-4bc4c8aacab3}. Requires device idle.
01-07 23:59:47.035 D/WM-GreedyScheduler(25551): Ignoring {WorkSpec: c49bfc24-5087-4ba1-9431-e5949db85b82}. Requires device idle.
01-07 23:59:47.035 D/WM-GreedyScheduler(25551): Ignoring {WorkSpec: a7546e0a-27d4-4a3e-8b7b-bb9bf81a6131}. Requires device idle.
01-07 23:59:47.035 D/WM-GreedyScheduler(25551): Ignoring {WorkSpec: 19c758e8-1a16-4e0f-a0fb-b79546d6e0c9}. Requires device idle.
01-07 23:59:47.035 D/WM-GreedyScheduler(25551): Starting tracking for dbf12753-82b0-4670-9e5a-2d4774252862,b942bf5e-b764-4081-93b7-912f514eed74,34407417-650b-4b05-a722-83cd3a0f3ee5
01-07 23:59:47.035 D/WM-GreedyScheduler(25551): Constraints met: Scheduling work ID WorkGenerationalId(workSpecId=dbf12753-82b0-4670-9e5a-2d4774252862, generation=23)
01-07 23:59:47.036 D/WM-GreedyScheduler(25551): Constraints not met: Cancelling work ID WorkGenerationalId(workSpecId=34407417-650b-4b05-a722-83cd3a0f3ee5, generation=254)
01-07 23:59:47.036 D/WM-GreedyScheduler(25551): Constraints not met: Cancelling work ID WorkGenerationalId(workSpecId=b942bf5e-b764-4081-93b7-912f514eed74, generation=0)
01-07 23:59:47.037 D/WM-Processor(25551): frf: processing WorkGenerationalId(workSpecId=dbf12753-82b0-4670-9e5a-2d4774252862, generation=23)
01-07 23:59:47.039 D/WM-WorkerWrapper(25551): Starting work for com.google.apps.tiktok.contrib.work.TikTokListenableWorker
01-07 23:59:47.039 I/DialerDobbyDonationsWorker(25551): com.android.dialer.dobby.impl.feedback.upload.DobbyDonationsWorker$startWork$1.invokeSuspend:66 starting work
01-07 23:59:47.040 I/DialerDobbyDonationsWorker(25551): com.android.dialer.dobby.impl.feedback.upload.DobbyDonationsWorker$startWork$1.invokeSuspend:69 Dobby is not enabled
01-07 23:59:47.041 I/DialerSingletonScopedExternalsLogging(25551): com.google.android.dialershared.externals.logging.SingletonScopedExternalsLogging.recordCallMethodInvocation:75 event: TIKTOK_WORK_EXECUTION_MONITOR_ON_WORK_STARTED, function parameters: [dbf12753-82b0-4670-9e5a-2d4774252862,com.android.dialer.dobby.impl.storage.postcall.DobbyMetricsWorker], return value: <empty>
01-07 23:59:47.041 I/DialerSingletonScopedExternalsLogging(25551): com.google.android.dialershared.externals.logging.SingletonScopedExternalsLogging.recordCallMethodInvocation:75 event: TIKTOK_WORK_EXECUTION_MONITOR_ON_WORK_FINISHED, function parameters: [dbf12753-82b0-4670-9e5a-2d4774252862,com.android.dialer.dobby.impl.storage.postcall.DobbyMetricsWorker], return value: Failure
01-07 23:59:47.041 I/DialerLogcatLoggingBindings(25551): com.android.dialer.logging.logcat.LogcatLoggingBindings.logImpression:54 Impression: DOBBY_DONATION_WORKER_START
01-07 23:59:47.042 I/WM-WorkerWrapper(25551): Worker result FAILURE for Work [ id=dbf12753-82b0-4670-9e5a-2d4774252862, tags={ com.google.apps.tiktok.contrib.work.TikTokListenableWorker,TikTokWorker#com.android.dialer.dobby.impl.storage.postcall.DobbyMetricsWorker } ]
01-07 23:59:47.043 D/WM-Processor(25551): frf dbf12753-82b0-4670-9e5a-2d4774252862 executed; reschedule = false
01-07 23:59:47.043 D/WM-GreedyScheduler(25551): Stopping tracking for WorkGenerationalId(workSpecId=dbf12753-82b0-4670-9e5a-2d4774252862, generation=23)
01-07 23:59:47.044 I/DialerLoggingConsentCheckerImpl(25551): com.google.android.callingshared.logging.consent.impl.LoggingConsentCheckerImpl.getConsent:72 timer stop with success, timer present: false
01-07 23:59:47.046 I/DialerLoggingConsentCheckerImpl(25551): com.google.android.callingshared.logging.consent.impl.LoggingConsentCheckerImpl.getConsent:72 timer stop with success, timer present: false
01-07 23:59:47.052 D/WM-GreedyScheduler(25551): Cancelling work ID dbf12753-82b0-4670-9e5a-2d4774252862
01-07 23:59:47.065 D/WM-SystemJobScheduler(25551): Scheduling work ID be78098c-442a-4182-a604-aff19d3e67abJob ID 2972
01-07 23:59:47.084 D/WM-GreedyScheduler(25551): Ignoring {WorkSpec: cc6c2b85-776a-4993-a456-56cd554168b8}. Requires device idle.
01-07 23:59:47.084 D/WM-GreedyScheduler(25551): Ignoring {WorkSpec: e55cd158-911d-4026-9512-a778876bda5c}. Requires device idle.
01-07 23:59:47.084 D/WM-GreedyScheduler(25551): Ignoring {WorkSpec: 28b59904-a0b1-4f43-8ac1-8506c89904d0}. Requires device idle.
01-07 23:59:47.085 D/WM-GreedyScheduler(25551): Ignoring {WorkSpec: 4e074c7a-a5e5-4840-b754-16d3aadf9e01}. Requires device idle.
01-07 23:59:47.085 D/WM-GreedyScheduler(25551): Ignoring {WorkSpec: e3374c8e-00ca-4e96-9e1f-4bc4c8aacab3}. Requires device idle.
01-07 23:59:47.085 D/WM-GreedyScheduler(25551): Ignoring {WorkSpec: c49bfc24-5087-4ba1-9431-e5949db85b82}. Requires device idle.
01-07 23:59:47.085 D/WM-GreedyScheduler(25551): Ignoring {WorkSpec: a7546e0a-27d4-4a3e-8b7b-bb9bf81a6131}. Requires device idle.
01-07 23:59:47.085 D/WM-GreedyScheduler(25551): Ignoring {WorkSpec: 19c758e8-1a16-4e0f-a0fb-b79546d6e0c9}. Requires device idle.
01-07 23:59:47.085 D/WM-GreedyScheduler(25551): Starting tracking for b942bf5e-b764-4081-93b7-912f514eed74,34407417-650b-4b05-a722-83cd3a0f3ee5
01-07 23:59:47.092 D/ConnectivityService( 1861): Returning UNBLOCKED NetworkInfo to uid=10290
01-07 23:59:47.279 W/id.apps.fitness(15454): Reducing the number of considered missed Gc histogram windows from 139 to 100
01-07 23:59:47.346 W/orbu.utils(11893): orbu proceed: 102, dfidHex: 0x28000102
01-07 23:59:47.346 W/orbu.utils(11893): enableNetworkHardBlock: 0, isTargetRuleGroup: 0
01-07 23:59:47.408 I/AiAiEcho( 5755): SmartspaceNotificationPredictor no parser can handle this notification or notification is invalid
01-07 23:59:47.419 D/SsBaseTemplateCard( 4292): No date view can be set up
01-07 23:59:47.419 I/SsBaseTemplateCard( 4292): setFormattedContentDescription: text=Rain and snow, iconDescription=Rain and snow, contentDescription=Rain and snow, Rain and snow
01-07 23:59:47.419 D/SsBaseTemplateCard( 4292): Passed-in item info is null
01-07 23:59:47.419 D/SsBaseTemplateCard( 4292): Passed-in item info is null
01-07 23:59:47.441 W/ActivityTaskManager( 1861): callingPackage for (uid=2000, pid=25658) has no WPC
01-07 23:59:47.441 V/WindowManager( 1861): DesktopModeLaunchParamsModifier: phase= 0 task=null activity=null desktop mode is not enabled, skipping
01-07 23:59:47.441 V/WindowManager( 1861): TaskLaunchParamsModifier:phase=0 task=null activity=null display-area-from-current-params=null display-area-from-default-fallback=DefaultTaskDisplayArea@25975029 display-id=0 task-display-area-windowing-mode=1 suggested-display-area=DefaultTaskDisplayArea@25975029
01-07 23:59:47.442 V/GrammaticalInflectionUtils( 1861): AttributionSource: android.content.AttributionSource@547ccc48 does not have READ_SYSTEM_GRAMMATICAL_GENDER permission.
01-07 23:59:47.442 V/WindowManager( 1861): DesktopModeLaunchParamsModifier: phase= 0 task=null activity=ActivityRecord{194140710 u0 com.quran.quranaudio.online/.SplashScreenActivity desktop mode is not enabled, skipping
01-07 23:59:47.443 V/WindowManager( 1861): TaskLaunchParamsModifier:phase=0 task=null activity=ActivityRecord{194140710 u0 com.quran.quranaudio.online/.SplashScreenActivity t-1} display-area-from-current-params=null display-area-from-default-fallback=DefaultTaskDisplayArea@25975029 display-id=0 task-display-area-windowing-mode=1 suggested-display-area=DefaultTaskDisplayArea@25975029
01-07 23:59:47.443 V/WindowManager( 1861): DesktopModeLaunchParamsModifier: phase= 3 task=null activity=ActivityRecord{194140710 u0 com.quran.quranaudio.online/.SplashScreenActivity t-1} desktop mode is not enabled, skipping
01-07 23:59:47.443 V/WindowManager( 1861): TaskLaunchParamsModifier:phase=3 task=null activity=ActivityRecord{194140710 u0 com.quran.quranaudio.online/.SplashScreenActivity t-1} display-area-from-current-params=null display-area-from-default-fallback=DefaultTaskDisplayArea@25975029 display-id=0 task-display-area-windowing-mode=1 suggested-display-area=DefaultTaskDisplayArea@25975029 non-freeform-task-display-area display-area=DefaultTaskDisplayArea@25975029 default-portrait freeform-size-mismatch=Rect(276, 696 - 805, 1776)
01-07 23:59:47.445 V/WindowManager( 1861): DesktopModeLaunchParamsModifier: phase= 3 task=Task{42c2667 #4968 type=standard A=10547:com.quran.quranaudio.online} activity=ActivityRecord{194140710 u0 com.quran.quranaudio.online/.SplashScreenActivity t-1} desktop mode is not enabled, skipping
01-07 23:59:47.445 V/WindowManager( 1861): TaskLaunchParamsModifier:phase=3 task=Task{42c2667 #4968 type=standard A=10547:com.quran.quranaudio.online} activity=ActivityRecord{194140710 u0 com.quran.quranaudio.online/.SplashScreenActivity t-1} display-from-task=0 display-id=0 task-display-area-windowing-mode=1 suggested-display-area=DefaultTaskDisplayArea@25975029 inherit-from-task=fullscreen non-freeform-task-display-area display-area=DefaultTaskDisplayArea@25975029 default-portrait freeform-size-mismatch=Rect(276, 696 - 805, 1776)
01-07 23:59:47.447 I/ActivityTaskManager( 1861): START u0 {flg=0x10000000 xflg=0x5 cmp=com.quran.quranaudio.online/.SplashScreenActivity} with LAUNCH_MULTIPLE from uid 2000 (com.android.shell) (BAL_ALLOW_PERMISSION) result code=0
01-07 23:59:47.448 V/WindowManagerShell( 4292): Transition requested (#3421): android.os.BinderProxy@23e6edc TransitionRequestInfo { type = OPEN, triggerTask = TaskInfo{userId=0 taskId=4968 effectiveUid=10547 displayId=0 isRunning=true baseIntent=Intent { flg=0x10000000 cmp=com.quran.quranaudio.online/.SplashScreenActivity } baseActivity=ComponentInfo{com.quran.quranaudio.online/com.quran.quranaudio.online.SplashScreenActivity} topActivity=ComponentInfo{com.quran.quranaudio.online/com.quran.quranaudio.online.SplashScreenActivity} origActivity=null realActivity=ComponentInfo{com.quran.quranaudio.online/com.quran.quranaudio.online.SplashScreenActivity} numActivities=1 lastActiveTime=794913445 supportsMultiWindow=true resizeMode=1 isResizeable=true minWidth=-1 minHeight=-1 defaultMinSize=220 token=WCT{android.os.BinderProxy@4846be5} topActivityType=1 pictureInPictureParams=null shouldDockBigOverlays=false launchIntoPipHostTaskId=-1 lastParentTaskIdBeforePip=-1 displayCutoutSafeInsets=Rect(0, 136 - 0, 0) topActivityInfo=ActivityInfo{d5fe6ba com.quran.quranaudio.online.SplashScreenActivity} launchCookies=[] positionInParent=Point(0, 0) parentTaskId=-1 isFocused=false isVisible=false isVisibleRequested=false isTopActivityNoDisplay=false isSleeping=false locusId=null displayAreaFeatureId=1 isTopActivityTransparent=false isActivityStackTransparent=false lastNonFullscreenBounds=Rect(276, 696 - 805, 1776) capturedLink=null capturedLinkTimestamp=0 requestedVisibleTypes=503 topActivityRequestOpenInBrowserEducationTimestamp=0 appCompatTaskInfo=AppCompatTaskInfo { topActivityInSizeCompat=false isLeafTask= true eligibleForLetterboxEducation= false isLetterboxEducationEnabled= false isLetterboxDoubleTapEnabled= false eligibleForUserAspectRatioButton= false topActivityBoundsLetterboxed= false isFromLetterboxDoubleTap= false topActivityLetterboxVerticalPosition= -1 topActivityLetterboxHorizontalPosition= -1 topActivityLetterboxWidth=-1 topActivityLetterboxHeight=-1 topActivityAppBounds=Rect(0, 0 - 1080, 2400) isUserFullscreenOverrideEnabled=false isSystemFullscreenOverrideEnabled=false hasMinAspectRatioOverride=false topActivityLetterboxBounds=null cameraCompatTaskInfo=CameraCompatTaskInfo { cameraCompatMode=undefinedundefined} topNonResizableActivityAspectRatio=-1.0} topActivityMainWindowFrame=null isAppBubble=false}, pipChange = null, remoteTransition = null, displayChange = null, requestedLocation = null, userChange = null, windowingLayerChange = null, flags = 0, debugId = 3421 }
01-07 23:59:47.448 D/ShellSplitScreen( 4292): logExit: no-op, mLoggerSessionId is null
01-07 23:59:47.448 D/BaseActivity( 4655): Launcher flags updated: [state_started|state_resumed|state_deferred_resumed|state_window_focused] -[state_user_active]
01-07 23:59:47.448 D/BaseActivity( 4655): Launcher flags updated: [state_started|state_window_focused] -[state_resumed|state_deferred_resumed]
01-07 23:59:47.448 W/SplitSelectStateCtor( 4655): Missing session instanceIds
01-07 23:59:47.448 D/StatsLog( 4655): LAUNCHER_SPLIT_SELECTION_EXIT_INTERRUPTED
01-07 23:59:47.449 D/WindowManagerShell( 4292): setLauncherKeepClearAreaHeight: visible=false, height=495
01-07 23:59:47.449 I/AppsFilter( 1861): interaction: PackageSetting{f1db8da com.funnyhaircut.fartprank/10542} -> PackageSetting{6b9f2b2 com.quran.quranaudio.online/10547} BLOCKED
01-07 23:59:47.449 I/AppsFilter( 1861): interaction: PackageSetting{6340be8 com.google.android.microdroid.empty_payload/10270} -> PackageSetting{6b9f2b2 com.quran.quranaudio.online/10547} BLOCKED
01-07 23:59:47.449 I/AppsFilter( 1861): interaction: PackageSetting{d39f201 com.hawk.pulseradio.policescanner/10399} -> PackageSetting{6b9f2b2 com.quran.quranaudio.online/10547} BLOCKED
01-07 23:59:47.450 I/AppsFilter( 1861): interaction: PackageSetting{72e88a6 com.easefootball.livescore/10541} -> PackageSetting{6b9f2b2 com.quran.quranaudio.online/10547} BLOCKED
01-07 23:59:47.451 V/WindowManager( 1861): Defer transition id=3421 for TaskFragmentTransaction=android.os.Binder@ccac203
01-07 23:59:47.451 V/WindowManager( 1861): deferTransitionReady deferReadyDepth=1 stack=com.android.server.wm.TransitionController.deferTransitionReady:1061 com.android.server.wm.TaskFragmentOrganizerController$TaskFragmentOrganizerState.dispatchTransaction:517 com.android.server.wm.TaskFragmentOrganizerController.dispatchPendingEvents:1259 com.android.server.wm.TaskFragmentOrganizerController.dispatchPendingEvents:1228 com.android.server.wm.RootWindowContainer.performSurfacePlacement:777 
01-07 23:59:47.451 D/RecentsView( 4655): onTaskDisplayChanged: 4968, new displayId = 0
01-07 23:59:47.452 V/GrammaticalInflectionUtils( 1861): AttributionSource: android.content.AttributionSource@547ccc48 does not have READ_SYSTEM_GRAMMATICAL_GENDER permission.
01-07 23:59:47.453 V/WindowManager( 1861): Continue transition id=3421 for TaskFragmentTransaction=android.os.Binder@ccac203
01-07 23:59:47.453 D/CompatChangeReporter( 1861): Compat change id reported: 309578419; UID 10547; state: ENABLED
01-07 23:59:47.453 V/WindowManager( 1861): continueTransitionReady deferReadyDepth=0 stack=com.android.server.wm.TransitionController.continueTransitionReady:1071 com.android.server.wm.TaskFragmentOrganizerController$TaskFragmentOrganizerState.onTransactionFinished:546 com.android.server.wm.TaskFragmentOrganizerController.onTransactionHandled:740 android.window.ITaskFragmentOrganizerController$Stub.onTransact:225 android.os.Binder.execTransactInternal:1473 
01-07 23:59:47.455 I/libbinder.BpBinder(  742): onLastStrongRef automatically unlinking death recipients for descriptor: '(not cached)'
01-07 23:59:47.455 D/b/417220811( 4655): invalidateLoadedTasks - previous requestLoadId: -1
01-07 23:59:47.455 D/b/417220811( 4655): invalidateLoadedTasks - previous requestLoadId: -1
01-07 23:59:47.457 D/BackgroundInstallControlService( 1861): Package event received: 0
01-07 23:59:47.464 D/Zygote  ( 1324): Forked child process 25662
01-07 23:59:47.465 I/ActivityManager( 1861): Start proc 25662:com.quran.quranaudio.online/u0a547 for next-top-activity {com.quran.quranaudio.online/com.quran.quranaudio.online.SplashScreenActivity}
01-07 23:59:47.468 W/zygote64(25662): Activation of cgroup controller +memory failed in path /sys/fs/cgroup/apps/uid_10547: Invalid argument
01-07 23:59:47.472 I/Zygote  (25662): Process 25662 created for com.quran.quranaudio.online
01-07 23:59:47.473 I/ranaudio.online(25662): Late-enabling -Xcheck:jni
01-07 23:59:47.478 D/BaseActivity( 4655): Launcher flags updated: [state_started] -[state_window_focused]
01-07 23:59:47.478 D/WindowOnBackDispatcher( 4292): setTopOnBackInvokedCallback (unwrapped): android.view.ViewRootImpl$$ExternalSyntheticLambda12@3a15d09
01-07 23:59:47.480 D/CoreBackPreview( 1861): Window{7e25f2d u0 Splash Screen com.quran.quranaudio.online}: Setting back callback OnBackInvokedCallbackInfo{mCallback=android.window.IOnBackInvokedCallback$Stub$Proxy@d51fa4f, mPriority=0, mIsAnimationCallback=false, mOverrideBehavior=0}
01-07 23:59:47.488 V/WindowManager( 1861): Sent Transition (#3421) createdAt=01-07 23:59:47.442 via request=TransitionRequestInfo { type = OPEN, triggerTask = TaskInfo{userId=0 taskId=4968 effectiveUid=10547 displayId=0 isRunning=true baseIntent=Intent { flg=0x10000000 cmp=com.quran.quranaudio.online/.SplashScreenActivity } baseActivity=ComponentInfo{com.quran.quranaudio.online/com.quran.quranaudio.online.SplashScreenActivity} topActivity=ComponentInfo{com.quran.quranaudio.online/com.quran.quranaudio.online.SplashScreenActivity} origActivity=null realActivity=ComponentInfo{com.quran.quranaudio.online/com.quran.quranaudio.online.SplashScreenActivity} numActivities=1 lastActiveTime=794913445 supportsMultiWindow=true resizeMode=1 isResizeable=true minWidth=-1 minHeight=-1 defaultMinSize=220 token=WCT{RemoteToken{94873c8 Task{42c2667 #4968 type=standard A=10547:com.quran.quranaudio.online}}} topActivityType=1 pictureInPictureParams=null shouldDockBigOverlays=false launchIntoPipHostTaskId=-1 lastParentTaskIdBeforePip=-1 displayCutoutSafeInsets=Rect(0, 136 - 0, 0) topActivityInfo=ActivityInfo{bd06c61 com.quran.quranaudio.online.SplashScreenActivity} launchCookies=[] positionInParent=Point(0, 0) parentTaskId=-1 isFocused=false isVisible=false isVisibleRequested=false isTopActivityNoDisplay=false isSleeping=false locusId=null displayAreaFeatureId=1 isTopActivityTransparent=false isActivityStackTransparent=false lastNonFullscreenBounds=Rect(276, 696 - 805, 1776) capturedLink=null capturedLinkTimestamp=0 requestedVisibleTypes=503 topActivityRequestOpenInBrowserEducationTimestamp=0 appCompatTaskInfo=AppCompatTaskInfo { topActivityInSizeCompat=false isLeafTask= true eligibleForLetterboxEducation= false isLetterboxEducationEnabled= false isLetterboxDoubleTapEnabled= false eligibleForUserAspectRatioButton= false topActivityBoundsLetterboxed= false isFromLetterboxDoubleTap= false topActivityLetterboxVerticalPosition= -1 topActivityLetterboxHorizontalPosition= -1 topActivityLetterboxWidth=-1 topActivityLetterboxHeight=-1 topActivityAppBounds=Rect(0, 0 - 1080, 2400) isUserFullscreenOverrideEnabled=false isSystemFullscreenOverrideEnabled=false hasMinAspectRatioOverride=false topActivityLetterboxBounds=null cameraCompatTaskInfo=CameraCompatTaskInfo { cameraCompatMode=undefinedundefined} topNonResizableActivityAspectRatio=-1.0} topActivityMainWindowFrame=null isAppBubble=false}, pipChange = null, remoteTransition = null, displayChange = null, requestedLocation = null, userChange = null, windowingLayerChange = null, flags = 0, debugId = 3421 }
01-07 23:59:47.489 V/WindowManager( 1861):     startWCT=WindowContainerTransaction { changes= {} hops= [] errorCallbackToken=null taskFragmentOrganizer=null }
01-07 23:59:47.489 V/WindowManager( 1861):     info={id=3421 t=OPEN f=0x0 trk=0 r=[0@Point(0, 0)] c=[
01-07 23:59:47.489 V/WindowManager( 1861):         {WCT{RemoteToken{94873c8 Task{42c2667 #4968 type=standard A=10547:com.quran.quranaudio.online}}} m=OPEN f=NONE leash=Surface(name=Task=4968#36432)/@0xe45d5dc sb=Rect(0, 0 - 1080, 2400) eb=Rect(0, 0 - 1080, 2400) epz=Point(1080, 2400) d=0 taskParent=-1 winMode=1 userId=0},
01-07 23:59:47.489 V/WindowManager( 1861):         {WCT{RemoteToken{4223582 Task{8c1952e #1 type=home}}} m=TO_BACK f=SHOW_WALLPAPER leash=Surface(name=Task=1#44)/@0x82fa1ef sb=Rect(0, 0 - 1080, 2400) eb=Rect(0, 0 - 1080, 2400) epz=Point(1080, 2400) d=0 taskParent=-1 winMode=1 userId=0},
01-07 23:59:47.489 V/WindowManager( 1861):         {m=TO_BACK f=IS_WALLPAPER leash=Surface(name=WallpaperWindowToken{c9fe1ab}#55)/@0x618c82 sb=Rect(0, 0 - 1080, 2400) eb=Rect(0, 0 - 1080, 2400) epz=Point(1080, 2400) d=0}
01-07 23:59:47.489 V/WindowManager( 1861):     ]}
01-07 23:59:47.490 V/ShellTaskOrganizer( 4292): Task appeared taskId=4968 listener=FullscreenTaskListener
01-07 23:59:47.490 V/ShellTaskOrganizer( 4292): Fullscreen Task Appeared: #4968
01-07 23:59:47.490 V/WindowManagerShell( 4292): onTransitionReady(transaction=7992934767000)
01-07 23:59:47.491 V/WindowManagerShell( 4292): onTransitionReady (#3421) android.os.BinderProxy@23e6edc: {id=3421 t=OPEN f=0x0 trk=0 r=[0@Point(0, 0)] c=[
01-07 23:59:47.491 V/WindowManagerShell( 4292):         {m=OPEN f=NONE leash=Surface(name=Task=4968#36432)/@0x7db1f28 sb=Rect(0, 0 - 1080, 2400) eb=Rect(0, 0 - 1080, 2400) epz=Point(1080, 2400) d=0 taskParent=-1 winMode=1 userId=0},
01-07 23:59:47.491 V/WindowManagerShell( 4292):         {m=TO_BACK f=SHOW_WALLPAPER leash=Surface(name=Task=1#44)/@0xcbaa441 sb=Rect(0, 0 - 1080, 2400) eb=Rect(0, 0 - 1080, 2400) epz=Point(1080, 2400) d=0 taskParent=-1 winMode=1 userId=0},
01-07 23:59:47.491 V/WindowManagerShell( 4292):         {m=TO_BACK f=IS_WALLPAPER leash=Surface(name=WallpaperWindowToken{c9fe1ab}#55)/@0x4c9ede6 sb=Rect(0, 0 - 1080, 2400) eb=Rect(0, 0 - 1080, 2400) epz=Point(1080, 2400) d=0}
01-07 23:59:47.491 V/WindowManagerShell( 4292):     ]}
01-07 23:59:47.491 V/WindowManagerShell( 4292): Playing animation for (#3421) android.os.BinderProxy@23e6edc@0
01-07 23:59:47.491 V/ShellRecents( 4292): RecentsTransitionHandler.startAnimation: no controller found
01-07 23:59:47.491 V/WindowManagerShell( 4292): Transition doesn't have explicit remote, search filters for match for {id=3421 t=OPEN f=0x0 trk=0 r=[0@Point(0, 0)] c=[{m=OPEN f=NONE leash=Surface(name=Task=4968#36432)/@0x7db1f28 sb=Rect(0, 0 - 1080, 2400) eb=Rect(0, 0 - 1080, 2400) epz=Point(1080, 2400) d=0 taskParent=-1 winMode=1 userId=0},{m=TO_BACK f=SHOW_WALLPAPER leash=Surface(name=Task=1#44)/@0xcbaa441 sb=Rect(0, 0 - 1080, 2400) eb=Rect(0, 0 - 1080, 2400) epz=Point(1080, 2400) d=0 taskParent=-1 winMode=1 userId=0},{m=TO_BACK f=IS_WALLPAPER leash=Surface(name=WallpaperWindowToken{c9fe1ab}#55)/@0x4c9ede6 sb=Rect(0, 0 - 1080, 2400) eb=Rect(0, 0 - 1080, 2400) epz=Point(1080, 2400) d=0}]}
01-07 23:59:47.491 V/WindowManagerShell( 4292):  Checking filter Pair{{types=[] flags=0x0] notFlags=0x0 checks=[{atype=undefined independent=true modes=[CLOSE,TO_BACK] flags=IN_TASK_WITH_EMBEDDED_ACTIVITY mustBeTask=false order=ANY topActivity=null launchCookie=null taskFragmentToken=android.os.BinderProxy@5fb9cbf windowingMode=undefined isCrossDisplayMove=false}]} RemoteTransition { remoteTransition = android.window.IRemoteTransition$Stub$Proxy@9e1f8c, appThread = android.app.IApplicationThread$Stub$Proxy@33846d5, debugName = overlayBackTransition }}
01-07 23:59:47.491 V/WindowManagerShell( 4292):  Checking filter Pair{{types=[] flags=0x0] notFlags=0x0 checks=[{atype=dream independent=true modes=[OPEN,TO_FRONT] flags=NONE mustBeTask=false order=ANY topActivity=null launchCookie=null windowingMode=undefined isCrossDisplayMove=false},{atype=home independent=true modes=[CLOSE,TO_BACK] flags=NONE mustBeTask=false order=ANY topActivity=null launchCookie=null windowingMode=undefined isCrossDisplayMove=false}]} RemoteTransition { remoteTransition = android.window.IRemoteTransition$Stub$Proxy@2493eea, appThread = android.app.IApplicationThread$Stub$Proxy@d5745db, debugName = LauncherToDream }}
01-07 23:59:47.491 V/WindowManagerShell( 4292):  Checking filter Pair{{types=[] flags=0x0] notFlags=0x100 checks=[{atype=home independent=true modes=[OPEN,TO_FRONT] flags=NONE mustBeTask=false order=TOP topActivity=ComponentInfo{com.google.android.apps.nexuslauncher/com.google.android.apps.nexuslauncher.NexusLauncherActivity} launchCookie=null windowingMode=undefined isCrossDisplayMove=false},{atype=standard independent=true modes=[CLOSE,TO_BACK] flags=NONE mustBeTask=false order=ANY topActivity=null launchCookie=null windowingMode=undefined isCrossDisplayMove=false},{NOT atype=undefined independent=true modes=[] flags=NONE mustBeTask=true order=ANY topActivity=null launchCookie=null customAnim=true windowingMode=undefined isCrossDisplayMove=false}]} RemoteTransition { remoteTransition = android.window.IRemoteTransition$Stub$Proxy@7d3a878, appThread = android.app.IApplicationThread$Stub$Proxy@7437b51, debugName = QuickstepLaunchHome }}
01-07 23:59:47.491 V/WindowManagerShell( 4292):  Delegate animation for (#3421) to null
01-07 23:59:47.491 V/WindowManagerShell( 4292): start default transition animation, info = {id=3421 t=OPEN f=0x0 trk=0 r=[0@Point(0, 0)] c=[{m=OPEN f=NONE leash=Surface(name=Task=4968#36432)/@0x7db1f28 sb=Rect(0, 0 - 1080, 2400) eb=Rect(0, 0 - 1080, 2400) epz=Point(1080, 2400) d=0 taskParent=-1 winMode=1 userId=0},{m=TO_BACK f=SHOW_WALLPAPER leash=Surface(name=Task=1#44)/@0xcbaa441 sb=Rect(0, 0 - 1080, 2400) eb=Rect(0, 0 - 1080, 2400) epz=Point(1080, 2400) d=0 taskParent=-1 winMode=1 userId=0},{m=TO_BACK f=IS_WALLPAPER leash=Surface(name=WallpaperWindowToken{c9fe1ab}#55)/@0x4c9ede6 sb=Rect(0, 0 - 1080, 2400) eb=Rect(0, 0 - 1080, 2400) epz=Point(1080, 2400) d=0}]}
01-07 23:59:47.492 V/WindowManagerShell( 4292): loadAnimation: anim=android.view.animation.AnimationSet@c370272 animAttr=0x13 type=OPEN isEntrance=false
01-07 23:59:47.493 V/WindowManagerShell( 4292): loadAnimation: anim=android.view.animation.AnimationSet@15e9a79 animAttr=0x12 type=OPEN isEntrance=true
01-07 23:59:47.493 V/WindowManagerShell( 4292):  animated by com.android.wm.shell.transition.DefaultTransitionHandler@bf1561c
01-07 23:59:47.494 I/ranaudio.online(25662): Using CollectorTypeCMC GC.
01-07 23:59:47.497 I/adbd    (25552): jdwp connection from 25662
01-07 23:59:47.500 D/b/417220811( 4655): invalidateLoadedTasks - previous requestLoadId: -1
01-07 23:59:47.501 D/nativeloader(25662): Load libframework-connectivity-tiramisu-jni.so using APEX ns com_android_tethering for caller /apex/com.android.tethering/javalib/framework-connectivity-t.jar: ok
01-07 23:59:47.508 D/BackgroundInstallControlService( 1861): Package event received: 0
01-07 23:59:47.521 D/ApplicationLoaders(25662): Returning zygote-cached class loader: /system/framework/org.apache.http.legacy.jar
01-07 23:59:47.521 D/ApplicationLoaders(25662): Returning zygote-cached class loader: /system_ext/framework/androidx.window.extensions.jar
01-07 23:59:47.521 D/ApplicationLoaders(25662): Returning zygote-cached class loader: /system_ext/framework/androidx.window.sidecar.jar
01-07 23:59:47.550 D/b/417220811( 4655): invalidateLoadedTasks - previous requestLoadId: -1
01-07 23:59:47.639 D/DLObserver( 4292): onReceive(); android.intent.action.BATTERY_CHANGED
01-07 23:59:47.639 D/DLObserver( 4292): plugged=2
01-07 23:59:47.639 I/ReverseChargingControl( 4292): handleIntentForReverseCharging(): rtx=0 wlc=0 plgac=0 ac=0 acrtx=0 extra=2 this=com.google.android.systemui.reversecharging.ReverseChargingController@d22155e
01-07 23:59:47.639 D/SystemEventDataSource( 4292): onReceive: intentAction
01-07 23:59:47.639 D/PowerNotificationWarningsGoogleImpl( 4292): onReceive: android.intent.action.BATTERY_CHANGED
01-07 23:59:47.639 D/PulsarController( 4292): dispatchIntent: android.intent.action.BATTERY_CHANGED
01-07 23:59:47.639 D/IncompatibleChargerNotification( 4292): dispatchIntent: android.intent.action.BATTERY_CHANGED
01-07 23:59:47.640 D/KeyguardIndicationGoogle( 4292): isChargeLimitEnabled= false, user= 0
01-07 23:59:47.640 D/PowerUI ( 4292): can't show warning due to - plugged: true status unknown: false
01-07 23:59:47.641 D/GoogleBatteryDataSource( 4292): fetchDwellDefendStatus: CONNECTED
01-07 23:59:47.641 D/GoogleBatteryDataSource( 4292): fetchTempDefendStatus: t_sum=0, time_sum=0 t_avg=0 lst_v=0 lst_t=0 lst_u=0, dt=611358, t=0 e=1
01-07 23:59:47.641 D/SystemEventDataSource( 4292): updatedEventData: SystemEventData(intentAction=android.intent.action.BATTERY_CHANGED, plugged=EventData(value=2), batteryScale=EventData(value=100), batteryLevel=EventData(value=65), chargingStatus=EventData(value=1), maxChargingCurrent=EventData(value=500000), maxChargingVoltage=EventData(value=5000000), batteryStatus=EventData(value=4), halEventData=HalEventData(dockDefendStatus=EventData(value=-3), tempDefendEventData=EventData(value=false), dwellDefendEventData=EventData(value=false)), settingsEventData=SettingsEventData(dockDefenderBypass=EventData(value=0), chargingLimitSettings=EventData(value=0), dndState=EventData(value=false), airplaneState=EventData(value=false)), frameworkApiEventData=FrameworkApiEventData(batterySaverState=EventData(value=false), extremeBatterySaverState=EventData(value=false)))
01-07 23:59:47.641 D/ChargingLimitEventModule( 4292): validate()=false, chargingStatus=1
01-07 23:59:47.641 D/DwellDefendBatteryModule( 4292): validate: false -> false
01-07 23:59:47.641 D/TempDefendBatteryModule( 4292): validate: false -> false
01-07 23:59:47.787 V/WindowManagerShell( 4292): Transition animation finished (aborted=false), notifying core (#3421) android.os.BinderProxy@23e6edc@0
01-07 23:59:47.789 V/WindowManager( 1861): Finish Transition (#3421): created at 01-07 23:59:47.442 collect-started=0.047ms request-sent=4.698ms started=5.574ms ready=43.718ms sent=44.636ms commit=7.861ms finished=346.545ms
01-07 23:59:47.789 D/WallpaperService( 4292): onVisibilityChanged(false): com.android.systemui.wallpapers.ImageWallpaper$CanvasEngine@8a1dc9b
01-07 23:59:47.789 D/VRI[NexusLauncherActivity]( 4655): visibilityChanged oldVisibility=true newVisibility=false
01-07 23:59:47.790 V/WindowManagerShell( 4292): Track 0 became idle
01-07 23:59:47.790 V/WindowManagerShell( 4292): All active transition animations finished
01-07 23:59:47.793 D/Bubbles ( 4292): onLocusVisibilityChanged=Overview|DISABLED visible=false taskId=1
01-07 23:59:47.798 D/NexusLauncherModelDelegate( 4655): notifySmartspaceEvent: SmartspaceTargetEvent{mSmartspaceTarget=null, mSmartspaceActionId='null', mEventType=7}
01-07 23:59:47.799 I/AiAiEcho( 5755): (REDACTED) %s No tracked ambient data found for ID: %s; for event type: %d, skipping event processing.
01-07 23:59:47.975 D/nativeloader(25662): Configuring clns-9 for other apk /data/app/~~hdbuVMpZGtin5LHAvni4ag==/com.quran.quranaudio.online-KPH8CIMyhFU6veuKU6wsKg==/base.apk. target_sdk_version=35, uses_libraries=, library_path=/data/app/~~hdbuVMpZGtin5LHAvni4ag==/com.quran.quranaudio.online-KPH8CIMyhFU6veuKU6wsKg==/lib/arm64, permitted_path=/data:/mnt/expand:/data/user/0/com.quran.quranaudio.online
01-07 23:59:47.977 D/CompatChangeReporter(25662): Compat change id reported: 202956589; UID 10547; state: ENABLED
01-07 23:59:47.979 W/libbinder.Binder(11893): Binder transaction to android.accounts.IAccountAuthenticator code 3 took 1500ms. Data bytes: 492 Reply bytes: 0 Flags: 17
01-07 23:59:47.982 D/BackgroundInstallControlService( 1861): Package event received: 0
01-07 23:59:47.982 D/BackgroundInstallControlService( 1861): Package event received: 0
01-07 23:59:47.982 D/BackgroundInstallControlService( 1861): Package event received: 0
01-07 23:59:47.983 D/BackgroundInstallControlService( 1861): Package event received: 0
01-07 23:59:47.983 V/GraphicsEnvironment(25662): Currently set values for:
01-07 23:59:47.983 V/GraphicsEnvironment(25662):   angle_gl_driver_selection_pkgs=[com.android.angle, com.google.android.apps.tachyon]
01-07 23:59:47.983 V/GraphicsEnvironment(25662):   angle_gl_driver_selection_values=[angle, native]
01-07 23:59:47.984 V/GraphicsEnvironment(25662): com.quran.quranaudio.online is not listed in per-application setting
01-07 23:59:47.984 V/GraphicsEnvironment(25662): ANGLE allowlist from config: 
01-07 23:59:47.984 V/GraphicsEnvironment(25662): No special selections for ANGLE, returning default driver choice
01-07 23:59:47.984 V/GraphicsEnvironment(25662): Neither updatable production driver nor prerelease driver is supported.
01-07 23:59:47.986 I/eggo    (31367): (REDACTED) appOpsListener %s %s
01-07 23:59:47.986 I/eggo    (31367): (REDACTED) Ignoring irrelevant audio permission changes for package %s
01-07 23:59:47.986 I/eggo    (31367): (REDACTED) appOpsListener %s %s
01-07 23:59:47.986 I/eggo    (31367): (REDACTED) Ignoring irrelevant audio permission changes for package %s
01-07 23:59:48.007 I/MultiDex(25662): VM with version 2.1.0 has multidex support
01-07 23:59:48.007 I/MultiDex(25662): Installing application
01-07 23:59:48.007 I/MultiDex(25662): VM has multidex support, MultiDex support library is disabled.
01-07 23:59:48.009 I/CustomActivityOnCrash(25662): CustomActivityOnCrash has been installed.
01-07 23:59:48.017 D/ApplicationLoaders(25662): Returning zygote-cached class loader: /system/framework/org.apache.http.legacy.jar
01-07 23:59:48.017 D/ApplicationLoaders(25662): Returning zygote-cached class loader: /system/framework/com.android.media.remotedisplay.jar
01-07 23:59:48.017 D/ApplicationLoaders(25662): Returning zygote-cached class loader: /system/framework/com.android.location.provider.jar
01-07 23:59:48.017 D/ApplicationLoaders(25662): Returning zygote-cached class loader: /system_ext/framework/androidx.window.extensions.jar
01-07 23:59:48.017 D/ApplicationLoaders(25662): Returning zygote-cached class loader: /system_ext/framework/androidx.window.sidecar.jar
01-07 23:59:48.019 W/ranaudio.online(25662): Loading /data/app/~~s_B59Kc2JiWGMvA0q4rxAA==/com.google.android.gms-nroD68xaadQNuiKueTkIdQ==/oat/arm64/base.odex non-executable as it requires an image which we failed to load
01-07 23:59:48.021 D/nativeloader(25662): Configuring clns-10 for other apk /data/app/~~s_B59Kc2JiWGMvA0q4rxAA==/com.google.android.gms-nroD68xaadQNuiKueTkIdQ==/base.apk. target_sdk_version=36, uses_libraries=, library_path=/data/app/~~s_B59Kc2JiWGMvA0q4rxAA==/com.google.android.gms-nroD68xaadQNuiKueTkIdQ==/lib/arm64:/data/app/~~s_B59Kc2JiWGMvA0q4rxAA==/com.google.android.gms-nroD68xaadQNuiKueTkIdQ==/base.apk!/lib/arm64-v8a, permitted_path=/data:/mnt/expand:/data/user/0/com.google.android.gms
01-07 23:59:48.025 D/SessionsDependencies(25662): Dependency to CRASHLYTICS added.
01-07 23:59:48.031 I/FirebaseApp(25662): Device unlocked: initializing all Firebase APIs for app [DEFAULT]
01-07 23:59:48.081 E/gcblocker(11893): too long GC blocking: 5
01-07 23:59:48.081 E/gcblocker(11893): gc block end, 442135112,101
01-07 23:59:48.098 I/FirebaseCrashlytics(25662): Initializing Firebase Crashlytics 18.6.0 for com.quran.quranaudio.online
01-07 23:59:48.098 W/ranaudio.online(25662): ClassLoaderContext classpath size mismatch. expected=1, found=0 (DLC[];PCL[base.apk*940910263]{PCL[/system/framework/org.apache.http.legacy.jar*3808638674]#PCL[/system/framework/com.android.media.remotedisplay.jar*1838754544]#PCL[/system/framework/com.android.location.provider.jar*1880069816]#PCL[/system_ext/framework/androidx.window.extensions.jar*27366443]#PCL[/system_ext/framework/androidx.window.sidecar.jar*3917221785]} | DLC[];PCL[])
01-07 23:59:48.099 E/ashmem  (25662): Pinning is deprecated since Android Q. Please use trim or other methods.
01-07 23:59:48.100 I/DynamiteModule(25662): Considering local module com.google.android.gms.measurement.dynamite:97 and remote module com.google.android.gms.measurement.dynamite:172
01-07 23:59:48.100 I/DynamiteModule(25662): Selected remote version of com.google.android.gms.measurement.dynamite, version >= 172
01-07 23:59:48.100 V/DynamiteModule(25662): Dynamite loader version >= 2, using loadModule2NoCrashUtils
01-07 23:59:48.103 I/DynamiteModule(25662): Considering local module com.google.android.gms.ads.dynamite:0 and remote module com.google.android.gms.ads.dynamite:254380203
01-07 23:59:48.104 I/DynamiteModule(25662): Selected remote version of com.google.android.gms.ads.dynamite, version >= 254380203
01-07 23:59:48.104 V/DynamiteModule(25662): Dynamite loader version >= 2, using loadModule2NoCrashUtils
01-07 23:59:48.105 D/CompatChangeReporter(25662): Compat change id reported: 311402873; UID 10547; state: ENABLED
01-07 23:59:48.105 D/CompatChangeReporter(25662): Compat change id reported: 323349338; UID 10547; state: ENABLED
01-07 23:59:48.105 D/CompatChangeReporter( 1861): Compat change id reported: 311402873; UID 10547; state: ENABLED
01-07 23:59:48.105 D/CompatChangeReporter( 1861): Compat change id reported: 323349338; UID 10547; state: ENABLED
01-07 23:59:48.105 D/SessionsDependencies(25662): Subscriber CRASHLYTICS registered.
01-07 23:59:48.107 W/System  (25662): ClassLoader referenced unknown path: 
01-07 23:59:48.107 D/nativeloader(25662): Configuring clns-11 for other apk . target_sdk_version=36, uses_libraries=, library_path=/data/app/~~s_B59Kc2JiWGMvA0q4rxAA==/com.google.android.gms-nroD68xaadQNuiKueTkIdQ==/lib/arm64:/data/app/~~s_B59Kc2JiWGMvA0q4rxAA==/com.google.android.gms-nroD68xaadQNuiKueTkIdQ==/base.apk!/lib/arm64-v8a, permitted_path=/data:/mnt/expand:/data/user/0/com.google.android.gms
01-07 23:59:48.111 W/ranaudio.online(25662): ClassLoaderContext classpath element checksum mismatch. expected=940910263, found=3674621225 (DLC[];PCL[base.apk*940910263]{PCL[/system/framework/org.apache.http.legacy.jar*3808638674]#PCL[/system/framework/com.android.media.remotedisplay.jar*1838754544]#PCL[/system/framework/com.android.location.provider.jar*1880069816]#PCL[/system_ext/framework/androidx.window.extensions.jar*27366443]#PCL[/system_ext/framework/androidx.window.sidecar.jar*3917221785]} | DLC[];PCL[/data/app/~~hdbuVMpZGtin5LHAvni4ag==/com.quran.quranaudio.online-KPH8CIMyhFU6veuKU6wsKg==/base.apk*3674621225]{PCL[/system/framework/org.apache.http.legacy.jar*3808638674]#PCL[/system_ext/framework/androidx.window.extensions.jar*27366443]#PCL[/system_ext/framework/androidx.window.sidecar.jar*3917221785]})
01-07 23:59:48.114 D/DesktopExperienceFlags(25662): Toggle override initialized to: false
--------- beginning of crash
01-07 23:59:48.122 E/AndroidRuntime(25662): FATAL EXCEPTION: Firebase Blocking Thread #0
01-07 23:59:48.122 E/AndroidRuntime(25662): Process: com.quran.quranaudio.online, PID: 25662
01-07 23:59:48.122 E/AndroidRuntime(25662): java.lang.NoSuchMethodError: No static method checkNotGoogleApiHandlerThread()V in class Lcom/google/android/gms/common/internal/Preconditions; or its super classes (declaration of 'com.google.android.gms.common.internal.Preconditions' appears in /data/app/~~hdbuVMpZGtin5LHAvni4ag==/com.quran.quranaudio.online-KPH8CIMyhFU6veuKU6wsKg==/base.apk!classes30.dex)
01-07 23:59:48.122 E/AndroidRuntime(25662): 	at com.google.android.gms.tasks.Tasks.await(com.google.android.gms:play-services-tasks@@18.1.0:2)
01-07 23:59:48.122 E/AndroidRuntime(25662): 	at com.google.firebase.installations.remote.FirebaseInstallationServiceClient.openHttpURLConnection(FirebaseInstallationServiceClient.java:487)
01-07 23:59:48.122 E/AndroidRuntime(25662): 	at com.google.firebase.installations.remote.FirebaseInstallationServiceClient.createFirebaseInstallation(FirebaseInstallationServiceClient.java:163)
01-07 23:59:48.122 E/AndroidRuntime(25662): 	at com.google.firebase.installations.FirebaseInstallations.registerFidWithServer(FirebaseInstallations.java:533)
01-07 23:59:48.122 E/AndroidRuntime(25662): 	at com.google.firebase.installations.FirebaseInstallations.doNetworkCallIfNecessary(FirebaseInstallations.java:387)
01-07 23:59:48.122 E/AndroidRuntime(25662): 	at com.google.firebase.installations.FirebaseInstallations.lambda$doRegistrationOrRefresh$3$com-google-firebase-installations-FirebaseInstallations(FirebaseInstallations.java:372)
01-07 23:59:48.122 E/AndroidRuntime(25662): 	at com.google.firebase.installations.FirebaseInstallations$$ExternalSyntheticLambda1.run(D8$$SyntheticClass:0)
01-07 23:59:48.122 E/AndroidRuntime(25662): 	at com.google.firebase.concurrent.SequentialExecutor$1.run(SequentialExecutor.java:117)
01-07 23:59:48.122 E/AndroidRuntime(25662): 	at com.google.firebase.concurrent.SequentialExecutor$QueueWorker.workOnQueue(SequentialExecutor.java:229)
01-07 23:59:48.122 E/AndroidRuntime(25662): 	at com.google.firebase.concurrent.SequentialExecutor$QueueWorker.run(SequentialExecutor.java:174)
01-07 23:59:48.122 E/AndroidRuntime(25662): 	at java.util.concurrent.ThreadPoolExecutor.runWorker(ThreadPoolExecutor.java:1154)
01-07 23:59:48.122 E/AndroidRuntime(25662): 	at java.util.concurrent.ThreadPoolExecutor$Worker.run(ThreadPoolExecutor.java:652)
01-07 23:59:48.122 E/AndroidRuntime(25662): 	at com.google.firebase.concurrent.CustomThreadFactory.lambda$newThread$0$com-google-firebase-concurrent-CustomThreadFactory(CustomThreadFactory.java:47)
01-07 23:59:48.122 E/AndroidRuntime(25662): 	at com.google.firebase.concurrent.CustomThreadFactory$$ExternalSyntheticLambda0.run(D8$$SyntheticClass:0)
01-07 23:59:48.122 E/AndroidRuntime(25662): 	at java.lang.Thread.run(Thread.java:1563)
01-07 23:59:48.122 D/CompatChangeReporter(25662): Compat change id reported: 312399441; UID 10547; state: ENABLED
01-07 23:59:48.127 E/AndroidRuntime(25662): FATAL EXCEPTION: Firebase Blocking Thread #2
01-07 23:59:48.127 E/AndroidRuntime(25662): Process: com.quran.quranaudio.online, PID: 25662
01-07 23:59:48.127 E/AndroidRuntime(25662): java.lang.NoSuchMethodError: No static method checkNotGoogleApiHandlerThread()V in class Lcom/google/android/gms/common/internal/Preconditions; or its super classes (declaration of 'com.google.android.gms.common.internal.Preconditions' appears in /data/app/~~hdbuVMpZGtin5LHAvni4ag==/com.quran.quranaudio.online-KPH8CIMyhFU6veuKU6wsKg==/base.apk!classes30.dex)
01-07 23:59:48.127 E/AndroidRuntime(25662): 	at com.google.android.gms.tasks.Tasks.await(com.google.android.gms:play-services-tasks@@18.1.0:2)
01-07 23:59:48.127 E/AndroidRuntime(25662): 	at com.google.firebase.installations.remote.FirebaseInstallationServiceClient.openHttpURLConnection(FirebaseInstallationServiceClient.java:487)
01-07 23:59:48.127 E/AndroidRuntime(25662): 	at com.google.firebase.installations.remote.FirebaseInstallationServiceClient.createFirebaseInstallation(FirebaseInstallationServiceClient.java:163)
01-07 23:59:48.127 E/AndroidRuntime(25662): 	at com.google.firebase.installations.FirebaseInstallations.registerFidWithServer(FirebaseInstallations.java:533)
01-07 23:59:48.127 E/AndroidRuntime(25662): 	at com.google.firebase.installations.FirebaseInstallations.doNetworkCallIfNecessary(FirebaseInstallations.java:387)
01-07 23:59:48.127 E/AndroidRuntime(25662): 	at com.google.firebase.installations.FirebaseInstallations.lambda$doRegistrationOrRefresh$3$com-google-firebase-installations-FirebaseInstallations(FirebaseInstallations.java:372)
01-07 23:59:48.127 E/AndroidRuntime(25662): 	at com.google.firebase.installations.FirebaseInstallations$$ExternalSyntheticLambda1.run(D8$$SyntheticClass:0)
01-07 23:59:48.127 E/AndroidRuntime(25662): 	at com.google.firebase.concurrent.SequentialExecutor$1.run(SequentialExecutor.java:117)
01-07 23:59:48.127 E/AndroidRuntime(25662): 	at com.google.firebase.concurrent.SequentialExecutor$QueueWorker.workOnQueue(SequentialExecutor.java:229)
01-07 23:59:48.127 E/AndroidRuntime(25662): 	at com.google.firebase.concurrent.SequentialExecutor$QueueWorker.run(SequentialExecutor.java:174)
01-07 23:59:48.127 E/AndroidRuntime(25662): 	at java.util.concurrent.ThreadPoolExecutor.runWorker(ThreadPoolExecutor.java:1154)
01-07 23:59:48.127 E/AndroidRuntime(25662): 	at java.util.concurrent.ThreadPoolExecutor$Worker.run(ThreadPoolExecutor.java:652)
01-07 23:59:48.127 E/AndroidRuntime(25662): 	at com.google.firebase.concurrent.CustomThreadFactory.lambda$newThread$0$com-google-firebase-concurrent-CustomThreadFactory(CustomThreadFactory.java:47)
01-07 23:59:48.127 E/AndroidRuntime(25662): 	at com.google.firebase.concurrent.CustomThreadFactory$$ExternalSyntheticLambda0.run(D8$$SyntheticClass:0)
01-07 23:59:48.127 E/AndroidRuntime(25662): 	at java.lang.Thread.run(Thread.java:1563)
01-07 23:59:48.139 I/ranaudio.online(25662): hiddenapi: Accessing hidden method Ldalvik/system/VMStack;->getStackClass2()Ljava/lang/Class; (runtime_flags=0, domain=core-platform, api=unsupported) from Lm7/aox; (domain=app, TargetSdkVersion=35) using reflection: allowed
01-07 23:59:48.141 W/BroadcastQueue( 1861): Ignoring finishReceiverLocked; no active broadcast for BroadcastProcessQueue{8849847 11893:com.lemon.lvoverseas/u0a297}
01-07 23:59:48.143 I/PhenotypeResourceReader(11566): unable to find any Phenotype resource metadata for com.quran.quranaudio.online
01-07 23:59:48.147 E/ranaudio.online(25662): No package ID 6a found for resource ID 0x6a0b0013.
01-07 23:59:48.148 I/FA      (25662): App measurement initialized, version: 148000
01-07 23:59:48.148 I/FA      (25662): To enable debug logging run: adb shell setprop log.tag.FA VERBOSE
01-07 23:59:48.148 I/FA      (25662): To enable faster debug mode event logging run:
01-07 23:59:48.148 I/FA      (25662):   adb shell setprop debug.firebase.analytics.app com.quran.quranaudio.online
01-07 23:59:48.202 I/FirebaseCrashlytics(25662): No version control information found
01-07 23:59:48.202 W/FirebaseCrashlytics(25662): Skipping session finalization because a crash has already occurred.
01-07 23:59:48.202 W/FirebaseCrashlytics(25662): Previous sessions could not be finalized.
01-07 23:59:48.239 D/FirebaseSessions(25662): Initializing Firebase Sessions SDK.
01-07 23:59:48.250 I/FirebaseInitProvider(25662): FirebaseApp initialization successful
01-07 23:59:48.251 W/FA      (25662): Failed to retrieve Firebase Instance Id
01-07 23:59:48.252 D/LifecycleServiceBinder(25662): Binding service to application.
01-07 23:59:48.255 E/AndroidRuntime(25662): FATAL EXCEPTION: Firebase Blocking Thread #1
01-07 23:59:48.255 E/AndroidRuntime(25662): Process: com.quran.quranaudio.online, PID: 25662
01-07 23:59:48.255 E/AndroidRuntime(25662): java.lang.NoSuchMethodError: No static method checkNotGoogleApiHandlerThread()V in class Lcom/google/android/gms/common/internal/Preconditions; or its super classes (declaration of 'com.google.android.gms.common.internal.Preconditions' appears in /data/app/~~hdbuVMpZGtin5LHAvni4ag==/com.quran.quranaudio.online-KPH8CIMyhFU6veuKU6wsKg==/base.apk!classes30.dex)
01-07 23:59:48.255 E/AndroidRuntime(25662): 	at com.google.android.gms.tasks.Tasks.await(com.google.android.gms:play-services-tasks@@18.1.0:2)
01-07 23:59:48.255 E/AndroidRuntime(25662): 	at com.google.firebase.installations.remote.FirebaseInstallationServiceClient.openHttpURLConnection(FirebaseInstallationServiceClient.java:487)
01-07 23:59:48.255 E/AndroidRuntime(25662): 	at com.google.firebase.installations.remote.FirebaseInstallationServiceClient.createFirebaseInstallation(FirebaseInstallationServiceClient.java:163)
01-07 23:59:48.255 E/AndroidRuntime(25662): 	at com.google.firebase.installations.FirebaseInstallations.registerFidWithServer(FirebaseInstallations.java:533)
01-07 23:59:48.255 E/AndroidRuntime(25662): 	at com.google.firebase.installations.FirebaseInstallations.doNetworkCallIfNecessary(FirebaseInstallations.java:387)
01-07 23:59:48.255 E/AndroidRuntime(25662): 	at com.google.firebase.installations.FirebaseInstallations.lambda$doRegistrationOrRefresh$3$com-google-firebase-installations-FirebaseInstallations(FirebaseInstallations.java:372)
01-07 23:59:48.255 E/AndroidRuntime(25662): 	at com.google.firebase.installations.FirebaseInstallations$$ExternalSyntheticLambda1.run(D8$$SyntheticClass:0)
01-07 23:59:48.255 E/AndroidRuntime(25662): 	at com.google.firebase.concurrent.SequentialExecutor$1.run(SequentialExecutor.java:117)
01-07 23:59:48.255 E/AndroidRuntime(25662): 	at com.google.firebase.concurrent.SequentialExecutor$QueueWorker.workOnQueue(SequentialExecutor.java:229)
01-07 23:59:48.255 E/AndroidRuntime(25662): 	at com.google.firebase.concurrent.SequentialExecutor$QueueWorker.run(SequentialExecutor.java:174)
01-07 23:59:48.255 E/AndroidRuntime(25662): 	at java.util.concurrent.ThreadPoolExecutor.runWorker(ThreadPoolExecutor.java:1154)
01-07 23:59:48.255 E/AndroidRuntime(25662): 	at java.util.concurrent.ThreadPoolExecutor$Worker.run(ThreadPoolExecutor.java:652)
01-07 23:59:48.255 E/AndroidRuntime(25662): 	at com.google.firebase.concurrent.CustomThreadFactory.lambda$newThread$0$com-google-firebase-concurrent-CustomThreadFactory(CustomThreadFactory.java:47)
01-07 23:59:48.255 E/AndroidRuntime(25662): 	at com.google.firebase.concurrent.CustomThreadFactory$$ExternalSyntheticLambda0.run(D8$$SyntheticClass:0)
01-07 23:59:48.255 E/AndroidRuntime(25662): 	at java.lang.Thread.run(Thread.java:1563)
01-07 23:59:48.259 I/logger  (25662): Adapter info -> AdNetwork: FACEBOOK, Adapter version: 1.1.1,  AdNetwork sdk version: 6.11.0
01-07 23:59:48.260 I/logger  (25662): Adapter info -> AdNetwork: ADMOB, Adapter version: 1.1.0,  AdNetwork sdk version: 20.6.0
01-07 23:59:48.262 D/BackgroundInstallControlService( 1861): Package event received: 0
01-07 23:59:48.262 D/BackgroundInstallControlService( 1861): Package event received: 0
01-07 23:59:48.265 W/FA      (25662): Failed to retrieve Firebase Instance Id
01-07 23:59:48.266 W/FA      (25662): Failed to retrieve Firebase Instance Id
01-07 23:59:48.268 E/AndroidRuntime(25662): FATAL EXCEPTION: Firebase Blocking Thread #5
01-07 23:59:48.268 E/AndroidRuntime(25662): Process: com.quran.quranaudio.online, PID: 25662
01-07 23:59:48.268 E/AndroidRuntime(25662): java.lang.NoSuchMethodError: No static method checkNotGoogleApiHandlerThread()V in class Lcom/google/android/gms/common/internal/Preconditions; or its super classes (declaration of 'com.google.android.gms.common.internal.Preconditions' appears in /data/app/~~hdbuVMpZGtin5LHAvni4ag==/com.quran.quranaudio.online-KPH8CIMyhFU6veuKU6wsKg==/base.apk!classes30.dex)
01-07 23:59:48.268 E/AndroidRuntime(25662): 	at com.google.android.gms.tasks.Tasks.await(com.google.android.gms:play-services-tasks@@18.1.0:2)
01-07 23:59:48.268 E/AndroidRuntime(25662): 	at com.google.firebase.installations.remote.FirebaseInstallationServiceClient.openHttpURLConnection(FirebaseInstallationServiceClient.java:487)
01-07 23:59:48.268 E/AndroidRuntime(25662): 	at com.google.firebase.installations.remote.FirebaseInstallationServiceClient.createFirebaseInstallation(FirebaseInstallationServiceClient.java:163)
01-07 23:59:48.268 E/AndroidRuntime(25662): 	at com.google.firebase.installations.FirebaseInstallations.registerFidWithServer(FirebaseInstallations.java:533)
01-07 23:59:48.268 E/AndroidRuntime(25662): 	at com.google.firebase.installations.FirebaseInstallations.doNetworkCallIfNecessary(FirebaseInstallations.java:387)
01-07 23:59:48.268 E/AndroidRuntime(25662): 	at com.google.firebase.installations.FirebaseInstallations.lambda$doRegistrationOrRefresh$3$com-google-firebase-installations-FirebaseInstallations(FirebaseInstallations.java:372)
01-07 23:59:48.268 E/AndroidRuntime(25662): 	at com.google.firebase.installations.FirebaseInstallations$$ExternalSyntheticLambda1.run(D8$$SyntheticClass:0)
01-07 23:59:48.268 E/AndroidRuntime(25662): 	at com.google.firebase.concurrent.SequentialExecutor$1.run(SequentialExecutor.java:117)
01-07 23:59:48.268 E/AndroidRuntime(25662): 	at com.google.firebase.concurrent.SequentialExecutor$QueueWorker.workOnQueue(SequentialExecutor.java:229)
01-07 23:59:48.268 E/AndroidRuntime(25662): 	at com.google.firebase.concurrent.SequentialExecutor$QueueWorker.run(SequentialExecutor.java:174)
01-07 23:59:48.268 E/AndroidRuntime(25662): 	at java.util.concurrent.ThreadPoolExecutor.runWorker(ThreadPoolExecutor.java:1154)
01-07 23:59:48.268 E/AndroidRuntime(25662): 	at java.util.concurrent.ThreadPoolExecutor$Worker.run(ThreadPoolExecutor.java:652)
01-07 23:59:48.268 E/AndroidRuntime(25662): 	at com.google.firebase.concurrent.CustomThreadFactory.lambda$newThread$0$com-google-firebase-concurrent-CustomThreadFactory(CustomThreadFactory.java:47)
01-07 23:59:48.268 E/AndroidRuntime(25662): 	at com.google.firebase.concurrent.CustomThreadFactory$$ExternalSyntheticLambda0.run(D8$$SyntheticClass:0)
01-07 23:59:48.268 E/AndroidRuntime(25662): 	at java.lang.Thread.run(Thread.java:1563)
01-07 23:59:48.269 E/AndroidRuntime(25662): FATAL EXCEPTION: Firebase Blocking Thread #6
01-07 23:59:48.269 E/AndroidRuntime(25662): Process: com.quran.quranaudio.online, PID: 25662
01-07 23:59:48.269 E/AndroidRuntime(25662): java.lang.NoSuchMethodError: No static method checkNotGoogleApiHandlerThread()V in class Lcom/google/android/gms/common/internal/Preconditions; or its super classes (declaration of 'com.google.android.gms.common.internal.Preconditions' appears in /data/app/~~hdbuVMpZGtin5LHAvni4ag==/com.quran.quranaudio.online-KPH8CIMyhFU6veuKU6wsKg==/base.apk!classes30.dex)
01-07 23:59:48.269 E/AndroidRuntime(25662): 	at com.google.android.gms.tasks.Tasks.await(com.google.android.gms:play-services-tasks@@18.1.0:2)
01-07 23:59:48.269 E/AndroidRuntime(25662): 	at com.google.firebase.installations.remote.FirebaseInstallationServiceClient.openHttpURLConnection(FirebaseInstallationServiceClient.java:487)
01-07 23:59:48.269 E/AndroidRuntime(25662): 	at com.google.firebase.installations.remote.FirebaseInstallationServiceClient.createFirebaseInstallation(FirebaseInstallationServiceClient.java:163)
01-07 23:59:48.269 E/AndroidRuntime(25662): 	at com.google.firebase.installations.FirebaseInstallations.registerFidWithServer(FirebaseInstallations.java:533)
01-07 23:59:48.269 E/AndroidRuntime(25662): 	at com.google.firebase.installations.FirebaseInstallations.doNetworkCallIfNecessary(FirebaseInstallations.java:387)
01-07 23:59:48.269 E/AndroidRuntime(25662): 	at com.google.firebase.installations.FirebaseInstallations.lambda$doRegistrationOrRefresh$3$com-google-firebase-installations-FirebaseInstallations(FirebaseInstallations.java:372)
01-07 23:59:48.269 E/AndroidRuntime(25662): 	at com.google.firebase.installations.FirebaseInstallations$$ExternalSyntheticLambda1.run(D8$$SyntheticClass:0)
01-07 23:59:48.269 E/AndroidRuntime(25662): 	at com.google.firebase.concurrent.SequentialExecutor$1.run(SequentialExecutor.java:117)
01-07 23:59:48.269 E/AndroidRuntime(25662): 	at com.google.firebase.concurrent.SequentialExecutor$QueueWorker.workOnQueue(SequentialExecutor.java:229)
01-07 23:59:48.269 E/AndroidRuntime(25662): 	at com.google.firebase.concurrent.SequentialExecutor$QueueWorker.run(SequentialExecutor.java:174)
01-07 23:59:48.269 E/AndroidRuntime(25662): 	at java.util.concurrent.ThreadPoolExecutor.runWorker(ThreadPoolExecutor.java:1154)
01-07 23:59:48.269 E/AndroidRuntime(25662): 	at java.util.concurrent.ThreadPoolExecutor$Worker.run(ThreadPoolExecutor.java:652)
01-07 23:59:48.269 E/AndroidRuntime(25662): 	at com.google.firebase.concurrent.CustomThreadFactory.lambda$newThread$0$com-google-firebase-concurrent-CustomThreadFactory(CustomThreadFactory.java:47)
01-07 23:59:48.269 E/AndroidRuntime(25662): 	at com.google.firebase.concurrent.CustomThreadFactory$$ExternalSyntheticLambda0.run(D8$$SyntheticClass:0)
01-07 23:59:48.269 E/AndroidRuntime(25662): 	at java.lang.Thread.run(Thread.java:1563)
01-07 23:59:48.289 I/logger  (25662): Mediation SDK version: 1.1.0
01-07 23:59:48.298 I/logger  (25662): Adapter info -> AdNetwork: UNITY, Adapter version: 1.1.0,  AdNetwork sdk version: 4.4.1
01-07 23:59:48.302 D/PERFORMANCE(25662): ========================================
01-07 23:59:48.302 D/PERFORMANCE(25662): ⚡ App.onCreate() START (Optimized Version)
01-07 23:59:48.302 D/PERFORMANCE(25662): ========================================
01-07 23:59:48.303 D/PERFORMANCE(25662): ========================================
01-07 23:59:48.303 D/PERFORMANCE(25662): ⚡ BaseApp.onCreate() START
01-07 23:59:48.303 D/PERFORMANCE(25662): ========================================
01-07 23:59:48.303 D/PERFORMANCE(25662): → Process check: isMainProcess = true
01-07 23:59:48.303 E/lan_config(25662): 📱 从用户设置读取语言: en
01-07 23:59:48.304 E/lan_config(25662): ✅ 最终使用语言: en (isID=false)
01-07 23:59:48.304 D/PERFORMANCE(25662): ✅ Immediate init completed [1 ms]
01-07 23:59:48.304 D/PERFORMANCE(25662): 🟡 [DELAY] Scheduling delayed tasks...
01-07 23:59:48.304 D/PERFORMANCE(25662): ✅ [DELAY] 2 delayed tasks scheduled (500ms, 1s)
01-07 23:59:48.304 D/PERFORMANCE(25662): ========================================
01-07 23:59:48.304 D/PERFORMANCE(25662): ✅ BaseApp.onCreate() COMPLETED in 1 ms (target: <50ms)
01-07 23:59:48.304 D/PERFORMANCE(25662): ========================================
01-07 23:59:48.304 D/PERFORMANCE(25662): ✅ super.onCreate() completed [2ms]
01-07 23:59:48.304 D/CRASH_DEBUG(25662): 🔄 Initializing WebView isolation...
01-07 23:59:48.304 D/PERFORMANCE(25662): → [IMMEDIATE] WebView isolation...
01-07 23:59:48.304 D/AnalyticsManager(25662): ✅ Event logged: app_workflow_step | params: {duration_from_start=0.0, step_name=app_start, timestamp=1767801588302}
01-07 23:59:48.305 I/FA      (25662): Tag Manager is not found and thus will not be used
01-07 23:59:48.309 I/WebViewFactory(25662): Loading com.google.android.webview version 143.0.7499.146 (code 749914633)
01-07 23:59:48.310 W/FA      (25662): Failed to retrieve Firebase Instance Id
01-07 23:59:48.312 W/FirebaseCrashlytics(25662): Unable to read App Quality Sessions session id.
01-07 23:59:48.312 V/ResourcesManager(25662): The following library key has been added: ResourcesKey{ mHash=f7b7d83d mResDir=null mSplitDirs=[] mOverlayDirs=[] mLibDirs=[/data/app/~~rr0A7BClpOu6jhCorVtX5A==/com.google.android.webview-q5TcTp_IQ5WCmaxOHkGNtw==/base.apk,/data/app/~~s8OoMDD1TnN0LHb6YsTYCg==/com.google.android.trichromelibrary_749914633-Vnhd4XEfynlzeVKf2zCHQg==/base.apk,/system_ext/framework/androidx.window.extensions.jar] mDisplayId=0 mOverrideConfig=v36 mCompatInfo={420dpi always-compat} mLoaders=[]}
01-07 23:59:48.313 E/AndroidRuntime(25662): FATAL EXCEPTION: Firebase Blocking Thread #8
01-07 23:59:48.313 E/AndroidRuntime(25662): Process: com.quran.quranaudio.online, PID: 25662
01-07 23:59:48.313 E/AndroidRuntime(25662): java.lang.NoSuchMethodError: No static method checkNotGoogleApiHandlerThread()V in class Lcom/google/android/gms/common/internal/Preconditions; or its super classes (declaration of 'com.google.android.gms.common.internal.Preconditions' appears in /data/app/~~hdbuVMpZGtin5LHAvni4ag==/com.quran.quranaudio.online-KPH8CIMyhFU6veuKU6wsKg==/base.apk!classes30.dex)
01-07 23:59:48.313 E/AndroidRuntime(25662): 	at com.google.android.gms.tasks.Tasks.await(com.google.android.gms:play-services-tasks@@18.1.0:2)
01-07 23:59:48.313 E/AndroidRuntime(25662): 	at com.google.firebase.installations.remote.FirebaseInstallationServiceClient.openHttpURLConnection(FirebaseInstallationServiceClient.java:487)
01-07 23:59:48.313 E/AndroidRuntime(25662): 	at com.google.firebase.installations.remote.FirebaseInstallationServiceClient.createFirebaseInstallation(FirebaseInstallationServiceClient.java:163)
01-07 23:59:48.313 E/AndroidRuntime(25662): 	at com.google.firebase.installations.FirebaseInstallations.registerFidWithServer(FirebaseInstallations.java:533)
01-07 23:59:48.313 E/AndroidRuntime(25662): 	at com.google.firebase.installations.FirebaseInstallations.doNetworkCallIfNecessary(FirebaseInstallations.java:387)
01-07 23:59:48.313 E/AndroidRuntime(25662): 	at com.google.firebase.installations.FirebaseInstallations.lambda$doRegistrationOrRefresh$3$com-google-firebase-installations-FirebaseInstallations(FirebaseInstallations.java:372)
01-07 23:59:48.313 E/AndroidRuntime(25662): 	at com.google.firebase.installations.FirebaseInstallations$$ExternalSyntheticLambda1.run(D8$$SyntheticClass:0)
01-07 23:59:48.313 E/AndroidRuntime(25662): 	at com.google.firebase.concurrent.SequentialExecutor$1.run(SequentialExecutor.java:117)
01-07 23:59:48.313 E/AndroidRuntime(25662): 	at com.google.firebase.concurrent.SequentialExecutor$QueueWorker.workOnQueue(SequentialExecutor.java:229)
01-07 23:59:48.313 E/AndroidRuntime(25662): 	at com.google.firebase.concurrent.SequentialExecutor$QueueWorker.run(SequentialExecutor.java:174)
01-07 23:59:48.313 E/AndroidRuntime(25662): 	at java.util.concurrent.ThreadPoolExecutor.runWorker(ThreadPoolExecutor.java:1154)
01-07 23:59:48.313 E/AndroidRuntime(25662): 	at java.util.concurrent.ThreadPoolExecutor$Worker.run(ThreadPoolExecutor.java:652)
01-07 23:59:48.313 E/AndroidRuntime(25662): 	at com.google.firebase.concurrent.CustomThreadFactory.lambda$newThread$0$com-google-firebase-concurrent-CustomThreadFactory(CustomThreadFactory.java:47)
01-07 23:59:48.313 E/AndroidRuntime(25662): 	at com.google.firebase.concurrent.CustomThreadFactory$$ExternalSyntheticLambda0.run(D8$$SyntheticClass:0)
01-07 23:59:48.313 E/AndroidRuntime(25662): 	at java.lang.Thread.run(Thread.java:1563)
01-07 23:59:48.313 W/ranaudio.online(25662): Failed to find entry 'classes.dex': Entry not found
01-07 23:59:48.313 D/nativeloader(25662): Configuring clns-12 for other apk /data/app/~~s8OoMDD1TnN0LHb6YsTYCg==/com.google.android.trichromelibrary_749914633-Vnhd4XEfynlzeVKf2zCHQg==/base.apk. target_sdk_version=36, uses_libraries=ALL, library_path=/data/app/~~rr0A7BClpOu6jhCorVtX5A==/com.google.android.webview-q5TcTp_IQ5WCmaxOHkGNtw==/lib/arm64:/data/app/~~rr0A7BClpOu6jhCorVtX5A==/com.google.android.webview-q5TcTp_IQ5WCmaxOHkGNtw==/base.apk!/lib/arm64-v8a:/data/app/~~s8OoMDD1TnN0LHb6YsTYCg==/com.google.android.trichromelibrary_749914633-Vnhd4XEfynlzeVKf2zCHQg==/base.apk!/lib/arm64-v8a, permitted_path=/data:/mnt/expand
01-07 23:59:48.314 D/ApplicationLoaders(25662): Returning zygote-cached class loader: /system_ext/framework/androidx.window.extensions.jar
01-07 23:59:48.315 W/ranaudio.online(25662): Loading /data/app/~~rr0A7BClpOu6jhCorVtX5A==/com.google.android.webview-q5TcTp_IQ5WCmaxOHkGNtw==/oat/arm64/base.odex non-executable as it requires an image which we failed to load
01-07 23:59:48.316 D/nativeloader(25662): Configuring clns-13 for other apk /data/app/~~rr0A7BClpOu6jhCorVtX5A==/com.google.android.webview-q5TcTp_IQ5WCmaxOHkGNtw==/base.apk. target_sdk_version=36, uses_libraries=, library_path=/data/app/~~rr0A7BClpOu6jhCorVtX5A==/com.google.android.webview-q5TcTp_IQ5WCmaxOHkGNtw==/lib/arm64:/data/app/~~rr0A7BClpOu6jhCorVtX5A==/com.google.android.webview-q5TcTp_IQ5WCmaxOHkGNtw==/base.apk!/lib/arm64-v8a:/data/app/~~s8OoMDD1TnN0LHb6YsTYCg==/com.google.android.trichromelibrary_749914633-Vnhd4XEfynlzeVKf2zCHQg==/base.apk!/lib/arm64-v8a, permitted_path=/data:/mnt/expand
01-07 23:59:48.330 I/cr_WVCFactoryProvider(25662): version=143.0.7499.146 (749914633) minSdkVersion=29 multiprocess=true packageId=2 splits=<none>
01-07 23:59:48.334 D/FBAudienceNetwork(25662): SDK dex loading time: 34
01-07 23:59:48.343 D/nativeloader(25662): Load /data/app/~~s8OoMDD1TnN0LHb6YsTYCg==/com.google.android.trichromelibrary_749914633-Vnhd4XEfynlzeVKf2zCHQg==/base.apk!/lib/arm64-v8a/libmonochrome_64.so using class loader ns clns-13 (caller=/data/app/~~rr0A7BClpOu6jhCorVtX5A==/com.google.android.webview-q5TcTp_IQ5WCmaxOHkGNtw==/base.apk): ok
01-07 23:59:48.345 D/nativeloader(25662): Load /system/lib64/libwebviewchromium_plat_support.so using class loader ns clns-13 (caller=/data/app/~~rr0A7BClpOu6jhCorVtX5A==/com.google.android.webview-q5TcTp_IQ5WCmaxOHkGNtw==/base.apk): ok
01-07 23:59:48.350 I/cr_LibraryLoader(25662): Successfully loaded native library
01-07 23:59:48.351 I/cr_CachingUmaRecorder(25662): Flushed 20 samples from 20 histograms, 0 samples were dropped.
01-07 23:59:48.351 W/FA      (25662): Failed to retrieve Firebase Instance Id
01-07 23:59:48.353 I/cr_CombinedPProvider(25662): #registerProvider() provider:WV.jk@f49fcce isPolicyCacheEnabled:false policyProvidersSize:0
01-07 23:59:48.353 E/AndroidRuntime(25662): FATAL EXCEPTION: Firebase Blocking Thread #9
01-07 23:59:48.353 E/AndroidRuntime(25662): Process: com.quran.quranaudio.online, PID: 25662
01-07 23:59:48.353 E/AndroidRuntime(25662): java.lang.NoSuchMethodError: No static method checkNotGoogleApiHandlerThread()V in class Lcom/google/android/gms/common/internal/Preconditions; or its super classes (declaration of 'com.google.android.gms.common.internal.Preconditions' appears in /data/app/~~hdbuVMpZGtin5LHAvni4ag==/com.quran.quranaudio.online-KPH8CIMyhFU6veuKU6wsKg==/base.apk!classes30.dex)
01-07 23:59:48.353 E/AndroidRuntime(25662): 	at com.google.android.gms.tasks.Tasks.await(com.google.android.gms:play-services-tasks@@18.1.0:2)
01-07 23:59:48.353 E/AndroidRuntime(25662): 	at com.google.firebase.installations.remote.FirebaseInstallationServiceClient.openHttpURLConnection(FirebaseInstallationServiceClient.java:487)
01-07 23:59:48.353 E/AndroidRuntime(25662): 	at com.google.firebase.installations.remote.FirebaseInstallationServiceClient.createFirebaseInstallation(FirebaseInstallationServiceClient.java:163)
01-07 23:59:48.353 E/AndroidRuntime(25662): 	at com.google.firebase.installations.FirebaseInstallations.registerFidWithServer(FirebaseInstallations.java:533)
01-07 23:59:48.353 E/AndroidRuntime(25662): 	at com.google.firebase.installations.FirebaseInstallations.doNetworkCallIfNecessary(FirebaseInstallations.java:387)
01-07 23:59:48.353 E/AndroidRuntime(25662): 	at com.google.firebase.installations.FirebaseInstallations.lambda$doRegistrationOrRefresh$3$com-google-firebase-installations-FirebaseInstallations(FirebaseInstallations.java:372)
01-07 23:59:48.353 E/AndroidRuntime(25662): 	at com.google.firebase.installations.FirebaseInstallations$$ExternalSyntheticLambda1.run(D8$$SyntheticClass:0)
01-07 23:59:48.353 E/AndroidRuntime(25662): 	at com.google.firebase.concurrent.SequentialExecutor$1.run(SequentialExecutor.java:117)
01-07 23:59:48.353 E/AndroidRuntime(25662): 	at com.google.firebase.concurrent.SequentialExecutor$QueueWorker.workOnQueue(SequentialExecutor.java:229)
01-07 23:59:48.353 E/AndroidRuntime(25662): 	at com.google.firebase.concurrent.SequentialExecutor$QueueWorker.run(SequentialExecutor.java:174)
01-07 23:59:48.353 E/AndroidRuntime(25662): 	at java.util.concurrent.ThreadPoolExecutor.runWorker(ThreadPoolExecutor.java:1154)
01-07 23:59:48.353 E/AndroidRuntime(25662): 	at java.util.concurrent.ThreadPoolExecutor$Worker.run(ThreadPoolExecutor.java:652)
01-07 23:59:48.353 E/AndroidRuntime(25662): 	at com.google.firebase.concurrent.CustomThreadFactory.lambda$newThread$0$com-google-firebase-concurrent-CustomThreadFactory(CustomThreadFactory.java:47)
01-07 23:59:48.353 E/AndroidRuntime(25662): 	at com.google.firebase.concurrent.CustomThreadFactory$$ExternalSyntheticLambda0.run(D8$$SyntheticClass:0)
01-07 23:59:48.353 E/AndroidRuntime(25662): 	at java.lang.Thread.run(Thread.java:1563)
01-07 23:59:48.353 I/cr_PolicyProvider(25662): #setManagerAndSource() 0
01-07 23:59:48.354 I/WifiHAL ( 1415): Creating message to get link statistics; iface = 47
01-07 23:59:48.354 I/cr_DisplayManager(25662): Is Display Topology available: false
01-07 23:59:48.357 V/GrammaticalInflectionUtils( 1861): AttributionSource: android.content.AttributionSource@a7fc9a5 does not have READ_SYSTEM_GRAMMATICAL_GENDER permission.
01-07 23:59:48.359 D/DesktopModeFlags(25662): Toggle override initialized to: OVERRIDE_UNSET
01-07 23:59:48.359 I/DisplayManager(25662): Implicitly registering for refresh rate
01-07 23:59:48.367 I/cr_CombinedPProvider(25662): #linkNativeInternal() 1
01-07 23:59:48.367 I/AiAiEcho( 5755): SmartspaceNotificationPredictor no parser can handle this notification or notification is invalid
01-07 23:59:48.367 I/cr_AppResProvider(25662): #getApplicationRestrictionsFromUserManager() Bundle[EMPTY_PARCEL]
01-07 23:59:48.367 I/cr_PolicyProvider(25662): #notifySettingsAvailable() 0
01-07 23:59:48.367 I/cr_CombinedPProvider(25662): #onSettingsAvailable() 0
01-07 23:59:48.367 I/cr_CombinedPProvider(25662): #flushPolicies()
01-07 23:59:48.368 D/Zygote  ( 5620): Forked child process 25725
01-07 23:59:48.369 W/system_server( 1861): Activation of cgroup controller +memory failed in path /sys/fs/cgroup/apps/uid_99766: Invalid argument
01-07 23:59:48.370 I/ActivityManager( 1861): Start proc 25725:com.google.android.webview:sandboxed_process0:org.chromium.content.app.SandboxedProcessService0:0/u0i766 for  {com.quran.quranaudio.online/org.chromium.content.app.SandboxedProcessService0:0}
01-07 23:59:48.372 E/libc    (25725): SetHeapTaggingLevel: re-enabling tagging after it was disabled is not supported
01-07 23:59:48.372 D/SsBaseTemplateCard( 4292): No date view can be set up
01-07 23:59:48.372 I/SsBaseTemplateCard( 4292): setFormattedContentDescription: text=Rain and snow, iconDescription=Rain and snow, contentDescription=Rain and snow, Rain and snow
01-07 23:59:48.372 D/SsBaseTemplateCard( 4292): Passed-in item info is null
01-07 23:59:48.372 D/SsBaseTemplateCard( 4292): Passed-in item info is null
01-07 23:59:48.375 I/Zygote  (25725): Process 25725 created for com.google.android.webview:sandboxed_process0:org.chromium.content.app.SandboxedProcessService0:0
01-07 23:59:48.375 I/ocessService0:0(25725): Using CollectorTypeCMC GC.
01-07 23:59:48.381 D/nativeloader(25725): Load libframework-connectivity-tiramisu-jni.so using APEX ns com_android_tethering for caller /apex/com.android.tethering/javalib/framework-connectivity-t.jar: ok
01-07 23:59:48.390 W/chromium(25662): [WARNING:android_webview/browser/network_service/net_helpers.cc:143] HTTP Cache size is: 33554432
01-07 23:59:48.391 D/BoundBrokerSvc(27767): onBind: Intent { act=com.google.android.gms.safetynet.service.START xflg=0x4 pkg=com.google.android.gms }
01-07 23:59:48.391 D/BoundBrokerSvc(27767): Loading bound service for intent: Intent { act=com.google.android.gms.safetynet.service.START xflg=0x4 pkg=com.google.android.gms }
01-07 23:59:48.391 D/BackgroundInstallControlService( 1861): Package event received: 0
01-07 23:59:48.398 D/BoundBrokerSvc(27767): onBind: Intent { act=com.google.android.gms.safebrowsing.SafeBrowsingService.START dat=chimera-action:/... xflg=0x4 cmp=com.google.android.gms/.chimera.GmsBoundBrokerService }
01-07 23:59:48.398 D/BoundBrokerSvc(27767): Loading bound service for intent: Intent { act=com.google.android.gms.safebrowsing.SafeBrowsingService.START dat=chimera-action:/... xflg=0x4 cmp=com.google.android.gms/.chimera.GmsBoundBrokerService }
01-07 23:59:48.401 D/PERFORMANCE(25662): ✅ [LIGHTWEIGHT] UserAgent retrieved [96ms]
01-07 23:59:48.401 D/PERFORMANCE(25662): ✅ [IMMEDIATE] WebView isolation [97ms]
01-07 23:59:48.401 D/CRASH_DEBUG(25662): ✅ WebView isolation initialized
01-07 23:59:48.401 D/CRASH_DEBUG(25662): 🔄 Initializing AdFactory...
01-07 23:59:48.401 D/PERFORMANCE(25662): → [IMMEDIATE] AdFactory init (no preload)...
01-07 23:59:48.405 D/ApplicationLoaders(25725): Returning zygote-cached class loader: /system_ext/framework/androidx.window.extensions.jar
01-07 23:59:48.406 D/PERFORMANCE(25662): ✅ [IMMEDIATE] AdFactory init [5ms]
01-07 23:59:48.407 D/CRASH_DEBUG(25662): ✅ AdFactory initialized
01-07 23:59:48.407 D/CRASH_DEBUG(25662): 🔄 Initializing Activity lifecycle callbacks...
01-07 23:59:48.407 D/PERFORMANCE(25662): → [IMMEDIATE] ActivityLifecycleCallbacks...
01-07 23:59:48.407 D/PERFORMANCE(25662): ✅ [IMMEDIATE] ActivityLifecycleCallbacks [0ms]
01-07 23:59:48.407 D/CRASH_DEBUG(25662): ✅ Activity lifecycle callbacks initialized
01-07 23:59:48.407 D/CRASH_DEBUG(25662): 🔄 Initializing crash handler...
01-07 23:59:48.407 D/PERFORMANCE(25662): → [IMMEDIATE] CrashHandler...
01-07 23:59:48.407 D/PERFORMANCE(25662): ✅ [IMMEDIATE] CrashHandler [0ms]
01-07 23:59:48.407 D/CRASH_DEBUG(25662): ✅ Crash handler initialized
01-07 23:59:48.407 D/CRASH_DEBUG(25662): 🔄 Initializing notification channels...
01-07 23:59:48.407 D/PERFORMANCE(25662): → [IMMEDIATE] NotificationChannels...
01-07 23:59:48.409 D/PERFORMANCE(25662): ✅ [IMMEDIATE] NotificationChannels [2ms]
01-07 23:59:48.409 D/CRASH_DEBUG(25662): ✅ Notification channels initialized
01-07 23:59:48.409 D/CRASH_DEBUG(25662): ✅ Immediate init completed [107ms]
01-07 23:59:48.409 D/PERFORMANCE(25662): ========================================
01-07 23:59:48.409 D/PERFORMANCE(25662): 🔵 [ASYNC] Scheduling background tasks...
01-07 23:59:48.410 D/PERFORMANCE(25662): → [ASYNC] Loading Typefaces in background...
01-07 23:59:48.410 D/PERFORMANCE(25662): ✅ [ASYNC] 3 background tasks scheduled
01-07 23:59:48.410 D/PERFORMANCE(25662): 🟡 [DELAY] Scheduling delayed tasks...
01-07 23:59:48.410 D/PERFORMANCE(25662): ✅ [DELAY] 4 delayed tasks scheduled (3s, 5s)
01-07 23:59:48.410 D/PERFORMANCE(25662): ========================================
01-07 23:59:48.410 D/BackgroundInstallControlService( 1861): Package event received: 0
01-07 23:59:48.410 D/PERFORMANCE(25662): ✅ App.onCreate() COMPLETED in 108ms (vs 1500-4500ms before)
01-07 23:59:48.410 D/PERFORMANCE(25662): 📊 Main thread blocked: ~108ms (80% reduction!)
01-07 23:59:48.410 D/PERFORMANCE(25662): ========================================
01-07 23:59:48.410 D/PERFORMANCE(25662): → [ASYNC] Configuring WorkManager...
01-07 23:59:48.410 D/AnalyticsManager(25662): ✅ Event logged: app_workflow_step | params: {duration_from_start=108.0, step_name=app_init_complete, timestamp=1767801588410}
01-07 23:59:48.411 D/PERFORMANCE(25662): → [ASYNC] Injecting QuranDataProvider...
01-07 23:59:48.411 D/PERFORMANCE(25662): ✅ [ASYNC] QuranDataProvider injected [0ms]
01-07 23:59:48.412 I/HWUI    (25662): Using FreeType backend (prop=Auto)
01-07 23:59:48.414 I/LoadedApk(25725): No resource references to update in package com.google.android.trichromelibrary
01-07 23:59:48.416 I/cr_WebViewApkApp(25725): version=143.0.7499.146 (749914633) minSdkVersion=29 processName=com.google.android.webview:sandboxed_process0:org.chromium.content.app.SandboxedProcessService0:0 splits=<none>
01-07 23:59:48.419 D/BackgroundInstallControlService( 1861): Package event received: 0
01-07 23:59:48.419 D/BackgroundInstallControlService( 1861): Package event received: 0
01-07 23:59:48.421 D/ConnectivityService( 1861): NetReassign [no changes] [c 0] [a 1] [i 0]
01-07 23:59:48.424 D/BackgroundInstallControlService( 1861): Package event received: 0
01-07 23:59:48.425 I/CameraManagerGlobal(25662): Connecting to camera service
01-07 23:59:48.428 I/cr_ChildProcessService(25725): Creating new ChildProcessService pid=25725
01-07 23:59:48.434 D/WorkCreator(25662): ✅ WorkManager cleanup task scheduled (every 7 days)
01-07 23:59:48.434 D/PERFORMANCE(25662): ✅ [ASYNC] WorkManager configured [24ms]
01-07 23:59:48.437 D/PERFORMANCE(25662): ✅ [ASYNC] Typefaces loaded [27ms]
01-07 23:59:48.437 W/FA      (25662): Failed to retrieve Firebase Instance Id
01-07 23:59:48.439 E/AndroidRuntime(25662): FATAL EXCEPTION: Firebase Blocking Thread #10
01-07 23:59:48.439 E/AndroidRuntime(25662): Process: com.quran.quranaudio.online, PID: 25662
01-07 23:59:48.439 E/AndroidRuntime(25662): java.lang.NoSuchMethodError: No static method checkNotGoogleApiHandlerThread()V in class Lcom/google/android/gms/common/internal/Preconditions; or its super classes (declaration of 'com.google.android.gms.common.internal.Preconditions' appears in /data/app/~~hdbuVMpZGtin5LHAvni4ag==/com.quran.quranaudio.online-KPH8CIMyhFU6veuKU6wsKg==/base.apk!classes30.dex)
01-07 23:59:48.439 E/AndroidRuntime(25662): 	at com.google.android.gms.tasks.Tasks.await(com.google.android.gms:play-services-tasks@@18.1.0:2)
01-07 23:59:48.439 E/AndroidRuntime(25662): 	at com.google.firebase.installations.remote.FirebaseInstallationServiceClient.openHttpURLConnection(FirebaseInstallationServiceClient.java:487)
01-07 23:59:48.439 E/AndroidRuntime(25662): 	at com.google.firebase.installations.remote.FirebaseInstallationServiceClient.createFirebaseInstallation(FirebaseInstallationServiceClient.java:163)
01-07 23:59:48.439 E/AndroidRuntime(25662): 	at com.google.firebase.installations.FirebaseInstallations.registerFidWithServer(FirebaseInstallations.java:533)
01-07 23:59:48.439 E/AndroidRuntime(25662): 	at com.google.firebase.installations.FirebaseInstallations.doNetworkCallIfNecessary(FirebaseInstallations.java:387)
01-07 23:59:48.439 E/AndroidRuntime(25662): 	at com.google.firebase.installations.FirebaseInstallations.lambda$doRegistrationOrRefresh$3$com-google-firebase-installations-FirebaseInstallations(FirebaseInstallations.java:372)
01-07 23:59:48.439 E/AndroidRuntime(25662): 	at com.google.firebase.installations.FirebaseInstallations$$ExternalSyntheticLambda1.run(D8$$SyntheticClass:0)
01-07 23:59:48.439 E/AndroidRuntime(25662): 	at com.google.firebase.concurrent.SequentialExecutor$1.run(SequentialExecutor.java:117)
01-07 23:59:48.439 E/AndroidRuntime(25662): 	at com.google.firebase.concurrent.SequentialExecutor$QueueWorker.workOnQueue(SequentialExecutor.java:229)
01-07 23:59:48.439 E/AndroidRuntime(25662): 	at com.google.firebase.concurrent.SequentialExecutor$QueueWorker.run(SequentialExecutor.java:174)
01-07 23:59:48.439 E/AndroidRuntime(25662): 	at java.util.concurrent.ThreadPoolExecutor.runWorker(ThreadPoolExecutor.java:1154)
01-07 23:59:48.439 E/AndroidRuntime(25662): 	at java.util.concurrent.ThreadPoolExecutor$Worker.run(ThreadPoolExecutor.java:652)
01-07 23:59:48.439 E/AndroidRuntime(25662): 	at com.google.firebase.concurrent.CustomThreadFactory.lambda$newThread$0$com-google-firebase-concurrent-CustomThreadFactory(CustomThreadFactory.java:47)
01-07 23:59:48.439 E/AndroidRuntime(25662): 	at com.google.firebase.concurrent.CustomThreadFactory$$ExternalSyntheticLambda0.run(D8$$SyntheticClass:0)
01-07 23:59:48.439 E/AndroidRuntime(25662): 	at java.lang.Thread.run(Thread.java:1563)
01-07 23:59:48.440 W/adservices( 7693): Skip logging because Cobalt is disabled.
01-07 23:59:48.440 W/adservices( 7693): Skip logging because Cobalt logger is null
01-07 23:59:48.453 D/AppCompatDelegate(25662): Checking for metadata for AppLocalesMetadataHolderService : Service not found
01-07 23:59:48.455 D/BackgroundInstallControlService( 1861): Package event received: 0
01-07 23:59:48.456 I/TRuntime.CctTransportBackend(25662): Making request to: https://crashlyticsreports-pa.googleapis.com/v1/firelog/legacy/batchlog
01-07 23:59:48.457 D/PERFORMANCE(25662): ========================================
01-07 23:59:48.457 D/PERFORMANCE(25662): ⚡ SplashScreenActivity.onCreate() START
01-07 23:59:48.457 D/PERFORMANCE(25662): ========================================
01-07 23:59:48.458 D/AnalyticsManager(25662): ✅ Event logged: app_workflow_step | params: {duration_from_start=155.0, step_name=splash_start, timestamp=1767801588457}
01-07 23:59:48.472 W/FA      (25662): Failed to retrieve Firebase Instance Id
01-07 23:59:48.473 E/AndroidRuntime(25662): FATAL EXCEPTION: Firebase Blocking Thread #11
01-07 23:59:48.473 E/AndroidRuntime(25662): Process: com.quran.quranaudio.online, PID: 25662
01-07 23:59:48.473 E/AndroidRuntime(25662): java.lang.NoSuchMethodError: No static method checkNotGoogleApiHandlerThread()V in class Lcom/google/android/gms/common/internal/Preconditions; or its super classes (declaration of 'com.google.android.gms.common.internal.Preconditions' appears in /data/app/~~hdbuVMpZGtin5LHAvni4ag==/com.quran.quranaudio.online-KPH8CIMyhFU6veuKU6wsKg==/base.apk!classes30.dex)
01-07 23:59:48.473 E/AndroidRuntime(25662): 	at com.google.android.gms.tasks.Tasks.await(com.google.android.gms:play-services-tasks@@18.1.0:2)
01-07 23:59:48.473 E/AndroidRuntime(25662): 	at com.google.firebase.installations.remote.FirebaseInstallationServiceClient.openHttpURLConnection(FirebaseInstallationServiceClient.java:487)
01-07 23:59:48.473 E/AndroidRuntime(25662): 	at com.google.firebase.installations.remote.FirebaseInstallationServiceClient.createFirebaseInstallation(FirebaseInstallationServiceClient.java:163)
01-07 23:59:48.473 E/AndroidRuntime(25662): 	at com.google.firebase.installations.FirebaseInstallations.registerFidWithServer(FirebaseInstallations.java:533)
01-07 23:59:48.473 E/AndroidRuntime(25662): 	at com.google.firebase.installations.FirebaseInstallations.doNetworkCallIfNecessary(FirebaseInstallations.java:387)
01-07 23:59:48.473 E/AndroidRuntime(25662): 	at com.google.firebase.installations.FirebaseInstallations.lambda$doRegistrationOrRefresh$3$com-google-firebase-installations-FirebaseInstallations(FirebaseInstallations.java:372)
01-07 23:59:48.473 E/AndroidRuntime(25662): 	at com.google.firebase.installations.FirebaseInstallations$$ExternalSyntheticLambda1.run(D8$$SyntheticClass:0)
01-07 23:59:48.473 E/AndroidRuntime(25662): 	at com.google.firebase.concurrent.SequentialExecutor$1.run(SequentialExecutor.java:117)
01-07 23:59:48.473 E/AndroidRuntime(25662): 	at com.google.firebase.concurrent.SequentialExecutor$QueueWorker.workOnQueue(SequentialExecutor.java:229)
01-07 23:59:48.473 E/AndroidRuntime(25662): 	at com.google.firebase.concurrent.SequentialExecutor$QueueWorker.run(SequentialExecutor.java:174)
01-07 23:59:48.473 E/AndroidRuntime(25662): 	at java.util.concurrent.ThreadPoolExecutor.runWorker(ThreadPoolExecutor.java:1154)
01-07 23:59:48.473 E/AndroidRuntime(25662): 	at java.util.concurrent.ThreadPoolExecutor$Worker.run(ThreadPoolExecutor.java:652)
01-07 23:59:48.473 E/AndroidRuntime(25662): 	at com.google.firebase.concurrent.CustomThreadFactory.lambda$newThread$0$com-google-firebase-concurrent-CustomThreadFactory(CustomThreadFactory.java:47)
01-07 23:59:48.473 E/AndroidRuntime(25662): 	at com.google.firebase.concurrent.CustomThreadFactory$$ExternalSyntheticLambda0.run(D8$$SyntheticClass:0)
01-07 23:59:48.473 E/AndroidRuntime(25662): 	at java.lang.Thread.run(Thread.java:1563)
01-07 23:59:48.475 I/ranaudio.online(25662): hiddenapi: Accessing hidden field Landroid/view/LayoutInflater;->mFactory:Landroid/view/LayoutInflater$Factory; (runtime_flags=0, domain=platform, api=unsupported) from Lcom/noober/background/BackgroundLibrary; (domain=app, TargetSdkVersion=35) using reflection: allowed
01-07 23:59:48.475 I/ranaudio.online(25662): hiddenapi: Accessing hidden field Landroid/view/LayoutInflater;->mFactory2:Landroid/view/LayoutInflater$Factory2; (runtime_flags=0, domain=platform, api=unsupported) from Lcom/noober/background/BackgroundLibrary; (domain=app, TargetSdkVersion=35) using reflection: allowed
01-07 23:59:48.476 D/SubscriptionChecker(25662): 📊 Subscription check: false
01-07 23:59:48.476 D/AdConfig(25662): 🔍 getAdIdByPosition: position=inter_ad, isTest=true, BuildConfig.DEBUG=true
01-07 23:59:48.476 D/AdConfig(25662): 🔍 useTestAD()=true
01-07 23:59:48.476 D/AdConfig(25662): ✅ Final ad ID for inter_ad: ca-app-pub-3940256099942544/1033173712
01-07 23:59:48.484 I/DynamiteModule(25662): Considering local module com.google.android.gms.ads.dynamite:0 and remote module com.google.android.gms.ads.dynamite:254380203
01-07 23:59:48.484 I/DynamiteModule(25662): Selected remote version of com.google.android.gms.ads.dynamite, version >= 254380203
01-07 23:59:48.484 V/DynamiteModule(25662): Dynamite loader version >= 2, using loadModule2NoCrashUtils
01-07 23:59:48.501 D/ConnectivityService( 1861): requestNetwork for uid/pid:10547/25662 activeRequest: null callbackRequest: 18484 [NetworkRequest [ REQUEST id=18485, [ Capabilities: INTERNET&NOT_RESTRICTED&TRUSTED&NOT_VCN_MANAGED&NOT_BANDWIDTH_CONSTRAINED Uid: 10547 RequestorUid: 10547 RequestorPkg: com.quran.quranaudio.online UnderlyingNetworks: Null] ]] callback flags: 0 order: 2147483647 isUidTracked: false declaredMethods: AVAIL|LOST
01-07 23:59:48.503 I/Ads     (25662): Updating ad debug logging enablement.
01-07 23:59:48.504 D/OemPaidWifiNetworkFactory( 1861): got request NetworkRequest [ REQUEST id=18485, [ Capabilities: INTERNET&NOT_RESTRICTED&TRUSTED&NOT_VCN_MANAGED&NOT_BANDWIDTH_CONSTRAINED Uid: 10547 RequestorUid: 10547 RequestorPkg: com.quran.quranaudio.online UnderlyingNetworks: Null] ]
01-07 23:59:48.505 D/MultiInternetWifiNetworkFactory( 1861): got request NetworkRequest [ REQUEST id=18485, [ Capabilities: INTERNET&NOT_RESTRICTED&TRUSTED&NOT_VCN_MANAGED&NOT_BANDWIDTH_CONSTRAINED Uid: 10547 RequestorUid: 10547 RequestorPkg: com.quran.quranaudio.online UnderlyingNetworks: Null] ]
01-07 23:59:48.505 D/UntrustedWifiNetworkFactory( 1861): got request NetworkRequest [ REQUEST id=18485, [ Capabilities: INTERNET&NOT_RESTRICTED&TRUSTED&NOT_VCN_MANAGED&NOT_BANDWIDTH_CONSTRAINED Uid: 10547 RequestorUid: 10547 RequestorPkg: com.quran.quranaudio.online UnderlyingNetworks: Null] ]
01-07 23:59:48.505 D/ConnectivityService( 1861): NetReassign [18485 : null → 158] [c 0] [a 1] [i 2]
01-07 23:59:48.506 D/BackgroundInstallControlService( 1861): Package event received: 0
01-07 23:59:48.510 I/Ads     (25662): Use RequestConfiguration.Builder().setTestDeviceIds(Arrays.asList("45A1DB8F25D3B98F1011B36F9E0C00E3")) to get test ads on this device.
01-07 23:59:48.514 D/ConnectivityService( 1861): requestNetwork for uid/pid:10547/25662 activeRequest: null callbackRequest: 18486 [NetworkRequest [ REQUEST id=18487, [ Capabilities: INTERNET&NOT_RESTRICTED&TRUSTED&NOT_VCN_MANAGED&NOT_BANDWIDTH_CONSTRAINED Uid: 10547 RequestorUid: 10547 RequestorPkg: com.quran.quranaudio.online UnderlyingNetworks: Null] ]] callback flags: 0 order: 2147483647 isUidTracked: false declaredMethods: AVAIL|LOST|NC
01-07 23:59:48.517 D/OemPaidWifiNetworkFactory( 1861): got request NetworkRequest [ REQUEST id=18487, [ Capabilities: INTERNET&NOT_RESTRICTED&TRUSTED&NOT_VCN_MANAGED&NOT_BANDWIDTH_CONSTRAINED Uid: 10547 RequestorUid: 10547 RequestorPkg: com.quran.quranaudio.online UnderlyingNetworks: Null] ]
01-07 23:59:48.518 D/MultiInternetWifiNetworkFactory( 1861): got request NetworkRequest [ REQUEST id=18487, [ Capabilities: INTERNET&NOT_RESTRICTED&TRUSTED&NOT_VCN_MANAGED&NOT_BANDWIDTH_CONSTRAINED Uid: 10547 RequestorUid: 10547 RequestorPkg: com.quran.quranaudio.online UnderlyingNetworks: Null] ]
01-07 23:59:48.518 D/UntrustedWifiNetworkFactory( 1861): got request NetworkRequest [ REQUEST id=18487, [ Capabilities: INTERNET&NOT_RESTRICTED&TRUSTED&NOT_VCN_MANAGED&NOT_BANDWIDTH_CONSTRAINED Uid: 10547 RequestorUid: 10547 RequestorPkg: com.quran.quranaudio.online UnderlyingNetworks: Null] ]
01-07 23:59:48.519 D/ConnectivityService( 1861): NetReassign [18487 : null → 158] [c 0] [a 2] [i 2]
01-07 23:59:48.522 D/BackgroundInstallControlService( 1861): Package event received: 0
01-07 23:59:48.533 D/BoundBrokerSvc(27767): onBind: Intent { act=com.google.android.gms.ads.identifier.service.EVENT_ATTESTATION xflg=0x4 pkg=com.google.android.gms }
01-07 23:59:48.533 D/BoundBrokerSvc(27767): Loading bound service for intent: Intent { act=com.google.android.gms.ads.identifier.service.EVENT_ATTESTATION xflg=0x4 pkg=com.google.android.gms }
01-07 23:59:48.535 D/CompatChangeReporter( 1861): Compat change id reported: 297989574; UID 10547; state: ENABLED
01-07 23:59:48.541 E/ranaudio.online(25662): No package ID 6a found for resource ID 0x6a0b0013.
01-07 23:59:48.542 D/nativeloader(25662): Configuring clns-14 for other apk . target_sdk_version=35, uses_libraries=ALL, library_path=, permitted_path=/data:/mnt/expand
01-07 23:59:48.542 W/ServiceBindIntentUtils(25662): Dynamic lookup for intent failed for action: com.google.android.gms.ads.service.CACHE
01-07 23:59:48.543 D/nativeloader(25662): Load /data/user/0/com.quran.quranaudio.online/app_pccache/5/362BAA1E742037C69CD8BF98C5D97909342864E7/pcam.jar!/libd3C69E579693B.so using isolated ns clns-14 (caller=/data/user/0/com.quran.quranaudio.online/app_pccache/5/362BAA1E742037C69CD8BF98C5D97909342864E7/pcam.jar): ok
01-07 23:59:48.544 D/BackgroundInstallControlService( 1861): Package event received: 0
01-07 23:59:48.536 W/AdWorker(Defaul(25662): type=1400 audit(0.0:78205): avc:  granted  { execute } for  path="/data/data/com.quran.quranaudio.online/app_pccache/5/362BAA1E742037C69CD8BF98C5D97909342864E7/pcam.jar" dev="dm-75" ino=202582 scontext=u:r:untrusted_app:s0:c35,c258,c512,c768 tcontext=u:object_r:app_data_file:s0:c35,c258,c512,c768 tclass=file app=com.quran.quranaudio.online
01-07 23:59:48.545 D/SubscriptionChecker(25662): 📊 Subscription check: false
01-07 23:59:48.545 D/AdConfig(25662): 🔍 getAdIdByPosition: position=appopen, isTest=true, BuildConfig.DEBUG=true
01-07 23:59:48.545 D/AdConfig(25662): 🔍 useTestAD()=true
01-07 23:59:48.545 D/AdConfig(25662): ✅ Final ad ID for appopen: ca-app-pub-3940256099942544/9257395921
01-07 23:59:48.545 D/BoundBrokerSvc(27767): onBind: Intent { act=com.google.android.gms.ads.service.CACHE xflg=0x4 pkg=com.google.android.gms }
01-07 23:59:48.545 D/BoundBrokerSvc(27767): Loading bound service for intent: Intent { act=com.google.android.gms.ads.service.CACHE xflg=0x4 pkg=com.google.android.gms }
01-07 23:59:48.548 I/DynamiteModule(25662): Considering local module com.google.android.gms.ads.dynamite:0 and remote module com.google.android.gms.ads.dynamite:254380203
01-07 23:59:48.548 I/DynamiteModule(25662): Selected remote version of com.google.android.gms.ads.dynamite, version >= 254380203
01-07 23:59:48.548 V/DynamiteModule(25662): Dynamite loader version >= 2, using loadModule2NoCrashUtils
01-07 23:59:48.553 I/Ads     (25662): Use RequestConfiguration.Builder().setTestDeviceIds(Arrays.asList("45A1DB8F25D3B98F1011B36F9E0C00E3")) to get test ads on this device.
01-07 23:59:48.568 D/CompatChangeReporter(25662): Compat change id reported: 309578419; UID 10547; state: ENABLED
01-07 23:59:48.578 I/ranaudio.online(25662): hiddenapi: Accessing hidden method Landroid/view/View;->computeFitSystemWindows(Landroid/graphics/Rect;Landroid/graphics/Rect;)Z (runtime_flags=0, domain=platform, api=unsupported) from Landroidx/appcompat/widget/ViewUtils; (domain=app, TargetSdkVersion=35) using reflection: allowed
01-07 23:59:48.578 I/ranaudio.online(25662): hiddenapi: Accessing hidden method Landroid/view/ViewGroup;->makeOptionalFitsSystemWindows()V (runtime_flags=0, domain=platform, api=unsupported) from Landroidx/appcompat/widget/ViewUtils; (domain=app, TargetSdkVersion=35) using reflection: allowed
01-07 23:59:48.598 D/PERFORMANCE(25662): ✅ SplashScreenActivity.onCreate() completed [141ms]
01-07 23:59:48.598 D/PERFORMANCE(25662): 📊 Progress: 0% - Loading...
01-07 23:59:48.598 D/PERFORMANCE(25662): → [CONFIG] Starting async config load (2s timeout)
01-07 23:59:48.598 D/PERFORMANCE(25662): → [AD] Starting async ad load
01-07 23:59:48.598 D/AdConfig(25662): 🔍 getAdIdByPosition: position=appopen, isTest=true, BuildConfig.DEBUG=true
01-07 23:59:48.598 D/AdConfig(25662): 🔍 useTestAD()=true
01-07 23:59:48.598 D/AdConfig(25662): ✅ Final ad ID for appopen: ca-app-pub-3940256099942544/9257395921
01-07 23:59:48.598 D/SplashScreen(25662): 📱 [AD] Ad ID: ca-app-pub-3940256099942544/9257395921
01-07 23:59:48.598 D/SubscriptionChecker(25662): 📊 Subscription check: false
01-07 23:59:48.598 D/AdConfig(25662): 🔍 getAdIdByPosition: position=appopen, isTest=true, BuildConfig.DEBUG=true
01-07 23:59:48.598 D/AdConfig(25662): 🔍 useTestAD()=true
01-07 23:59:48.598 D/AdConfig(25662): ✅ Final ad ID for appopen: ca-app-pub-3940256099942544/9257395921
01-07 23:59:48.598 D/SplashScreen(25662): ⏱️ [TIMEOUT] Started 5s max wait timeout
01-07 23:59:48.602 D/App     (25662): 🚀 First launch, preloading app open ad
01-07 23:59:48.602 D/SubscriptionChecker(25662): 📊 Subscription check: false
01-07 23:59:48.602 D/AdConfig(25662): 🔍 getAdIdByPosition: position=appopen, isTest=true, BuildConfig.DEBUG=true
01-07 23:59:48.602 D/AdConfig(25662): 🔍 useTestAD()=true
01-07 23:59:48.602 D/AdConfig(25662): ✅ Final ad ID for appopen: ca-app-pub-3940256099942544/9257395921
01-07 23:59:48.602 I/ContentCaptureHelper(25662): Setting logging level to OFF
01-07 23:59:48.604 D/SessionLifecycleClient(25662): Queued message 1. Queue size 1
01-07 23:59:48.605 D/App     (25662): ⚠️ Native ad cache low (0), replenishing...
01-07 23:59:48.605 E/NATIVE_AD_TRACK(25662): ❌ NativeAdManager.loadNewAd() - AppContext is null
01-07 23:59:48.605 E/NativeAdManager(25662): ❌ AppContext is null, cannot load ad
01-07 23:59:48.610 W/FA      (25662): Failed to retrieve Firebase Instance Id
01-07 23:59:48.614 E/AndroidRuntime(25662): FATAL EXCEPTION: Firebase Blocking Thread #12
01-07 23:59:48.614 E/AndroidRuntime(25662): Process: com.quran.quranaudio.online, PID: 25662
01-07 23:59:48.614 E/AndroidRuntime(25662): java.lang.NoSuchMethodError: No static method checkNotGoogleApiHandlerThread()V in class Lcom/google/android/gms/common/internal/Preconditions; or its super classes (declaration of 'com.google.android.gms.common.internal.Preconditions' appears in /data/app/~~hdbuVMpZGtin5LHAvni4ag==/com.quran.quranaudio.online-KPH8CIMyhFU6veuKU6wsKg==/base.apk!classes30.dex)
01-07 23:59:48.614 E/AndroidRuntime(25662): 	at com.google.android.gms.tasks.Tasks.await(com.google.android.gms:play-services-tasks@@18.1.0:2)
01-07 23:59:48.614 E/AndroidRuntime(25662): 	at com.google.firebase.installations.remote.FirebaseInstallationServiceClient.openHttpURLConnection(FirebaseInstallationServiceClient.java:487)
01-07 23:59:48.614 E/AndroidRuntime(25662): 	at com.google.firebase.installations.remote.FirebaseInstallationServiceClient.createFirebaseInstallation(FirebaseInstallationServiceClient.java:163)
01-07 23:59:48.614 E/AndroidRuntime(25662): 	at com.google.firebase.installations.FirebaseInstallations.registerFidWithServer(FirebaseInstallations.java:533)
01-07 23:59:48.614 E/AndroidRuntime(25662): 	at com.google.firebase.installations.FirebaseInstallations.doNetworkCallIfNecessary(FirebaseInstallations.java:387)
01-07 23:59:48.614 E/AndroidRuntime(25662): 	at com.google.firebase.installations.FirebaseInstallations.lambda$doRegistrationOrRefresh$3$com-google-firebase-installations-FirebaseInstallations(FirebaseInstallations.java:372)
01-07 23:59:48.614 E/AndroidRuntime(25662): 	at com.google.firebase.installations.FirebaseInstallations$$ExternalSyntheticLambda1.run(D8$$SyntheticClass:0)
01-07 23:59:48.614 E/AndroidRuntime(25662): 	at com.google.firebase.concurrent.SequentialExecutor$1.run(SequentialExecutor.java:117)
01-07 23:59:48.614 E/AndroidRuntime(25662): 	at com.google.firebase.concurrent.SequentialExecutor$QueueWorker.workOnQueue(SequentialExecutor.java:229)
01-07 23:59:48.614 E/AndroidRuntime(25662): 	at com.google.firebase.concurrent.SequentialExecutor$QueueWorker.run(SequentialExecutor.java:174)
01-07 23:59:48.614 E/AndroidRuntime(25662): 	at java.util.concurrent.ThreadPoolExecutor.runWorker(ThreadPoolExecutor.java:1154)
01-07 23:59:48.614 E/AndroidRuntime(25662): 	at java.util.concurrent.ThreadPoolExecutor$Worker.run(ThreadPoolExecutor.java:652)
01-07 23:59:48.614 E/AndroidRuntime(25662): 	at com.google.firebase.concurrent.CustomThreadFactory.lambda$newThread$0$com-google-firebase-concurrent-CustomThreadFactory(CustomThreadFactory.java:47)
01-07 23:59:48.614 E/AndroidRuntime(25662): 	at com.google.firebase.concurrent.CustomThreadFactory$$ExternalSyntheticLambda0.run(D8$$SyntheticClass:0)
01-07 23:59:48.614 E/AndroidRuntime(25662): 	at java.lang.Thread.run(Thread.java:1563)
01-07 23:59:48.615 D/CompatChangeReporter(25662): Compat change id reported: 349153669; UID 10547; state: ENABLED
01-07 23:59:48.623 D/SessionLifecycleService(25662): Service bound to new client on process 25662
01-07 23:59:48.626 D/SessionLifecycleService(25662): App has not yet foregrounded. Using previously stored session: null
01-07 23:59:48.626 D/SessionLifecycleService(25662): Client android.os.Messenger@77d4279 bound at 442135756. Clients: 1
01-07 23:59:48.627 D/VRI[SplashScreenActivity](25662): WindowInsets changed: 1080x2400 statusBars:[0,136,0,0] navigationBars:[0,0,0,63] mandatorySystemGestures:[0,168,0,84] 
01-07 23:59:48.628 W/Ads     (25662): Update ad debug logging enablement as false
01-07 23:59:48.628 I/BroadcastQueue( 1861): BOOT_COMPLETED_BROADCAST_COMPLETION_LATENCY_REPORTED action:android.intent.action.BOOT_COMPLETED dispatchLatency:0 completeLatency:1119 dispatchRealLatency:0 completeRealLatency:1119 receiversSize:2 userId:0 userType:android.os.usertype.full.SYSTEM
01-07 23:59:48.629 D/WindowOnBackDispatcher(25662): setTopOnBackInvokedCallback (unwrapped): android.view.ViewRootImpl$$ExternalSyntheticLambda12@47a036c
01-07 23:59:48.629 D/CoreBackPreview( 1861): Window{293ce54 u0 com.quran.quranaudio.online/com.quran.quranaudio.online.SplashScreenActivity}: Setting back callback OnBackInvokedCallbackInfo{mCallback=android.window.IOnBackInvokedCallback$Stub$Proxy@b31583e, mPriority=0, mIsAnimationCallback=false, mOverrideBehavior=0}
01-07 23:59:48.632 W/Ads     (25662): Not retrying to fetch app settings
01-07 23:59:48.634 W/SQLiteLog(27767): (28) double-quoted string literal: "1767628788634"
01-07 23:59:48.634 W/SQLiteLog(27767): (28) double-quoted string literal: "1"
01-07 23:59:48.635 W/ServiceBindIntentUtils(25662): Dynamic lookup for intent failed for action: com.google.android.gms.ads.service.START
01-07 23:59:48.636 D/BackgroundInstallControlService( 1861): Package event received: 0
01-07 23:59:48.637 D/BoundBrokerSvc(27767): onBind: Intent { act=com.google.android.gms.ads.service.START xflg=0x4 pkg=com.google.android.gms }
01-07 23:59:48.637 D/BoundBrokerSvc(27767): Loading bound service for intent: Intent { act=com.google.android.gms.ads.service.START xflg=0x4 pkg=com.google.android.gms }
01-07 23:59:48.642 D/BoundBrokerSvc(27767): onBind: Intent { act=com.google.android.gms.ads.identifier.service.EVENT_ATTESTATION dat=chimera-action:/... xflg=0x4 cmp=com.google.android.gms/.chimera.GmsBoundBrokerService }
01-07 23:59:48.642 D/BoundBrokerSvc(27767): Loading bound service for intent: Intent { act=com.google.android.gms.ads.identifier.service.EVENT_ATTESTATION dat=chimera-action:/... xflg=0x4 cmp=com.google.android.gms/.chimera.GmsBoundBrokerService }
01-07 23:59:48.654 I/NearbyDiscovery(11566): (REDACTED) BloomFilterAdvManager: Detected bloom filter but too far away, ignoring. %sm, %s
01-07 23:59:48.654 I/NearbyDiscovery(11566): (REDACTED) loadFastPairModule: checkFeaturesAreAvailable:%d
01-07 23:59:48.654 I/NearbyDiscovery(11566): loadFastPairModule: FastPair module is downloaded. [CONTEXT service_id=265 ]
01-07 23:59:48.668 D/SessionLifecycleClient(25662): Connected to SessionLifecycleService. Queue size 1
01-07 23:59:48.669 D/SessionLifecycleClient(25662): Sending lifecycle 1 to service
01-07 23:59:48.669 D/SessionLifecycleService(25662): Activity foregrounding at 442135801.
01-07 23:59:48.669 D/SessionLifecycleService(25662): Cold start detected.
01-07 23:59:48.671 I/ActivityTaskManager( 1861): Displayed com.quran.quranaudio.online/.SplashScreenActivity for user 0: +1s228ms
01-07 23:59:48.671 D/SessionLifecycleService(25662): Generated new session 3c1d3be04065417dbf4c67a56037ff29
01-07 23:59:48.671 D/SessionLifecycleService(25662): Broadcasting new session: SessionDetails(sessionId=3c1d3be04065417dbf4c67a56037ff29, firstSessionId=3c1d3be04065417dbf4c67a56037ff29, sessionIndex=0, sessionStartTimestampUs=1767801588671000)
01-07 23:59:48.673 D/SessionFirelogPublisher(25662): Data Collection is enabled for at least one Subscriber
01-07 23:59:48.676 I/AdInternalSettings(25662): Test mode device hash: 370f2e63-976a-44b4-90c0-16fec7fdfc02
01-07 23:59:48.676 I/AdInternalSettings(25662): When testing your app with Facebook's ad units you must specify the device hashed ID to ensure the delivery of test ads, add the following code before loading an ad: AdSettings.addTestDevice("370f2e63-976a-44b4-90c0-16fec7fdfc02");
01-07 23:59:48.680 D/AdvertisingIdClient(27767): AdvertisingIdClient already created.
01-07 23:59:48.680 D/AdvertisingIdClient(27767): AdvertisingIdClient is not bounded. Starting to bind it...
01-07 23:59:48.680 E/AndroidRuntime(25662): FATAL EXCEPTION: Firebase Blocking Thread #13
01-07 23:59:48.680 E/AndroidRuntime(25662): Process: com.quran.quranaudio.online, PID: 25662
01-07 23:59:48.680 E/AndroidRuntime(25662): java.lang.NoSuchMethodError: No static method checkNotGoogleApiHandlerThread()V in class Lcom/google/android/gms/common/internal/Preconditions; or its super classes (declaration of 'com.google.android.gms.common.internal.Preconditions' appears in /data/app/~~hdbuVMpZGtin5LHAvni4ag==/com.quran.quranaudio.online-KPH8CIMyhFU6veuKU6wsKg==/base.apk!classes30.dex)
01-07 23:59:48.680 E/AndroidRuntime(25662): 	at com.google.android.gms.tasks.Tasks.await(com.google.android.gms:play-services-tasks@@18.1.0:2)
01-07 23:59:48.680 E/AndroidRuntime(25662): 	at com.google.firebase.installations.remote.FirebaseInstallationServiceClient.openHttpURLConnection(FirebaseInstallationServiceClient.java:487)
01-07 23:59:48.680 E/AndroidRuntime(25662): 	at com.google.firebase.installations.remote.FirebaseInstallationServiceClient.createFirebaseInstallation(FirebaseInstallationServiceClient.java:163)
01-07 23:59:48.680 E/AndroidRuntime(25662): 	at com.google.firebase.installations.FirebaseInstallations.registerFidWithServer(FirebaseInstallations.java:533)
01-07 23:59:48.680 E/AndroidRuntime(25662): 	at com.google.firebase.installations.FirebaseInstallations.doNetworkCallIfNecessary(FirebaseInstallations.java:387)
01-07 23:59:48.680 E/AndroidRuntime(25662): 	at com.google.firebase.installations.FirebaseInstallations.lambda$doRegistrationOrRefresh$3$com-google-firebase-installations-FirebaseInstallations(FirebaseInstallations.java:372)
01-07 23:59:48.680 E/AndroidRuntime(25662): 	at com.google.firebase.installations.FirebaseInstallations$$ExternalSyntheticLambda1.run(D8$$SyntheticClass:0)
01-07 23:59:48.680 E/AndroidRuntime(25662): 	at com.google.firebase.concurrent.SequentialExecutor$1.run(SequentialExecutor.java:117)
01-07 23:59:48.680 E/AndroidRuntime(25662): 	at com.google.firebase.concurrent.SequentialExecutor$QueueWorker.workOnQueue(SequentialExecutor.java:229)
01-07 23:59:48.680 E/AndroidRuntime(25662): 	at com.google.firebase.concurrent.SequentialExecutor$QueueWorker.run(SequentialExecutor.java:174)
01-07 23:59:48.680 E/AndroidRuntime(25662): 	at java.util.concurrent.ThreadPoolExecutor.runWorker(ThreadPoolExecutor.java:1154)
01-07 23:59:48.680 E/AndroidRuntime(25662): 	at java.util.concurrent.ThreadPoolExecutor$Worker.run(ThreadPoolExecutor.java:652)
01-07 23:59:48.680 E/AndroidRuntime(25662): 	at com.google.firebase.concurrent.CustomThreadFactory.lambda$newThread$0$com-google-firebase-concurrent-CustomThreadFactory(CustomThreadFactory.java:47)
01-07 23:59:48.680 E/AndroidRuntime(25662): 	at com.google.firebase.concurrent.CustomThreadFactory$$ExternalSyntheticLambda0.run(D8$$SyntheticClass:0)
01-07 23:59:48.680 E/AndroidRuntime(25662): 	at java.lang.Thread.run(Thread.java:1563)
01-07 23:59:48.684 D/EventGDTLogger(25662): Session Event: {"eventType":1,"sessionData":{"sessionId":"3c1d3be04065417dbf4c67a56037ff29","firstSessionId":"3c1d3be04065417dbf4c67a56037ff29","sessionIndex":0,"eventTimestampUs":1767801588671000,"dataCollectionStatus":{"performance":1,"crashlytics":2,"sessionSamplingRate":1.0},"firebaseInstallationId":"ezNlmiF7RXW1StAjcR5JLd"},"applicationInfo":{"appId":"1:517834286063:android:aea3c459125d4c2cd80c1a","deviceModel":"Pixel 7","sessionSdkVersion":"1.2.0","osVersion":"16","logEnvironment":3,"androidAppInfo":{"packageName":"com.quran.quranaudio.online","versionName":"1.9.28","appBuildVersion":"110","deviceManufacturer":"Google","currentProcessDetails":{"processName":"com.quran.quranaudio.online","pid":25662,"importance":100,"defaultProcess":true},"appProcessDetails":[{"processName":"com.quran.quranaudio.online","pid":25662,"importance":100,"defaultProcess":true}]}}}
01-07 23:59:48.684 D/SessionFirelogPublisher(25662): Successfully logged Session Start event: 3c1d3be04065417dbf4c67a56037ff29
01-07 23:59:48.686 D/AdvertisingIdClient(27767): AdvertisingIdClient is bounded
01-07 23:59:48.687 I/AdvertisingIdClient(27767): shouldSendLog 793091150
01-07 23:59:48.689 D/BoundBrokerSvc(11566): onRebind: Intent { act=com.google.android.gms.common.telemetry.service.START dat=chimera-action:/... xflg=0x4 cmp=com.google.android.gms/.chimera.PersistentApiService }
01-07 23:59:48.690 I/AdvertisingIdClient(27767): GetInfoInternal elapse 7ms
01-07 23:59:48.694 I/AdvertisingIdClient(27767): getting error as 17: API: ClientTelemetry.API is not available on this device. Connection failed with: ConnectionResult{statusCode=API_DISABLED_FOR_CONNECTION, resolution=null, message=null, clientMethodKey=null}
01-07 23:59:48.699 D/SessionLifecycleClient(25662): Session update received: 3c1d3be04065417dbf4c67a56037ff29
01-07 23:59:48.700 D/SessionLifecycleClient(25662): Notified CRASHLYTICS of new session 3c1d3be04065417dbf4c67a56037ff29
01-07 23:59:48.701 D/PERFORMANCE(25662): ✅ [CONFIG] Config loaded (cached) [103ms]
01-07 23:59:48.701 D/PERFORMANCE(25662): 📊 Progress: 40% - Config ready
01-07 23:59:48.701 D/AdConfig(25662): 🔍 getAdIdByPosition: position=appopen, isTest=true, BuildConfig.DEBUG=true
01-07 23:59:48.701 D/AdConfig(25662): 🔍 useTestAD()=true
01-07 23:59:48.701 D/AdConfig(25662): ✅ Final ad ID for appopen: ca-app-pub-3940256099942544/9257395921
01-07 23:59:48.701 D/PERFORMANCE(25662): 📊 Progress: 100% - Ready
01-07 23:59:48.701 D/AdConfig(25662): 🔍 getAdIdByPosition: position=appopen, isTest=true, BuildConfig.DEBUG=true
01-07 23:59:48.701 D/AdConfig(25662): 🔍 useTestAD()=true
01-07 23:59:48.701 D/AdConfig(25662): ✅ Final ad ID for appopen: ca-app-pub-3940256099942544/9257395921
01-07 23:59:48.701 D/SplashScreen(25662): ⚠️ [AD] No ad available, jumping to main
01-07 23:59:48.701 D/SplashScreen(25662): ✅ Jumping to next activity
01-07 23:59:48.701 E/ActivityThread(25662): Failed to find provider info for com.xiaomi.market.provider.DirectMailProvider
01-07 23:59:48.701 D/SplashScreen(25662): 🎯 First launch - Showing Onboarding
01-07 23:59:48.702 D/AnalyticsManager(25662): ✅ Event logged: app_workflow_step | params: {duration_from_start=399.0, step_name=onboarding_start, timestamp=1767801588701}
01-07 23:59:48.702 D/BoundBrokerSvc(11566): onRebind: Intent { act=com.google.android.gms.presencemanager.service.START dat=chimera-action:/... xflg=0x4 cmp=com.google.android.gms/.chimera.PersistentApiService }
01-07 23:59:48.702 V/WindowManager( 1861): DesktopModeLaunchParamsModifier: phase= 0 task=null activity=null desktop mode is not enabled, skipping
01-07 23:59:48.702 V/WindowManager( 1861): TaskLaunchParamsModifier:phase=0 task=null activity=null display-area-from-source=DefaultTaskDisplayArea@25975029 display-id=0 task-display-area-windowing-mode=1 suggested-display-area=DefaultTaskDisplayArea@25975029
01-07 23:59:48.703 V/GrammaticalInflectionUtils( 1861): AttributionSource: android.content.AttributionSource@547ccc48 does not have READ_SYSTEM_GRAMMATICAL_GENDER permission.
01-07 23:59:48.704 V/WindowManager( 1861): DesktopModeLaunchParamsModifier: phase= 0 task=null activity=ActivityRecord{140436189 u0 com.quran.quranaudio.online/.quran_module.activities.ActivityOnboarding desktop mode is not enabled, skipping
01-07 23:59:48.704 V/WindowManager( 1861): TaskLaunchParamsModifier:phase=0 task=null activity=ActivityRecord{140436189 u0 com.quran.quranaudio.online/.quran_module.activities.ActivityOnboarding t-1} display-area-from-source=DefaultTaskDisplayArea@25975029 display-id=0 task-display-area-windowing-mode=1 suggested-display-area=DefaultTaskDisplayArea@25975029
01-07 23:59:48.704 V/WindowManager( 1861): DesktopModeLaunchParamsModifier: phase= 3 task=Task{42c2667 #4968 type=standard A=10547:com.quran.quranaudio.online} activity=ActivityRecord{140436189 u0 com.quran.quranaudio.online/.quran_module.activities.ActivityOnboarding t-1} desktop mode is not enabled, skipping
01-07 23:59:48.704 V/WindowManager( 1861): TaskLaunchParamsModifier:phase=3 task=Task{42c2667 #4968 type=standard A=10547:com.quran.quranaudio.online} activity=ActivityRecord{140436189 u0 com.quran.quranaudio.online/.quran_module.activities.ActivityOnboarding t-1} display-area-from-source=DefaultTaskDisplayArea@25975029 display-id=0 task-display-area-windowing-mode=1 suggested-display-area=DefaultTaskDisplayArea@25975029 inherit-from-source=fullscreen non-freeform-task-display-area display-area=DefaultTaskDisplayArea@25975029 default-portrait freeform-size-mismatch=Rect(276, 696 - 805, 1776)
01-07 23:59:48.704 V/WindowManager( 1861): DesktopModeLaunchParamsModifier: phase= 3 task=Task{42c2667 #4968 type=standard A=10547:com.quran.quranaudio.online} activity=ActivityRecord{140436189 u0 com.quran.quranaudio.online/.quran_module.activities.ActivityOnboarding t-1} desktop mode is not enabled, skipping
01-07 23:59:48.704 V/WindowManager( 1861): TaskLaunchParamsModifier:phase=3 task=Task{42c2667 #4968 type=standard A=10547:com.quran.quranaudio.online} activity=ActivityRecord{140436189 u0 com.quran.quranaudio.online/.quran_module.activities.ActivityOnboarding t-1} display-area-from-source=DefaultTaskDisplayArea@25975029 display-id=0 task-display-area-windowing-mode=1 suggested-display-area=DefaultTaskDisplayArea@25975029 inherit-from-source=fullscreen non-freeform-task-display-area display-area=DefaultTaskDisplayArea@25975029 default-portrait freeform-size-mismatch=Rect(276, 696 - 805, 1776)
01-07 23:59:48.704 V/WindowManager( 1861): DesktopModeLaunchParamsModifier: phase= 3 task=Task{42c2667 #4968 type=standard A=10547:com.quran.quranaudio.online} activity=ActivityRecord{140436189 u0 com.quran.quranaudio.online/.quran_module.activities.ActivityOnboarding t-1} desktop mode is not enabled, skipping
01-07 23:59:48.704 V/WindowManager( 1861): TaskLaunchParamsModifier:phase=3 task=Task{42c2667 #4968 type=standard A=10547:com.quran.quranaudio.online} activity=ActivityRecord{140436189 u0 com.quran.quranaudio.online/.quran_module.activities.ActivityOnboarding t-1} display-area-from-source=DefaultTaskDisplayArea@25975029 display-id=0 task-display-area-windowing-mode=1 suggested-display-area=DefaultTaskDisplayArea@25975029 inherit-from-source=fullscreen non-freeform-task-display-area display-area=DefaultTaskDisplayArea@25975029 default-portrait freeform-size-mismatch=Rect(276, 696 - 805, 1776)
01-07 23:59:48.706 I/ActivityTaskManager( 1861): START u0 {xflg=0x4 cmp=com.quran.quranaudio.online/.quran_module.activities.ActivityOnboarding} with LAUNCH_MULTIPLE from uid 10547 (com.quran.quranaudio.online) (sr=194140710) (BAL_ALLOW_VISIBLE_WINDOW) result code=0
01-07 23:59:48.706 V/WindowManagerShell( 4292): Transition requested (#3422): android.os.BinderProxy@53d6470 TransitionRequestInfo { type = OPEN, triggerTask = TaskInfo{userId=0 taskId=4968 effectiveUid=10547 displayId=0 isRunning=true baseIntent=Intent { flg=0x10000000 cmp=com.quran.quranaudio.online/.SplashScreenActivity } baseActivity=ComponentInfo{com.quran.quranaudio.online/com.quran.quranaudio.online.SplashScreenActivity} topActivity=ComponentInfo{com.quran.quranaudio.online/com.quran.quranaudio.online.quran_module.activities.ActivityOnboarding} origActivity=null realActivity=ComponentInfo{com.quran.quranaudio.online/com.quran.quranaudio.online.SplashScreenActivity} numActivities=2 lastActiveTime=794914703 supportsMultiWindow=true resizeMode=1 isResizeable=true minWidth=-1 minHeight=-1 defaultMinSize=220 token=WCT{android.os.BinderProxy@4846be5} topActivityType=1 pictureInPictureParams=null shouldDockBigOverlays=false launchIntoPipHostTaskId=-1 lastParentTaskIdBeforePip=-1 displayCutoutSafeInsets=Rect(0, 0 - 0, 0) topActivityInfo=ActivityInfo{e5e13e9 com.quran.quranaudio.online.quran_module.activities.ActivityOnboarding} launchCookies=[] positionInParent=Point(0, 0) parentTaskId=-1 isFocused=true isVisible=true isVisibleRequested=true isTopActivityNoDisplay=false isSleeping=false locusId=null displayAreaFeatureId=1 isTopActivityTransparent=false isActivityStackTransparent=false lastNonFullscreenBounds=Rect(276, 696 - 805, 1776) capturedLink=null capturedLinkTimestamp=0 requestedVisibleTypes=503 topActivityRequestOpenInBrowserEducationTimestamp=0 appCompatTaskInfo=AppCompatTaskInfo { topActivityInSizeCompat=false isLeafTask= true eligibleForLetterboxEducation= false isLetterboxEducationEnabled= false isLetterboxDoubleTapEnabled= false eligibleForUserAspectRatioButton= false topActivityBoundsLetterboxed= false isFromLetterboxDoubleTap= false topActivityLetterboxVerticalPosition= -1 topActivityLetterboxHorizontalPosition= -1 topActivityLetterboxWidth=-1 topActivityLetterboxHeight=-1 topActivityAppBounds=Rect(0, 0 - 1080, 2400) isUserFullscreenOverrideEnabled=false isSystemFullscreenOverrideEnabled=false hasMinAspectRatioOverride=false topActivityLetterboxBounds=null cameraCompatTaskInfo=CameraCompatTaskInfo { cameraCompatMode=undefinedundefined} topNonResizableActivityAspectRatio=-1.0} topActivityMainWindowFrame=null isAppBubble=false}, pipChange = null, remoteTransition = null, displayChange = null, requestedLocation = null, userChange = null, windowingLayerChange = null, flags = 0, debugId = 3422 }
01-07 23:59:48.706 D/ShellSplitScreen( 4292): logExit: no-op, mLoggerSessionId is null
01-07 23:59:48.707 I/libbinder.BpBinder(  742): onLastStrongRef automatically unlinking death recipients for descriptor: '(not cached)'
01-07 23:59:48.710 D/SessionLifecycleClient(25662): Sending lifecycle 2 to service
01-07 23:59:48.711 D/SessionLifecycleService(25662): Activity backgrounding at 442135842
01-07 23:59:48.714 D/BackgroundInstallControlService( 1861): Package event received: 0
01-07 23:59:48.717 D/BoundBrokerSvc(11566): onRebind: Intent { act=com.google.android.gms.presencemanager.service.INTERNAL_IDENTITY dat=chimera-action:/... xflg=0x4 cmp=com.google.android.gms/.chimera.PersistentApiService }
01-07 23:59:48.719 V/Configuration(25662): Updating configuration, locales updated from [en_US,id_ID,zh_CN_#Hans] to [en]
01-07 23:59:48.720 V/Configuration(25662): Updating configuration, locales updated from [] to [en]
01-07 23:59:48.723 I/ranaudio.online(25662): hiddenapi: Accessing hidden method Ldalvik/system/CloseGuard;->get()Ldalvik/system/CloseGuard; (runtime_flags=CorePlatformApi, domain=core-platform, api=unsupported,core-platform-api) from Lcom/mbridge/msdk/thrid/okhttp/internal/platform/AndroidPlatform$CloseGuard; (domain=app, TargetSdkVersion=35) using reflection: allowed
01-07 23:59:48.723 I/ranaudio.online(25662): hiddenapi: Accessing hidden method Ldalvik/system/CloseGuard;->open(Ljava/lang/String;)V (runtime_flags=CorePlatformApi, domain=core-platform, api=unsupported,core-platform-api) from Lcom/mbridge/msdk/thrid/okhttp/internal/platform/AndroidPlatform$CloseGuard; (domain=app, TargetSdkVersion=35) using reflection: allowed
01-07 23:59:48.723 I/ranaudio.online(25662): hiddenapi: Accessing hidden method Ldalvik/system/CloseGuard;->warnIfOpen()V (runtime_flags=CorePlatformApi, domain=core-platform, api=unsupported,core-platform-api) from Lcom/mbridge/msdk/thrid/okhttp/internal/platform/AndroidPlatform$CloseGuard; (domain=app, TargetSdkVersion=35) using reflection: allowed
01-07 23:59:48.724 D/BackgroundInstallControlService( 1861): Package event received: 0
01-07 23:59:48.724 D/BackgroundInstallControlService( 1861): Package event received: 0
01-07 23:59:48.724 D/SubscriptionChecker(25662): 📊 Subscription check: false
01-07 23:59:48.724 D/AdConfig(25662): 🔍 getAdIdByPosition: position=inter_ad, isTest=true, BuildConfig.DEBUG=true
01-07 23:59:48.724 D/AdConfig(25662): 🔍 useTestAD()=true
01-07 23:59:48.724 D/AdConfig(25662): ✅ Final ad ID for inter_ad: ca-app-pub-3940256099942544/1033173712
01-07 23:59:48.724 D/SubscriptionChecker(25662): 📊 Subscription check: false
01-07 23:59:48.724 D/AdConfig(25662): 🔍 getAdIdByPosition: position=appopen, isTest=true, BuildConfig.DEBUG=true
01-07 23:59:48.724 D/AdConfig(25662): 🔍 useTestAD()=true
01-07 23:59:48.724 D/AdConfig(25662): ✅ Final ad ID for appopen: ca-app-pub-3940256099942544/9257395921
01-07 23:59:48.750 W/SQLiteLog(27767): (28) double-quoted string literal: "1767628788749"
01-07 23:59:48.750 W/SQLiteLog(27767): (28) double-quoted string literal: "1"
01-07 23:59:48.751 I/ContentCaptureHelper(25662): Setting logging level to OFF
01-07 23:59:48.753 D/App     (25662): ⚠️ Native ad cache low (0), replenishing...
01-07 23:59:48.753 E/NATIVE_AD_TRACK(25662): ❌ NativeAdManager.loadNewAd() - AppContext is null
01-07 23:59:48.753 E/NativeAdManager(25662): ❌ AppContext is null, cannot load ad
01-07 23:59:48.754 D/SessionLifecycleClient(25662): Sending lifecycle 1 to service
01-07 23:59:48.754 D/SessionLifecycleService(25662): Activity foregrounding at 442135886.
01-07 23:59:48.761 W/SQLiteLog(27767): (28) double-quoted string literal: "1767628788761"
01-07 23:59:48.761 W/SQLiteLog(27767): (28) double-quoted string literal: "1"
01-07 23:59:48.764 D/VRI[ActivityOnboarding](25662): WindowInsets changed: 1080x2400 statusBars:[0,136,0,0] navigationBars:[0,0,0,63] mandatorySystemGestures:[0,168,0,84] 
01-07 23:59:48.764 D/WindowOnBackDispatcher(25662): setTopOnBackInvokedCallback (unwrapped): android.view.ViewRootImpl$$ExternalSyntheticLambda12@b92965a
01-07 23:59:48.765 D/CoreBackPreview( 1861): Window{c4a8d13 u0 com.quran.quranaudio.online/com.quran.quranaudio.online.quran_module.activities.ActivityOnboarding}: Setting back callback OnBackInvokedCallbackInfo{mCallback=android.window.IOnBackInvokedCallback$Stub$Proxy@3536149, mPriority=0, mIsAnimationCallback=false, mOverrideBehavior=0}
01-07 23:59:48.780 I/Ads     (27767): Received log message: <Google:HTML> You are currently using version 254380999.231004000.1 of the SDK, which is out of date. Please consider updating your SDK to the most recent SDK version to get the latest features and bug fixes. The latest SDK can be installed from https://goo.gle/android-install-instructions. More information about the SDK deprecation schedule is available at https://developers.google.com/admob/android/deprecation.
01-07 23:59:48.784 V/WindowManagerShell( 4292): onTransitionReady(transaction=7992934767067)
01-07 23:59:48.784 I/ActivityTaskManager( 1861): Displayed com.quran.quranaudio.online/.quran_module.activities.ActivityOnboarding for user 0: +76ms
01-07 23:59:48.784 V/WindowManagerShell( 4292): onTransitionReady (#3422) android.os.BinderProxy@53d6470: {id=3422 t=OPEN f=0x0 trk=0 r=[0@Point(0, 0)] c=[
01-07 23:59:48.784 V/WindowManagerShell( 4292):         {m=OPEN f=FILLS_TASK leash=Surface(name=ActivityRecord{140436189 u0 com.quran.quranaudio.online/.quran_module.activities.ActivityOnboarding t4968}#36445)/@0xeec579c sb=Rect(0, 0 - 0, 0) eb=Rect(0, 0 - 1080, 2400) epz=Point(1080, 2400) d=-1->0 r=-1->0:-1 bc=ffffffff activity=ActivityTransitionInfo { component = ComponentInfo{com.quran.quranaudio.online/com.quran.quranaudio.online.quran_module.activities.ActivityOnboarding}, taskId = 4968, appCompatTransitionInfo = null } opt={t=FROM_STYLE mUserId=0}},
01-07 23:59:48.784 V/WindowManagerShell( 4292):         {m=CLOSE f=FILLS_TASK|IS_BEHIND_STARTING_WINDOW leash=Surface(name=ActivityRecord{194140710 u0 com.quran.quranaudio.online/.SplashScreenActivity t4968}#36433)/@0xbfb05a5 sb=Rect(0, 0 - 1080, 2400) eb=Rect(0, 0 - 1080, 2400) epz=Point(1080, 2400) d=0 bc=ffffffff activity=ActivityTransitionInfo { component = ComponentInfo{com.quran.quranaudio.online/com.quran.quranaudio.online.SplashScreenActivity}, taskId = 4968, appCompatTransitionInfo = null } opt={t=FROM_STYLE mUserId=0}}
01-07 23:59:48.784 V/WindowManagerShell( 4292):     ]}
01-07 23:59:48.784 V/WindowManagerShell( 4292): Playing animation for (#3422) android.os.BinderProxy@53d6470@0
01-07 23:59:48.784 V/ShellRecents( 4292): RecentsTransitionHandler.startAnimation: no controller found
01-07 23:59:48.784 V/WindowManagerShell( 4292): Transition doesn't have explicit remote, search filters for match for {id=3422 t=OPEN f=0x0 trk=0 r=[0@Point(0, 0)] c=[{m=OPEN f=FILLS_TASK leash=Surface(name=ActivityRecord{140436189 u0 com.quran.quranaudio.online/.quran_module.activities.ActivityOnboarding t4968}#36445)/@0xeec579c sb=Rect(0, 0 - 0, 0) eb=Rect(0, 0 - 1080, 2400) epz=Point(1080, 2400) d=-1->0 r=-1->0:-1 bc=ffffffff activity=ActivityTransitionInfo { component = ComponentInfo{com.quran.quranaudio.online/com.quran.quranaudio.online.quran_module.activities.ActivityOnboarding}, taskId = 4968, appCompatTransitionInfo = null } opt={t=FROM_STYLE mUserId=0}},{m=CLOSE f=FILLS_TASK|IS_BEHIND_STARTING_WINDOW leash=Surface(name=ActivityRecord{194140710 u0 com.quran.quranaudio.online/.SplashScreenActivity t4968}#36433)/@0xbfb05a5 sb=Rect(0, 0 - 1080, 2400) eb=Rect(0, 0 - 1080, 2400) epz=Point(1080, 2400) d=0 bc=ffffffff activity=ActivityTransitionInfo { component = ComponentInfo{com.quran.quranaudio.online/com.quran.quranaudio.online.SplashScreenActivity}, taskId = 4968, appCompatTransitionInfo = null } opt={t=FROM_STYLE mUserId=0}}]}
01-07 23:59:48.784 V/WindowManagerShell( 4292):  Checking filter Pair{{types=[] flags=0x0] notFlags=0x0 checks=[{atype=undefined independent=true modes=[CLOSE,TO_BACK] flags=IN_TASK_WITH_EMBEDDED_ACTIVITY mustBeTask=false order=ANY topActivity=null launchCookie=null taskFragmentToken=android.os.BinderProxy@5fb9cbf windowingMode=undefined isCrossDisplayMove=false}]} RemoteTransition { remoteTransition = android.window.IRemoteTransition$Stub$Proxy@9e1f8c, appThread = android.app.IApplicationThread$Stub$Proxy@33846d5, debugName = overlayBackTransition }}
01-07 23:59:48.784 V/WindowManagerShell( 4292):  Checking filter Pair{{types=[] flags=0x0] notFlags=0x0 checks=[{atype=dream independent=true modes=[OPEN,TO_FRONT] flags=NONE mustBeTask=false order=ANY topActivity=null launchCookie=null windowingMode=undefined isCrossDisplayMove=false},{atype=home independent=true modes=[CLOSE,TO_BACK] flags=NONE mustBeTask=false order=ANY topActivity=null launchCookie=null windowingMode=undefined isCrossDisplayMove=false}]} RemoteTransition { remoteTransition = android.window.IRemoteTransition$Stub$Proxy@2493eea, appThread = android.app.IApplicationThread$Stub$Proxy@d5745db, debugName = LauncherToDream }}
01-07 23:59:48.784 V/WindowManagerShell( 4292):  Checking filter Pair{{types=[] flags=0x0] notFlags=0x100 checks=[{atype=home independent=true modes=[OPEN,TO_FRONT] flags=NONE mustBeTask=false order=TOP topActivity=ComponentInfo{com.google.android.apps.nexuslauncher/com.google.android.apps.nexuslauncher.NexusLauncherActivity} launchCookie=null windowingMode=undefined isCrossDisplayMove=false},{atype=standard independent=true modes=[CLOSE,TO_BACK] flags=NONE mustBeTask=false order=ANY topActivity=null launchCookie=null windowingMode=undefined isCrossDisplayMove=false},{NOT atype=undefined independent=true modes=[] flags=NONE mustBeTask=true order=ANY topActivity=null launchCookie=null customAnim=true windowingMode=undefined isCrossDisplayMove=false}]} RemoteTransition { remoteTransition = android.window.IRemoteTransition$Stub$Proxy@7d3a878, appThread = android.app.IApplicationThread$Stub$Proxy@7437b51, debugName = QuickstepLaunchHome }}
01-07 23:59:48.784 V/WindowManagerShell( 4292):  Delegate animation for (#3422) to null
01-07 23:59:48.784 V/WindowManagerShell( 4292): start default transition animation, info = {id=3422 t=OPEN f=0x0 trk=0 r=[0@Point(0, 0)] c=[{m=OPEN f=FILLS_TASK leash=Surface(name=ActivityRecord{140436189 u0 com.quran.quranaudio.online/.quran_module.activities.ActivityOnboarding t4968}#36445)/@0xeec579c sb=Rect(0, 0 - 0, 0) eb=Rect(0, 0 - 1080, 2400) epz=Point(1080, 2400) d=-1->0 r=-1->0:-1 bc=ffffffff activity=ActivityTransitionInfo { component = ComponentInfo{com.quran.quranaudio.online/com.quran.quranaudio.online.quran_module.activities.ActivityOnboarding}, taskId = 4968, appCompatTransitionInfo = null } opt={t=FROM_STYLE mUserId=0}},{m=CLOSE f=FILLS_TASK|IS_BEHIND_STARTING_WINDOW leash=Surface(name=ActivityRecord{194140710 u0 com.quran.quranaudio.online/.SplashScreenActivity t4968}#36433)/@0xbfb05a5 sb=Rect(0, 0 - 1080, 2400) eb=Rect(0, 0 - 1080, 2400) epz=Point(1080, 2400) d=0 bc=ffffffff activity=ActivityTransitionInfo { component = ComponentInfo{com.quran.quranaudio.online/com.quran.quranaudio.online.SplashScreenActivity}, taskId = 4968, appCompatTransitionInfo = null } opt={t=FROM_STYLE mUserId=0}}]}
01-07 23:59:48.785 V/WindowManager( 1861): Sent Transition (#3422) createdAt=01-07 23:59:48.703 via request=TransitionRequestInfo { type = OPEN, triggerTask = TaskInfo{userId=0 taskId=4968 effectiveUid=10547 displayId=0 isRunning=true baseIntent=Intent { flg=0x10000000 cmp=com.quran.quranaudio.online/.SplashScreenActivity } baseActivity=ComponentInfo{com.quran.quranaudio.online/com.quran.quranaudio.online.SplashScreenActivity} topActivity=ComponentInfo{com.quran.quranaudio.online/com.quran.quranaudio.online.quran_module.activities.ActivityOnboarding} origActivity=null realActivity=ComponentInfo{com.quran.quranaudio.online/com.quran.quranaudio.online.SplashScreenActivity} numActivities=2 lastActiveTime=794914703 supportsMultiWindow=true resizeMode=1 isResizeable=true minWidth=-1 minHeight=-1 defaultMinSize=220 token=WCT{RemoteToken{94873c8 Task{42c2667 #4968 type=standard A=10547:com.quran.quranaudio.online}}} topActivityType=1 pictureInPictureParams=null shouldDockBigOverlays=false launchIntoPipHostTaskId=-1 lastParentTaskIdBeforePip=-1 displayCutoutSafeInsets=Rect(0, 0 - 0, 0) topActivityInfo=ActivityInfo{fa0f081 com.quran.quranaudio.online.quran_module.activities.ActivityOnboarding} launchCookies=[] positionInParent=Point(0, 0) parentTaskId=-1 isFocused=true isVisible=true isVisibleRequested=true isTopActivityNoDisplay=false isSleeping=false locusId=null displayAreaFeatureId=1 isTopActivityTransparent=false isActivityStackTransparent=false lastNonFullscreenBounds=Rect(276, 696 - 805, 1776) capturedLink=null capturedLinkTimestamp=0 requestedVisibleTypes=503 topActivityRequestOpenInBrowserEducationTimestamp=0 appCompatTaskInfo=AppCompatTaskInfo { topActivityInSizeCompat=false isLeafTask= true eligibleForLetterboxEducation= false isLetterboxEducationEnabled= false isLetterboxDoubleTapEnabled= false eligibleForUserAspectRatioButton= false topActivityBoundsLetterboxed= false isFromLetterboxDoubleTap= false topActivityLetterboxVerticalPosition= -1 topActivityLetterboxHorizontalPosition= -1 topActivityLetterboxWidth=-1 topActivityLetterboxHeight=-1 topActivityAppBounds=Rect(0, 0 - 1080, 2400) isUserFullscreenOverrideEnabled=false isSystemFullscreenOverrideEnabled=false hasMinAspectRatioOverride=false topActivityLetterboxBounds=null cameraCompatTaskInfo=CameraCompatTaskInfo { cameraCompatMode=undefinedundefined} topNonResizableActivityAspectRatio=-1.0} topActivityMainWindowFrame=null isAppBubble=false}, pipChange = null, remoteTransition = null, displayChange = null, requestedLocation = null, userChange = null, windowingLayerChange = null, flags = 0, debugId = 3422 }
01-07 23:59:48.785 V/WindowManager( 1861):     startWCT=WindowContainerTransaction { changes= {} hops= [] errorCallbackToken=null taskFragmentOrganizer=null }
01-07 23:59:48.785 V/WindowManager( 1861):     info={id=3422 t=OPEN f=0x0 trk=0 r=[0@Point(0, 0)] c=[
01-07 23:59:48.785 V/WindowManager( 1861):         {m=OPEN f=FILLS_TASK leash=Surface(name=ActivityRecord{140436189 u0 com.quran.quranaudio.online/.quran_module.activities.ActivityOnboarding t4968}#36445)/@0xa048b8b sb=Rect(0, 0 - 0, 0) eb=Rect(0, 0 - 1080, 2400) epz=Point(1080, 2400) d=-1->0 r=-1->0:-1 bc=ffffffff activity=ActivityTransitionInfo { component = ComponentInfo{com.quran.quranaudio.online/com.quran.quranaudio.online.quran_module.activities.ActivityOnboarding}, taskId = 4968, appCompatTransitionInfo = null } opt={t=FROM_STYLE mUserId=0}},
01-07 23:59:48.785 V/WindowManager( 1861):         {m=CLOSE f=FILLS_TASK|IS_BEHIND_STARTING_WINDOW leash=Surface(name=ActivityRecord{194140710 u0 com.quran.quranaudio.online/.SplashScreenActivity t4968}#36433)/@0xdce4d5a sb=Rect(0, 0 - 1080, 2400) eb=Rect(0, 0 - 1080, 2400) epz=Point(1080, 2400) d=0 bc=ffffffff activity=ActivityTransitionInfo { component = ComponentInfo{com.quran.quranaudio.online/com.quran.quranaudio.online.SplashScreenActivity}, taskId = 4968, appCompatTransitionInfo = null } opt={t=FROM_STYLE mUserId=0}}
01-07 23:59:48.785 V/WindowManager( 1861):     ]}
01-07 23:59:48.785 V/WindowManagerShell( 4292): loadAnimation: anim=android.view.animation.AnimationSet@5d65746 animAttr=0x5 type=OPEN isEntrance=false
01-07 23:59:48.785 V/WindowManagerShell( 4292): loadAnimation: anim=android.view.animation.AnimationSet@cd5445d animAttr=0x4 type=OPEN isEntrance=true
01-07 23:59:48.786 V/WindowManagerShell( 4292):  animated by com.android.wm.shell.transition.DefaultTransitionHandler@bf1561c
01-07 23:59:48.786 D/BaseActivity( 4655): Launcher flags updated: [] -[state_started]
01-07 23:59:48.786 D/BaseDepthController( 4655): setSurface:
01-07 23:59:48.786 D/BaseDepthController( 4655): 	mWaitingOnSurfaceValidity: false
01-07 23:59:48.786 D/BaseDepthController( 4655): 	mBaseSurface: null
01-07 23:59:48.786 D/BaseDepthController( 4655): mSurface is null and mCurrentBlur is: 0
01-07 23:59:48.787 D/LauncherStateManager( 4655): StateManager.goToState: fromState: Normal, toState: Normal, partial trace:
01-07 23:59:48.787 D/LauncherStateManager( 4655): 	at com.android.launcher3.statemanager.StateManager.moveToRestState(go/retraceme f3a19d912c87c27267cfbc05ba0bc7b202ab72a6648bd76225f5f7e128d94583:6)
01-07 23:59:48.787 D/LauncherStateManager( 4655): 	at com.android.launcher3.statemanager.StateManager.moveToRestState(go/retraceme f3a19d912c87c27267cfbc05ba0bc7b202ab72a6648bd76225f5f7e128d94583:2)
01-07 23:59:48.787 D/LauncherStateManager( 4655): 	at com.android.launcher3.statemanager.StatefulActivity.onStop(go/retraceme f3a19d912c87c27267cfbc05ba0bc7b202ab72a6648bd76225f5f7e128d94583:32)
01-07 23:59:48.787 D/LauncherStateManager( 4655): StateManager.onRepeatStateSetAborted: state: Normal
01-07 23:59:48.787 D/ActivityContext( 4655): hideKeyboard
01-07 23:59:48.787 D/ActivityContext( 4655): isImeShown: false
01-07 23:59:48.787 D/StatsLog( 4655): LAUNCHER_ONSTOP
01-07 23:59:48.788 D/GmsPlayProvider( 4655): Shutdown the binder channel gracefully.
01-07 23:59:48.788 D/StatsLog( 4655): LAUNCHER_GOOGLE_SEARCH_RESTORE_LIST_SIZE_AFTER_ACTIVITY_RESTART
01-07 23:59:48.788 D/GmsPlayProvider( 4655): Binder channel is terminated gracefully.
01-07 23:59:48.788 W/binder:746_5(  746): type=1400 audit(0.0:78206): avc:  denied  { search } for  name="log" dev="dm-75" ino=377 scontext=u:r:hal_graphics_composer_default:s0 tcontext=u:object_r:vendor_log_file:s0 tclass=dir permissive=0
01-07 23:59:48.788 W/binder:746_5(  746): type=1400 audit(0.0:78207): avc:  denied  { search } for  name="log" dev="dm-75" ino=377 scontext=u:r:hal_graphics_composer_default:s0 tcontext=u:object_r:vendor_log_file:s0 tclass=dir permissive=0
01-07 23:59:48.794 E/hwc-display(  746): [PrimaryDisplay] resetColorMappingInfoForClientComp:: resetColorMappingInfo() idx=0 error(-22)
01-07 23:59:48.795 E/hwc-display(  746): Fail to open file /data/vendor/log/hwc/PrimaryDisplay_hwc_error_log0.txt, error: Permission denied
01-07 23:59:48.788 W/binder:746_5(  746): type=1400 audit(0.0:78208): avc:  denied  { search } for  name="log" dev="dm-75" ino=377 scontext=u:r:hal_graphics_composer_default:s0 tcontext=u:object_r:vendor_log_file:s0 tclass=dir permissive=0
01-07 23:59:48.795 E/hwc-display(  746): Fail to open file /data/log/PrimaryDisplay_hwc_error_log0.txt, error: No such file or directory
01-07 23:59:48.795 E/hwc-display(  746): Unable to open log file for PrimaryDisplay_hwc_error_log0.txt
01-07 23:59:48.795 E/hwc-display(  746): [PrimaryDisplay] resetColorMappingInfoForClientComp:: resetColorMappingInfo() idx=1 error(-22)
01-07 23:59:48.795 E/hwc-display(  746): Fail to open file /data/vendor/log/hwc/PrimaryDisplay_hwc_error_log0.txt, error: Permission denied
01-07 23:59:48.795 E/hwc-display(  746): Fail to open file /data/log/PrimaryDisplay_hwc_error_log0.txt, error: No such file or directory
01-07 23:59:48.795 E/hwc-display(  746): Unable to open log file for PrimaryDisplay_hwc_error_log0.txt
01-07 23:59:48.799 D/BackgroundInstallControlService( 1861): Package event received: 0
01-07 23:59:48.788 W/binder:746_5(  746): type=1400 audit(0.0:78209): avc:  denied  { search } for  name="log" dev="dm-75" ino=377 scontext=u:r:hal_graphics_composer_default:s0 tcontext=u:object_r:vendor_log_file:s0 tclass=dir permissive=0
01-07 23:59:48.804 D/PERFORMANCE(25662): → [DELAY-500ms] Firebase initialization...
01-07 23:59:48.812 D/PERFORMANCE(25662): ✅ [DELAY-500ms] Firebase initialized [7 ms]
01-07 23:59:48.814 D/b/417220811( 4655): invalidateLoadedTasks - previous requestLoadId: -1
01-07 23:59:48.814 E/AndroidRuntime(25662): FATAL EXCEPTION: Firebase Blocking Thread #7
01-07 23:59:48.814 E/AndroidRuntime(25662): Process: com.quran.quranaudio.online, PID: 25662
01-07 23:59:48.814 E/AndroidRuntime(25662): java.lang.NoSuchMethodError: No static method checkNotGoogleApiHandlerThread()V in class Lcom/google/android/gms/common/internal/Preconditions; or its super classes (declaration of 'com.google.android.gms.common.internal.Preconditions' appears in /data/app/~~hdbuVMpZGtin5LHAvni4ag==/com.quran.quranaudio.online-KPH8CIMyhFU6veuKU6wsKg==/base.apk!classes30.dex)
01-07 23:59:48.814 E/AndroidRuntime(25662): 	at com.google.android.gms.tasks.Tasks.await(com.google.android.gms:play-services-tasks@@18.1.0:2)
01-07 23:59:48.814 E/AndroidRuntime(25662): 	at com.google.firebase.installations.remote.FirebaseInstallationServiceClient.openHttpURLConnection(FirebaseInstallationServiceClient.java:487)
01-07 23:59:48.814 E/AndroidRuntime(25662): 	at com.google.firebase.installations.remote.FirebaseInstallationServiceClient.createFirebaseInstallation(FirebaseInstallationServiceClient.java:163)
01-07 23:59:48.814 E/AndroidRuntime(25662): 	at com.google.firebase.installations.FirebaseInstallations.registerFidWithServer(FirebaseInstallations.java:533)
01-07 23:59:48.814 E/AndroidRuntime(25662): 	at com.google.firebase.installations.FirebaseInstallations.doNetworkCallIfNecessary(FirebaseInstallations.java:387)
01-07 23:59:48.814 E/AndroidRuntime(25662): 	at com.google.firebase.installations.FirebaseInstallations.lambda$doRegistrationOrRefresh$3$com-google-firebase-installations-FirebaseInstallations(FirebaseInstallations.java:372)
01-07 23:59:48.814 E/AndroidRuntime(25662): 	at com.google.firebase.installations.FirebaseInstallations$$ExternalSyntheticLambda1.run(D8$$SyntheticClass:0)
01-07 23:59:48.814 E/AndroidRuntime(25662): 	at com.google.firebase.concurrent.SequentialExecutor$1.run(SequentialExecutor.java:117)
01-07 23:59:48.814 E/AndroidRuntime(25662): 	at com.google.firebase.concurrent.SequentialExecutor$QueueWorker.workOnQueue(SequentialExecutor.java:229)
01-07 23:59:48.814 E/AndroidRuntime(25662): 	at com.google.firebase.concurrent.SequentialExecutor$QueueWorker.run(SequentialExecutor.java:174)
01-07 23:59:48.814 E/AndroidRuntime(25662): 	at java.util.concurrent.ThreadPoolExecutor.runWorker(ThreadPoolExecutor.java:1154)
01-07 23:59:48.814 E/AndroidRuntime(25662): 	at java.util.concurrent.ThreadPoolExecutor$Worker.run(ThreadPoolExecutor.java:652)
01-07 23:59:48.814 E/AndroidRuntime(25662): 	at com.google.firebase.concurrent.CustomThreadFactory.lambda$newThread$0$com-google-firebase-concurrent-CustomThreadFactory(CustomThreadFactory.java:47)
01-07 23:59:48.814 E/AndroidRuntime(25662): 	at com.google.firebase.concurrent.CustomThreadFactory$$ExternalSyntheticLambda0.run(D8$$SyntheticClass:0)
01-07 23:59:48.814 E/AndroidRuntime(25662): 	at java.lang.Thread.run(Thread.java:1563)
01-07 23:59:48.817 I/Ads     (27767): SDK version: afma-sdk-a-v254380999.231004000.1
01-07 23:59:48.818 I/Ads     (27767): HTTP timeout: 60000 milliseconds.
01-07 23:59:48.822 E/AndroidRuntime(25662): FATAL EXCEPTION: Firebase Blocking Thread #4
01-07 23:59:48.822 E/AndroidRuntime(25662): Process: com.quran.quranaudio.online, PID: 25662
01-07 23:59:48.822 E/AndroidRuntime(25662): java.lang.NoSuchMethodError: No static method checkNotGoogleApiHandlerThread()V in class Lcom/google/android/gms/common/internal/Preconditions; or its super classes (declaration of 'com.google.android.gms.common.internal.Preconditions' appears in /data/app/~~hdbuVMpZGtin5LHAvni4ag==/com.quran.quranaudio.online-KPH8CIMyhFU6veuKU6wsKg==/base.apk!classes30.dex)
01-07 23:59:48.822 E/AndroidRuntime(25662): 	at com.google.android.gms.tasks.Tasks.await(com.google.android.gms:play-services-tasks@@18.1.0:2)
01-07 23:59:48.822 E/AndroidRuntime(25662): 	at com.google.firebase.installations.remote.FirebaseInstallationServiceClient.openHttpURLConnection(FirebaseInstallationServiceClient.java:487)
01-07 23:59:48.822 E/AndroidRuntime(25662): 	at com.google.firebase.installations.remote.FirebaseInstallationServiceClient.createFirebaseInstallation(FirebaseInstallationServiceClient.java:163)
01-07 23:59:48.822 E/AndroidRuntime(25662): 	at com.google.firebase.installations.FirebaseInstallations.registerFidWithServer(FirebaseInstallations.java:533)
01-07 23:59:48.822 E/AndroidRuntime(25662): 	at com.google.firebase.installations.FirebaseInstallations.doNetworkCallIfNecessary(FirebaseInstallations.java:387)
01-07 23:59:48.822 E/AndroidRuntime(25662): 	at com.google.firebase.installations.FirebaseInstallations.lambda$doRegistrationOrRefresh$3$com-google-firebase-installations-FirebaseInstallations(FirebaseInstallations.java:372)
01-07 23:59:48.822 E/AndroidRuntime(25662): 	at com.google.firebase.installations.FirebaseInstallations$$ExternalSyntheticLambda1.run(D8$$SyntheticClass:0)
01-07 23:59:48.822 E/AndroidRuntime(25662): 	at com.google.firebase.concurrent.SequentialExecutor$QueueWorker.workOnQueue(SequentialExecutor.java:229)
01-07 23:59:48.822 E/AndroidRuntime(25662): 	at com.google.firebase.concurrent.SequentialExecutor$QueueWorker.run(SequentialExecutor.java:174)
01-07 23:59:48.822 E/AndroidRuntime(25662): 	at java.util.concurrent.ThreadPoolExecutor.runWorker(ThreadPoolExecutor.java:1154)
01-07 23:59:48.822 E/AndroidRuntime(25662): 	at java.util.concurrent.ThreadPoolExecutor$Worker.run(ThreadPoolExecutor.java:652)
01-07 23:59:48.822 E/AndroidRuntime(25662): 	at com.google.firebase.concurrent.CustomThreadFactory.lambda$newThread$0$com-google-firebase-concurrent-CustomThreadFactory(CustomThreadFactory.java:47)
01-07 23:59:48.822 E/AndroidRuntime(25662): 	at com.google.firebase.concurrent.CustomThreadFactory$$ExternalSyntheticLambda0.run(D8$$SyntheticClass:0)
01-07 23:59:48.822 E/AndroidRuntime(25662): 	at java.lang.Thread.run(Thread.java:1563)
01-07 23:59:48.834 W/RecyclerView(25662): No adapter attached; skipping layout
01-07 23:59:48.839 I/Ads     (27767): SDK version: afma-sdk-a-v254380999.231004000.1
01-07 23:59:48.839 I/Ads     (27767): HTTP timeout: 60000 milliseconds.
01-07 23:59:48.858 W/FA      (25662): Failed to retrieve Firebase Instance Id
01-07 23:59:48.865 E/AndroidRuntime(25662): FATAL EXCEPTION: Firebase Blocking Thread #16
01-07 23:59:48.865 E/AndroidRuntime(25662): Process: com.quran.quranaudio.online, PID: 25662
01-07 23:59:48.865 E/AndroidRuntime(25662): java.lang.NoSuchMethodError: No static method checkNotGoogleApiHandlerThread()V in class Lcom/google/android/gms/common/internal/Preconditions; or its super classes (declaration of 'com.google.android.gms.common.internal.Preconditions' appears in /data/app/~~hdbuVMpZGtin5LHAvni4ag==/com.quran.quranaudio.online-KPH8CIMyhFU6veuKU6wsKg==/base.apk!classes30.dex)
01-07 23:59:48.865 E/AndroidRuntime(25662): 	at com.google.android.gms.tasks.Tasks.await(com.google.android.gms:play-services-tasks@@18.1.0:2)
01-07 23:59:48.865 E/AndroidRuntime(25662): 	at com.google.firebase.installations.remote.FirebaseInstallationServiceClient.openHttpURLConnection(FirebaseInstallationServiceClient.java:487)
01-07 23:59:48.865 E/AndroidRuntime(25662): 	at com.google.firebase.installations.remote.FirebaseInstallationServiceClient.createFirebaseInstallation(FirebaseInstallationServiceClient.java:163)
01-07 23:59:48.865 E/AndroidRuntime(25662): 	at com.google.firebase.installations.FirebaseInstallations.registerFidWithServer(FirebaseInstallations.java:533)
01-07 23:59:48.865 E/AndroidRuntime(25662): 	at com.google.firebase.installations.FirebaseInstallations.doNetworkCallIfNecessary(FirebaseInstallations.java:387)
01-07 23:59:48.865 E/AndroidRuntime(25662): 	at com.google.firebase.installations.FirebaseInstallations.lambda$doRegistrationOrRefresh$3$com-google-firebase-installations-FirebaseInstallations(FirebaseInstallations.java:372)
01-07 23:59:48.865 E/AndroidRuntime(25662): 	at com.google.firebase.installations.FirebaseInstallations$$ExternalSyntheticLambda1.run(D8$$SyntheticClass:0)
01-07 23:59:48.865 E/AndroidRuntime(25662): 	at com.google.firebase.concurrent.SequentialExecutor$QueueWorker.workOnQueue(SequentialExecutor.java:229)
01-07 23:59:48.865 E/AndroidRuntime(25662): 	at com.google.firebase.concurrent.SequentialExecutor$QueueWorker.run(SequentialExecutor.java:174)
01-07 23:59:48.865 E/AndroidRuntime(25662): 	at java.util.concurrent.ThreadPoolExecutor.runWorker(ThreadPoolExecutor.java:1154)
01-07 23:59:48.865 E/AndroidRuntime(25662): 	at java.util.concurrent.ThreadPoolExecutor$Worker.run(ThreadPoolExecutor.java:652)
01-07 23:59:48.865 E/AndroidRuntime(25662): 	at com.google.firebase.concurrent.CustomThreadFactory.lambda$newThread$0$com-google-firebase-concurrent-CustomThreadFactory(CustomThreadFactory.java:47)
01-07 23:59:48.865 E/AndroidRuntime(25662): 	at com.google.firebase.concurrent.CustomThreadFactory$$ExternalSyntheticLambda0.run(D8$$SyntheticClass:0)
01-07 23:59:48.865 E/AndroidRuntime(25662): 	at java.lang.Thread.run(Thread.java:1563)
01-07 23:59:48.869 E/hwc-display(  746): [PrimaryDisplay] resetColorMappingInfoForClientComp:: resetColorMappingInfo() idx=2 error(-22)
01-07 23:59:48.869 E/hwc-display(  746): Fail to open file /data/vendor/log/hwc/PrimaryDisplay_hwc_error_log0.txt, error: Permission denied
01-07 23:59:48.869 E/hwc-display(  746): Fail to open file /data/log/PrimaryDisplay_hwc_error_log0.txt, error: No such file or directory
01-07 23:59:48.869 E/hwc-display(  746): Unable to open log file for PrimaryDisplay_hwc_error_log0.txt
01-07 23:59:48.877 D/ActivityOnboarding(25662): 🎯 Navigation elements hidden - using fragment-level navigation
01-07 23:59:48.881 W/FA      (25662): Failed to retrieve Firebase Instance Id
01-07 23:59:48.883 E/AndroidRuntime(25662): FATAL EXCEPTION: Firebase Blocking Thread #17
01-07 23:59:48.883 E/AndroidRuntime(25662): Process: com.quran.quranaudio.online, PID: 25662
01-07 23:59:48.883 E/AndroidRuntime(25662): java.lang.NoSuchMethodError: No static method checkNotGoogleApiHandlerThread()V in class Lcom/google/android/gms/common/internal/Preconditions; or its super classes (declaration of 'com.google.android.gms.common.internal.Preconditions' appears in /data/app/~~hdbuVMpZGtin5LHAvni4ag==/com.quran.quranaudio.online-KPH8CIMyhFU6veuKU6wsKg==/base.apk!classes30.dex)
01-07 23:59:48.883 E/AndroidRuntime(25662): 	at com.google.android.gms.tasks.Tasks.await(com.google.android.gms:play-services-tasks@@18.1.0:2)
01-07 23:59:48.883 E/AndroidRuntime(25662): 	at com.google.firebase.installations.remote.FirebaseInstallationServiceClient.openHttpURLConnection(FirebaseInstallationServiceClient.java:487)
01-07 23:59:48.883 E/AndroidRuntime(25662): 	at com.google.firebase.installations.remote.FirebaseInstallationServiceClient.createFirebaseInstallation(FirebaseInstallationServiceClient.java:163)
01-07 23:59:48.883 E/AndroidRuntime(25662): 	at com.google.firebase.installations.FirebaseInstallations.registerFidWithServer(FirebaseInstallations.java:533)
01-07 23:59:48.883 E/AndroidRuntime(25662): 	at com.google.firebase.installations.FirebaseInstallations.doNetworkCallIfNecessary(FirebaseInstallations.java:387)
01-07 23:59:48.883 E/AndroidRuntime(25662): 	at com.google.firebase.installations.FirebaseInstallations.lambda$doRegistrationOrRefresh$3$com-google-firebase-installations-FirebaseInstallations(FirebaseInstallations.java:372)
01-07 23:59:48.883 E/AndroidRuntime(25662): 	at com.google.firebase.installations.FirebaseInstallations$$ExternalSyntheticLambda1.run(D8$$SyntheticClass:0)
01-07 23:59:48.883 E/AndroidRuntime(25662): 	at com.google.firebase.concurrent.SequentialExecutor$QueueWorker.workOnQueue(SequentialExecutor.java:229)
01-07 23:59:48.883 E/AndroidRuntime(25662): 	at com.google.firebase.concurrent.SequentialExecutor$QueueWorker.run(SequentialExecutor.java:174)
01-07 23:59:48.883 E/AndroidRuntime(25662): 	at java.util.concurrent.ThreadPoolExecutor.runWorker(ThreadPoolExecutor.java:1154)
01-07 23:59:48.883 E/AndroidRuntime(25662): 	at java.util.concurrent.ThreadPoolExecutor$Worker.run(ThreadPoolExecutor.java:652)
01-07 23:59:48.883 E/AndroidRuntime(25662): 	at com.google.firebase.concurrent.CustomThreadFactory.lambda$newThread$0$com-google-firebase-concurrent-CustomThreadFactory(CustomThreadFactory.java:47)
01-07 23:59:48.883 E/AndroidRuntime(25662): 	at com.google.firebase.concurrent.CustomThreadFactory$$ExternalSyntheticLambda0.run(D8$$SyntheticClass:0)
01-07 23:59:48.883 E/AndroidRuntime(25662): 	at java.lang.Thread.run(Thread.java:1563)
01-07 23:59:48.909 D/FragOnboardLanguage(25662): ═══════════════════════════════════════════════
01-07 23:59:48.909 D/FragOnboardLanguage(25662): 🎬 onViewCreated() START
01-07 23:59:48.909 D/FragOnboardLanguage(25662): ✅ super.onViewCreated() completed
01-07 23:59:48.909 D/FragOnboardLanguage(25662): 🔍 Checking binding: true
01-07 23:59:48.909 D/FragOnboardLanguage(25662): 🔍 Checking btnContinue: true
01-07 23:59:48.909 D/FragOnboardLanguage(25662): ✅ Language arrays loaded: 7 languages
01-07 23:59:48.909 D/AnalyticsManager(25662): ✅ Event logged: app_workflow_step | params: {duration_from_start=607.0, step_name=language_selection_view, timestamp=1767801588909}
01-07 23:59:48.909 D/FragOnboardLanguage(25662): 🌐 Current saved language: en
01-07 23:59:48.909 D/FragOnboardLanguage(25662): 🔧 Calling setupLanguageCards()...
01-07 23:59:48.909 D/FragOnboardLanguage(25662): 🗺️ 语言卡片映射:
01-07 23:59:48.909 W/FA      (25662): Failed to retrieve Firebase Instance Id
01-07 23:59:48.909 D/FragOnboardLanguage(25662):    'en' → cardId=2131427736, checkId=2131427802
01-07 23:59:48.909 D/FragOnboardLanguage(25662):    'id' → cardId=2131427738, checkId=2131427803
01-07 23:59:48.909 D/FragOnboardLanguage(25662):    'ar' → cardId=2131427733, checkId=2131427800
01-07 23:59:48.909 D/FragOnboardLanguage(25662):    'ur' → cardId=2131427750, checkId=2131427806
01-07 23:59:48.909 D/FragOnboardLanguage(25662):    'ms' → cardId=2131427741, checkId=2131427804
01-07 23:59:48.909 D/FragOnboardLanguage(25662):    'tr' → cardId=2131427749, checkId=2131427805
01-07 23:59:48.909 D/FragOnboardLanguage(25662):    'bn' → cardId=2131427735, checkId=2131427801
01-07 23:59:48.909 D/FragOnboardLanguage(25662):    ✅ 语言 'en' 的卡片已设置点击事件
01-07 23:59:48.909 D/FragOnboardLanguage(25662):    ✅ 语言 'id' 的卡片已设置点击事件
01-07 23:59:48.909 D/FragOnboardLanguage(25662):    ✅ 语言 'ar' 的卡片已设置点击事件
01-07 23:59:48.909 D/FragOnboardLanguage(25662):    ✅ 语言 'ur' 的卡片已设置点击事件
01-07 23:59:48.910 D/FragOnboardLanguage(25662):    ✅ 语言 'ms' 的卡片已设置点击事件
01-07 23:59:48.910 D/FragOnboardLanguage(25662):    ✅ 语言 'tr' 的卡片已设置点击事件
01-07 23:59:48.910 D/FragOnboardLanguage(25662):    ✅ 语言 'bn' 的卡片已设置点击事件
01-07 23:59:48.910 D/FragOnboardLanguage(25662):   ✓ Card en: SELECTED (white bg, green border/text)
01-07 23:59:48.910 D/FragOnboardLanguage(25662):   ○ Card id: UNSELECTED (dark green bg, white text)
01-07 23:59:48.910 D/FragOnboardLanguage(25662):   ○ Card ar: UNSELECTED (dark green bg, white text)
01-07 23:59:48.910 D/FragOnboardLanguage(25662):   ○ Card ur: UNSELECTED (dark green bg, white text)
01-07 23:59:48.910 D/FragOnboardLanguage(25662):   ○ Card ms: UNSELECTED (dark green bg, white text)
01-07 23:59:48.910 D/FragOnboardLanguage(25662):   ○ Card tr: UNSELECTED (dark green bg, white text)
01-07 23:59:48.910 D/FragOnboardLanguage(25662):   ○ Card bn: UNSELECTED (dark green bg, white text)
01-07 23:59:48.910 D/FragOnboardLanguage(25662): ✅ setupLanguageCards() completed
01-07 23:59:48.910 D/FragOnboardLanguage(25662): 🔧 Calling setupContinueButton()...
01-07 23:59:48.910 D/FragOnboardLanguage(25662): 🔧 Setting up Continue button...
01-07 23:59:48.910 D/FragOnboardLanguage(25662): 🔍 Button reference: com.google.android.material.button.MaterialButton{6c5b503 VFED..C.. ......I. 0,0-0,0 #7f0b0134 app:id/btn_continue}
01-07 23:59:48.910 D/FragOnboardLanguage(25662): 🔍 Button isClickable: true
01-07 23:59:48.910 D/FragOnboardLanguage(25662): 🔍 Button isEnabled: true
01-07 23:59:48.910 D/FragOnboardLanguage(25662): 🔍 Button visibility: 0 (0=VISIBLE, 4=INVISIBLE, 8=GONE)
01-07 23:59:48.910 D/FragOnboardLanguage(25662): ✅ Continue button setup complete
01-07 23:59:48.910 D/FragOnboardLanguage(25662): ✅ setupContinueButton() completed
01-07 23:59:48.910 D/FragOnboardLanguage(25662): 🔧 Calling setupNativeAd()...
01-07 23:59:48.910 D/CRASH_DEBUG(25662): ╔══════════════════════════════════════════════════════
01-07 23:59:48.910 D/CRASH_DEBUG(25662): ║ 🎯 setupNativeAd() START - Language Selection Page
01-07 23:59:48.910 D/CRASH_DEBUG(25662): ╚══════════════════════════════════════════════════════
01-07 23:59:48.910 D/CRASH_DEBUG(25662): ✅ Native ad container retrieved
01-07 23:59:48.910 D/SubscriptionChecker(25662): 📊 Subscription check: false
01-07 23:59:48.910 D/CRASH_DEBUG(25662): ✅ Subscription check: false
01-07 23:59:48.910 D/CRASH_DEBUG(25662): 🔄 Preparing to load native ad...
01-07 23:59:48.910 D/CRASH_DEBUG(25662):    Activity: ActivityOnboarding
01-07 23:59:48.910 D/CRASH_DEBUG(25662):    Container: FrameLayout
01-07 23:59:48.910 D/CRASH_DEBUG(25662): 🚀 Calling NativeAdHelper.displayNativeAdWithAutoLoad()...
01-07 23:59:48.910 E/AndroidRuntime(25662): FATAL EXCEPTION: Firebase Blocking Thread #18
01-07 23:59:48.910 E/AndroidRuntime(25662): Process: com.quran.quranaudio.online, PID: 25662
01-07 23:59:48.910 E/AndroidRuntime(25662): java.lang.NoSuchMethodError: No static method checkNotGoogleApiHandlerThread()V in class Lcom/google/android/gms/common/internal/Preconditions; or its super classes (declaration of 'com.google.android.gms.common.internal.Preconditions' appears in /data/app/~~hdbuVMpZGtin5LHAvni4ag==/com.quran.quranaudio.online-KPH8CIMyhFU6veuKU6wsKg==/base.apk!classes30.dex)
01-07 23:59:48.910 E/AndroidRuntime(25662): 	at com.google.android.gms.tasks.Tasks.await(com.google.android.gms:play-services-tasks@@18.1.0:2)
01-07 23:59:48.910 E/AndroidRuntime(25662): 	at com.google.firebase.installations.remote.FirebaseInstallationServiceClient.openHttpURLConnection(FirebaseInstallationServiceClient.java:487)
01-07 23:59:48.910 E/AndroidRuntime(25662): 	at com.google.firebase.installations.remote.FirebaseInstallationServiceClient.createFirebaseInstallation(FirebaseInstallationServiceClient.java:163)
01-07 23:59:48.910 E/AndroidRuntime(25662): 	at com.google.firebase.installations.FirebaseInstallations.registerFidWithServer(FirebaseInstallations.java:533)
01-07 23:59:48.910 E/AndroidRuntime(25662): 	at com.google.firebase.installations.FirebaseInstallations.doNetworkCallIfNecessary(FirebaseInstallations.java:387)
01-07 23:59:48.910 E/AndroidRuntime(25662): 	at com.google.firebase.installations.FirebaseInstallations.lambda$doRegistrationOrRefresh$3$com-google-firebase-installations-FirebaseInstallations(FirebaseInstallations.java:372)
01-07 23:59:48.910 E/AndroidRuntime(25662): 	at com.google.firebase.installations.FirebaseInstallations$$ExternalSyntheticLambda1.run(D8$$SyntheticClass:0)
01-07 23:59:48.910 E/AndroidRuntime(25662): 	at com.google.firebase.concurrent.SequentialExecutor$QueueWorker.workOnQueue(SequentialExecutor.java:229)
01-07 23:59:48.910 E/AndroidRuntime(25662): 	at com.google.firebase.concurrent.SequentialExecutor$QueueWorker.run(SequentialExecutor.java:174)
01-07 23:59:48.910 E/AndroidRuntime(25662): 	at java.util.concurrent.ThreadPoolExecutor.runWorker(ThreadPoolExecutor.java:1154)
01-07 23:59:48.910 E/AndroidRuntime(25662): 	at java.util.concurrent.ThreadPoolExecutor$Worker.run(ThreadPoolExecutor.java:652)
01-07 23:59:48.910 E/AndroidRuntime(25662): 	at com.google.firebase.concurrent.CustomThreadFactory.lambda$newThread$0$com-google-firebase-concurrent-CustomThreadFactory(CustomThreadFactory.java:47)
01-07 23:59:48.910 E/AndroidRuntime(25662): 	at com.google.firebase.concurrent.CustomThreadFactory$$ExternalSyntheticLambda0.run(D8$$SyntheticClass:0)
01-07 23:59:48.910 E/AndroidRuntime(25662): 	at java.lang.Thread.run(Thread.java:1563)
01-07 23:59:48.911 D/NATIVE_AD_TRACK(25662): ═══════════════════════════════════════════════
01-07 23:59:48.911 D/NATIVE_AD_TRACK(25662): 🎯 Native Ad Request
01-07 23:59:48.911 D/NATIVE_AD_TRACK(25662):    Caller: FragOnboardLanguage.setupNativeAd:327
01-07 23:59:48.911 D/NATIVE_AD_TRACK(25662):    Activity: ActivityOnboarding
01-07 23:59:48.911 D/NATIVE_AD_TRACK(25662):    Container: FrameLayout@196944569
01-07 23:59:48.911 D/NATIVE_AD_TRACK(25662):    Layout ResId: 2131625331
01-07 23:59:48.911 D/NATIVE_AD_TRACK(25662):    Container visibility: 8 (0=VISIBLE, 4=INVISIBLE, 8=GONE)
01-07 23:59:48.911 D/NATIVE_AD_TRACK(25662):    Container parent: ConstraintLayout
01-07 23:59:48.911 D/NATIVE_AD_TRACK(25662): ═══════════════════════════════════════════════
01-07 23:59:48.911 D/NativeAdHelper(25662): 🔄 Attempting to display native ad with auto-load
01-07 23:59:48.911 D/SubscriptionChecker(25662): 📊 Subscription check: false
01-07 23:59:48.911 D/NativeAdManager(25662): ⚠️ No valid cached ad, adding to wait queue
01-07 23:59:48.911 D/NativeAdManager(25662): 🔄 Starting dynamic ad load for callback
01-07 23:59:48.911 E/NATIVE_AD_TRACK(25662): ❌ NativeAdManager.loadNewAd() - AppContext is null
01-07 23:59:48.911 E/NativeAdManager(25662): ❌ AppContext is null, cannot load ad
01-07 23:59:48.911 D/NATIVE_AD_TRACK(25662): → loadAdWithCallback() called, waiting for response...
01-07 23:59:48.911 D/CRASH_DEBUG(25662): ✅ NativeAdHelper.displayNativeAdWithAutoLoad() completed
01-07 23:59:48.911 D/CRASH_DEBUG(25662): ✅ setupNativeAd() END (ad may or may not be shown)
01-07 23:59:48.911 D/FragOnboardLanguage(25662): ✅ setupNativeAd() completed
01-07 23:59:48.911 D/FragOnboardLanguage(25662): 🎬 onViewCreated() END
01-07 23:59:48.911 D/FragOnboardLanguage(25662): ═══════════════════════════════════════════════
01-07 23:59:48.912 D/AnalyticsManager(25662): ✅ Event logged: ad_exposure_metric | params: {seconds_since_launch=0, ad_type=native, ad_location=onboarding_language, timestamp=1767801588911}
01-07 23:59:48.916 D/FragOnboardLanguage(25662): 🔄 onResume: Refreshing native ad
01-07 23:59:48.916 D/CRASH_DEBUG(25662): ╔══════════════════════════════════════════════════════
01-07 23:59:48.916 D/CRASH_DEBUG(25662): ║ 🎯 setupNativeAd() START - Language Selection Page
01-07 23:59:48.916 D/CRASH_DEBUG(25662): ╚══════════════════════════════════════════════════════
01-07 23:59:48.916 D/CRASH_DEBUG(25662): ✅ Native ad container retrieved
01-07 23:59:48.916 D/SubscriptionChecker(25662): 📊 Subscription check: false
01-07 23:59:48.916 D/CRASH_DEBUG(25662): ✅ Subscription check: false
01-07 23:59:48.916 D/CRASH_DEBUG(25662): 🔄 Preparing to load native ad...
01-07 23:59:48.916 D/CRASH_DEBUG(25662):    Activity: ActivityOnboarding
01-07 23:59:48.916 D/CRASH_DEBUG(25662):    Container: FrameLayout
01-07 23:59:48.916 D/CRASH_DEBUG(25662): 🚀 Calling NativeAdHelper.displayNativeAdWithAutoLoad()...
01-07 23:59:48.916 D/NATIVE_AD_TRACK(25662): ═══════════════════════════════════════════════
01-07 23:59:48.916 D/NATIVE_AD_TRACK(25662): 🎯 Native Ad Request
01-07 23:59:48.916 D/NATIVE_AD_TRACK(25662):    Caller: FragOnboardLanguage.setupNativeAd:327
01-07 23:59:48.916 D/NATIVE_AD_TRACK(25662):    Activity: ActivityOnboarding
01-07 23:59:48.916 D/NATIVE_AD_TRACK(25662):    Container: FrameLayout@196944569
01-07 23:59:48.916 D/NATIVE_AD_TRACK(25662):    Layout ResId: 2131625331
01-07 23:59:48.916 D/NATIVE_AD_TRACK(25662):    Container visibility: 8 (0=VISIBLE, 4=INVISIBLE, 8=GONE)
01-07 23:59:48.916 D/NATIVE_AD_TRACK(25662):    Container parent: ConstraintLayout
01-07 23:59:48.916 D/NATIVE_AD_TRACK(25662): ═══════════════════════════════════════════════
01-07 23:59:48.916 D/NativeAdHelper(25662): 🔄 Attempting to display native ad with auto-load
01-07 23:59:48.916 D/SubscriptionChecker(25662): 📊 Subscription check: false
01-07 23:59:48.916 D/NativeAdManager(25662): ⚠️ No valid cached ad, adding to wait queue
01-07 23:59:48.916 D/NativeAdManager(25662): 🔄 Starting dynamic ad load for callback
01-07 23:59:48.916 E/NATIVE_AD_TRACK(25662): ❌ NativeAdManager.loadNewAd() - AppContext is null
01-07 23:59:48.916 E/NativeAdManager(25662): ❌ AppContext is null, cannot load ad
01-07 23:59:48.916 D/NATIVE_AD_TRACK(25662): → loadAdWithCallback() called, waiting for response...
01-07 23:59:48.916 D/CRASH_DEBUG(25662): ✅ NativeAdHelper.displayNativeAdWithAutoLoad() completed
01-07 23:59:48.916 D/CRASH_DEBUG(25662): ✅ setupNativeAd() END (ad may or may not be shown)
01-07 23:59:48.917 D/AnalyticsManager(25662): ✅ Event logged: ad_exposure_metric | params: {seconds_since_launch=0, ad_type=native, ad_location=onboarding_language, timestamp=1767801588916}
01-07 23:59:48.927 W/FA      (25662): Failed to retrieve Firebase Instance Id
01-07 23:59:48.933 E/AndroidRuntime(25662): FATAL EXCEPTION: Firebase Blocking Thread #19
01-07 23:59:48.933 E/AndroidRuntime(25662): Process: com.quran.quranaudio.online, PID: 25662
01-07 23:59:48.933 E/AndroidRuntime(25662): java.lang.NoSuchMethodError: No static method checkNotGoogleApiHandlerThread()V in class Lcom/google/android/gms/common/internal/Preconditions; or its super classes (declaration of 'com.google.android.gms.common.internal.Preconditions' appears in /data/app/~~hdbuVMpZGtin5LHAvni4ag==/com.quran.quranaudio.online-KPH8CIMyhFU6veuKU6wsKg==/base.apk!classes30.dex)
01-07 23:59:48.933 E/AndroidRuntime(25662): 	at com.google.android.gms.tasks.Tasks.await(com.google.android.gms:play-services-tasks@@18.1.0:2)
01-07 23:59:48.933 E/AndroidRuntime(25662): 	at com.google.firebase.installations.remote.FirebaseInstallationServiceClient.openHttpURLConnection(FirebaseInstallationServiceClient.java:487)
01-07 23:59:48.933 E/AndroidRuntime(25662): 	at com.google.firebase.installations.remote.FirebaseInstallationServiceClient.createFirebaseInstallation(FirebaseInstallationServiceClient.java:163)
01-07 23:59:48.933 E/AndroidRuntime(25662): 	at com.google.firebase.installations.FirebaseInstallations.registerFidWithServer(FirebaseInstallations.java:533)
01-07 23:59:48.933 E/AndroidRuntime(25662): 	at com.google.firebase.installations.FirebaseInstallations.doNetworkCallIfNecessary(FirebaseInstallations.java:387)
01-07 23:59:48.933 E/AndroidRuntime(25662): 	at com.google.firebase.installations.FirebaseInstallations.lambda$doRegistrationOrRefresh$3$com-google-firebase-installations-FirebaseInstallations(FirebaseInstallations.java:372)
01-07 23:59:48.933 E/AndroidRuntime(25662): 	at com.google.firebase.installations.FirebaseInstallations$$ExternalSyntheticLambda1.run(D8$$SyntheticClass:0)
01-07 23:59:48.933 E/AndroidRuntime(25662): 	at com.google.firebase.concurrent.SequentialExecutor$1.run(SequentialExecutor.java:117)
01-07 23:59:48.933 E/AndroidRuntime(25662): 	at com.google.firebase.concurrent.SequentialExecutor$QueueWorker.workOnQueue(SequentialExecutor.java:229)
01-07 23:59:48.933 E/AndroidRuntime(25662): 	at com.google.firebase.concurrent.SequentialExecutor$QueueWorker.run(SequentialExecutor.java:174)
01-07 23:59:48.933 E/AndroidRuntime(25662): 	at java.util.concurrent.ThreadPoolExecutor.runWorker(ThreadPoolExecutor.java:1154)
01-07 23:59:48.933 E/AndroidRuntime(25662): 	at java.util.concurrent.ThreadPoolExecutor$Worker.run(ThreadPoolExecutor.java:652)
01-07 23:59:48.933 E/AndroidRuntime(25662): 	at com.google.firebase.concurrent.CustomThreadFactory.lambda$newThread$0$com-google-firebase-concurrent-CustomThreadFactory(CustomThreadFactory.java:47)
01-07 23:59:48.933 E/AndroidRuntime(25662): 	at com.google.firebase.concurrent.CustomThreadFactory$$ExternalSyntheticLambda0.run(D8$$SyntheticClass:0)
01-07 23:59:48.933 E/AndroidRuntime(25662): 	at java.lang.Thread.run(Thread.java:1563)
01-07 23:59:48.942 W/FA      (25662): Failed to retrieve Firebase Instance Id
01-07 23:59:48.948 D/ActivityOnboarding(25662): 🔧 [POSTED] Setting ViewPager2 currentItem to: 0
01-07 23:59:48.948 D/ActivityOnboarding(25662): ✅ [POSTED] ViewPager2 currentItem set complete to: 0
01-07 23:59:48.949 E/AndroidRuntime(25662): FATAL EXCEPTION: Firebase Blocking Thread #20
01-07 23:59:48.949 E/AndroidRuntime(25662): Process: com.quran.quranaudio.online, PID: 25662
01-07 23:59:48.949 E/AndroidRuntime(25662): java.lang.NoSuchMethodError: No static method checkNotGoogleApiHandlerThread()V in class Lcom/google/android/gms/common/internal/Preconditions; or its super classes (declaration of 'com.google.android.gms.common.internal.Preconditions' appears in /data/app/~~hdbuVMpZGtin5LHAvni4ag==/com.quran.quranaudio.online-KPH8CIMyhFU6veuKU6wsKg==/base.apk!classes30.dex)
01-07 23:59:48.949 E/AndroidRuntime(25662): 	at com.google.android.gms.tasks.Tasks.await(com.google.android.gms:play-services-tasks@@18.1.0:2)
01-07 23:59:48.949 E/AndroidRuntime(25662): 	at com.google.firebase.installations.remote.FirebaseInstallationServiceClient.openHttpURLConnection(FirebaseInstallationServiceClient.java:487)
01-07 23:59:48.949 E/AndroidRuntime(25662): 	at com.google.firebase.installations.remote.FirebaseInstallationServiceClient.createFirebaseInstallation(FirebaseInstallationServiceClient.java:163)
01-07 23:59:48.949 E/AndroidRuntime(25662): 	at com.google.firebase.installations.FirebaseInstallations.registerFidWithServer(FirebaseInstallations.java:533)
01-07 23:59:48.949 E/AndroidRuntime(25662): 	at com.google.firebase.installations.FirebaseInstallations.doNetworkCallIfNecessary(FirebaseInstallations.java:387)
01-07 23:59:48.949 E/AndroidRuntime(25662): 	at com.google.firebase.installations.FirebaseInstallations.lambda$doRegistrationOrRefresh$3$com-google-firebase-installations-FirebaseInstallations(FirebaseInstallations.java:372)
01-07 23:59:48.949 E/AndroidRuntime(25662): 	at com.google.firebase.installations.FirebaseInstallations$$ExternalSyntheticLambda1.run(D8$$SyntheticClass:0)
01-07 23:59:48.949 E/AndroidRuntime(25662): 	at com.google.firebase.concurrent.SequentialExecutor$1.run(SequentialExecutor.java:117)
01-07 23:59:48.949 E/AndroidRuntime(25662): 	at com.google.firebase.concurrent.SequentialExecutor$QueueWorker.workOnQueue(SequentialExecutor.java:229)
01-07 23:59:48.949 E/AndroidRuntime(25662): 	at com.google.firebase.concurrent.SequentialExecutor$QueueWorker.run(SequentialExecutor.java:174)
01-07 23:59:48.949 E/AndroidRuntime(25662): 	at java.util.concurrent.ThreadPoolExecutor.runWorker(ThreadPoolExecutor.java:1154)
01-07 23:59:48.949 E/AndroidRuntime(25662): 	at java.util.concurrent.ThreadPoolExecutor$Worker.run(ThreadPoolExecutor.java:652)
01-07 23:59:48.949 E/AndroidRuntime(25662): 	at com.google.firebase.concurrent.CustomThreadFactory.lambda$newThread$0$com-google-firebase-concurrent-CustomThreadFactory(CustomThreadFactory.java:47)
01-07 23:59:48.949 E/AndroidRuntime(25662): 	at com.google.firebase.concurrent.CustomThreadFactory$$ExternalSyntheticLambda0.run(D8$$SyntheticClass:0)
01-07 23:59:48.949 E/AndroidRuntime(25662): 	at java.lang.Thread.run(Thread.java:1563)
01-07 23:59:48.952 I/ImeTracker( 1861): com.quran.quranaudio.online:f2e51058: onRequestHide at ORIGIN_SERVER reason HIDE_UNSPECIFIED_WINDOW fromUser false
01-07 23:59:48.956 D/InsetsController(25662): hide(ime())
01-07 23:59:48.956 I/ImeTracker(25662): com.quran.quranaudio.online:f2e51058: onCancelled at PHASE_CLIENT_ALREADY_HIDDEN
01-07 23:59:48.956 I/GoogleInputMethodService( 4995): GoogleInputMethodService.onFinishInput():2092 
01-07 23:59:48.957 I/Module  ( 4995): DeviceLockedStatusModuleProvider$Module.updateDeviceLockedStatus():103 repeatCheckTimes = 0, locked = false
01-07 23:59:48.957 I/GoogleInputMethodService( 4995): GoogleInputMethodService.onStartInput():1349 onStartInput(EditorInfo{EditorInfo{packageName=com.quran.quranaudio.online, inputType=0, inputTypeString=NULL, enableLearning=false, autoCorrection=false, autoComplete=false, imeOptions=0, privateImeOptions=null, actionName=UNSPECIFIED, actionLabel=null, initialSelStart=-1, initialSelEnd=-1, initialCapsMode=0, label=null, fieldId=0, fieldName=null, extras=null, hintText=null, hintLocales=[]}}, false)
01-07 23:59:48.958 I/Module  ( 4995): DeviceLockedStatusModuleProvider$Module.updateDeviceLockedStatus():103 repeatCheckTimes = 1, locked = false
01-07 23:59:48.958 I/ImeTracker( 1861): system_server:2c81d33d: onRequestHide at ORIGIN_SERVER reason IME_REQUESTED_CHANGED_LISTENER fromUser false
01-07 23:59:48.958 I/ImeTracker( 1861): system_server:2c81d33d: onCancelled at PHASE_SERVER_SHOULD_HIDE
01-07 23:59:48.960 W/PackageConfigPersister( 1861): App-specific configuration not found for packageName: com.quran.quranaudio.online and userId: 0
01-07 23:59:48.966 W/FA      (25662): Failed to retrieve Firebase Instance Id
01-07 23:59:48.971 E/AndroidRuntime(25662): FATAL EXCEPTION: Firebase Blocking Thread #21
01-07 23:59:48.971 E/AndroidRuntime(25662): Process: com.quran.quranaudio.online, PID: 25662
01-07 23:59:48.971 E/AndroidRuntime(25662): java.lang.NoSuchMethodError: No static method checkNotGoogleApiHandlerThread()V in class Lcom/google/android/gms/common/internal/Preconditions; or its super classes (declaration of 'com.google.android.gms.common.internal.Preconditions' appears in /data/app/~~hdbuVMpZGtin5LHAvni4ag==/com.quran.quranaudio.online-KPH8CIMyhFU6veuKU6wsKg==/base.apk!classes30.dex)
01-07 23:59:48.971 E/AndroidRuntime(25662): 	at com.google.android.gms.tasks.Tasks.await(com.google.android.gms:play-services-tasks@@18.1.0:2)
01-07 23:59:48.971 E/AndroidRuntime(25662): 	at com.google.firebase.installations.remote.FirebaseInstallationServiceClient.openHttpURLConnection(FirebaseInstallationServiceClient.java:487)
01-07 23:59:48.971 E/AndroidRuntime(25662): 	at com.google.firebase.installations.remote.FirebaseInstallationServiceClient.createFirebaseInstallation(FirebaseInstallationServiceClient.java:163)
01-07 23:59:48.971 E/AndroidRuntime(25662): 	at com.google.firebase.installations.FirebaseInstallations.registerFidWithServer(FirebaseInstallations.java:533)
01-07 23:59:48.971 E/AndroidRuntime(25662): 	at com.google.firebase.installations.FirebaseInstallations.doNetworkCallIfNecessary(FirebaseInstallations.java:387)
01-07 23:59:48.971 E/AndroidRuntime(25662): 	at com.google.firebase.installations.FirebaseInstallations.lambda$doRegistrationOrRefresh$3$com-google-firebase-installations-FirebaseInstallations(FirebaseInstallations.java:372)
01-07 23:59:48.971 E/AndroidRuntime(25662): 	at com.google.firebase.installations.FirebaseInstallations$$ExternalSyntheticLambda1.run(D8$$SyntheticClass:0)
01-07 23:59:48.971 E/AndroidRuntime(25662): 	at com.google.firebase.concurrent.SequentialExecutor$1.run(SequentialExecutor.java:117)
01-07 23:59:48.971 E/AndroidRuntime(25662): 	at com.google.firebase.concurrent.SequentialExecutor$QueueWorker.workOnQueue(SequentialExecutor.java:229)
01-07 23:59:48.971 E/AndroidRuntime(25662): 	at com.google.firebase.concurrent.SequentialExecutor$QueueWorker.run(SequentialExecutor.java:174)
01-07 23:59:48.971 E/AndroidRuntime(25662): 	at java.util.concurrent.ThreadPoolExecutor.runWorker(ThreadPoolExecutor.java:1154)
01-07 23:59:48.971 E/AndroidRuntime(25662): 	at java.util.concurrent.ThreadPoolExecutor$Worker.run(ThreadPoolExecutor.java:652)
01-07 23:59:48.971 E/AndroidRuntime(25662): 	at com.google.firebase.concurrent.CustomThreadFactory.lambda$newThread$0$com-google-firebase-concurrent-CustomThreadFactory(CustomThreadFactory.java:47)
01-07 23:59:48.971 E/AndroidRuntime(25662): 	at com.google.firebase.concurrent.CustomThreadFactory$$ExternalSyntheticLambda0.run(D8$$SyntheticClass:0)
01-07 23:59:48.971 E/AndroidRuntime(25662): 	at java.lang.Thread.run(Thread.java:1563)
01-07 23:59:49.062 D/WindowOnBackDispatcher( 4292): setTopOnBackInvokedCallback (unwrapped): null
01-07 23:59:49.062 D/CoreBackPreview( 1861): Window{7e25f2d u0 Splash Screen com.quran.quranaudio.online EXITING}: Setting back callback null
01-07 23:59:49.122 I/FontLog (11566): (REDACTED) Received query %s, URI %s
01-07 23:59:49.122 I/FontLog (11566): (REDACTED) Query [%s] resolved to %s
01-07 23:59:49.127 I/FontLog (11566): (REDACTED) Fetch %s end status %s
01-07 23:59:49.129 D/NetworkMonitor/159( 4442): PROBE_HTTPS https://www.google.com/generate_204 Probe failed with exception java.net.SocketTimeoutException: failed to connect to www.google.com/2001::1 (port 443) from /2409:8a00:18e7:f60:32c2:2a42:1db0:ec06 (port 41756) after 10000ms
01-07 23:59:49.132 I/FontLog (11566): (REDACTED) Pulling font file for id = %d, cache size = %d
01-07 23:59:49.144 I/FontLog (11566): (REDACTED) Pulling font file for id = %d, cache size = %d
01-07 23:59:49.262 V/WindowManagerShell( 4292): Transition animation finished (aborted=false), notifying core (#3422) android.os.BinderProxy@53d6470@0
01-07 23:59:49.265 V/WindowManager( 1861): Finish Transition (#3422): created at 01-07 23:59:48.703 collect-started=0.047ms request-sent=2.191ms started=3.67ms ready=9.358ms sent=76.359ms commit=13.484ms finished=560.885ms
01-07 23:59:49.265 D/VRI[SplashScreenActivity](25662): visibilityChanged oldVisibility=true newVisibility=false
01-07 23:59:49.266 V/WindowManagerShell( 4292): Track 0 became idle
01-07 23:59:49.266 V/WindowManagerShell( 4292): All active transition animations finished
01-07 23:59:49.290 E/ranaudio.online(25662): hiddenapi: Accessing hidden field Landroid/view/inputmethod/InputMethodManager;->mCurRootView:Landroid/view/ViewRootImpl; (runtime_flags=0, domain=platform, api=blocked) from Lcom/blankj/utilcode/util/KeyboardUtils; (domain=app, TargetSdkVersion=35) using reflection: denied
01-07 23:59:49.290 E/ranaudio.online(25662): hiddenapi: Accessing hidden field Landroid/view/inputmethod/InputMethodManager;->mServedView:Landroid/view/View; (runtime_flags=0, domain=platform, api=blocked) from Lcom/blankj/utilcode/util/KeyboardUtils; (domain=app, TargetSdkVersion=35) using reflection: denied
01-07 23:59:49.290 E/ranaudio.online(25662): hiddenapi: Accessing hidden field Landroid/view/inputmethod/InputMethodManager;->mNextServedView:Landroid/view/View; (runtime_flags=0, domain=platform, api=blocked) from Lcom/blankj/utilcode/util/KeyboardUtils; (domain=app, TargetSdkVersion=35) using reflection: denied
01-07 23:59:49.290 I/ranaudio.online(25662): Compiler allocated 5145KB to compile void android.view.ViewRootImpl.performTraversals()
01-07 23:59:49.290 E/AndroidRuntime(25662): FATAL EXCEPTION: pool-22-thread-1
01-07 23:59:49.290 E/AndroidRuntime(25662): Process: com.quran.quranaudio.online, PID: 25662
01-07 23:59:49.290 E/AndroidRuntime(25662): java.lang.NoSuchMethodError: No static method checkNotGoogleApiHandlerThread()V in class Lcom/google/android/gms/common/internal/Preconditions; or its super classes (declaration of 'com.google.android.gms.common.internal.Preconditions' appears in /data/app/~~hdbuVMpZGtin5LHAvni4ag==/com.quran.quranaudio.online-KPH8CIMyhFU6veuKU6wsKg==/base.apk!classes30.dex)
01-07 23:59:49.290 E/AndroidRuntime(25662): 	at com.google.android.gms.tasks.Tasks.await(com.google.android.gms:play-services-tasks@@18.1.0:11)
01-07 23:59:49.290 E/AndroidRuntime(25662): 	at com.google.firebase.perf.transport.TransportManager.updateFirebaseInstallationIdIfPossibleAndNeeded(TransportManager.java:567)
01-07 23:59:49.290 E/AndroidRuntime(25662): 	at com.google.firebase.perf.transport.TransportManager.setApplicationInfoAndBuild(TransportManager.java:503)
01-07 23:59:49.290 E/AndroidRuntime(25662): 	at com.google.firebase.perf.transport.TransportManager.syncLog(TransportManager.java:379)
01-07 23:59:49.290 E/AndroidRuntime(25662): 	at com.google.firebase.perf.transport.TransportManager.lambda$log$2$com-google-firebase-perf-transport-TransportManager(TransportManager.java:301)
01-07 23:59:49.290 E/AndroidRuntime(25662): 	at com.google.firebase.perf.transport.TransportManager$$ExternalSyntheticLambda2.run(D8$$SyntheticClass:0)
01-07 23:59:49.290 E/AndroidRuntime(25662): 	at java.util.concurrent.ThreadPoolExecutor.runWorker(ThreadPoolExecutor.java:1154)
01-07 23:59:49.290 E/AndroidRuntime(25662): 	at java.util.concurrent.ThreadPoolExecutor$Worker.run(ThreadPoolExecutor.java:652)
01-07 23:59:49.290 E/AndroidRuntime(25662): 	at java.lang.Thread.run(Thread.java:1563)
01-07 23:59:49.291 D/WindowOnBackDispatcher(25662): setTopOnBackInvokedCallback (unwrapped): null
01-07 23:59:49.291 D/CoreBackPreview( 1861): Window{293ce54 u0 com.quran.quranaudio.online/com.quran.quranaudio.online.SplashScreenActivity}: Setting back callback null
01-07 23:59:49.292 D/ViewRootImpl(25662): Skipping stats log for color mode
01-07 23:59:49.296 D/BackgroundInstallControlService( 1861): Package event received: 0
01-07 23:59:49.302 E/AndroidRuntime(25662): FATAL EXCEPTION: Firebase Blocking Thread #22
01-07 23:59:49.302 E/AndroidRuntime(25662): Process: com.quran.quranaudio.online, PID: 25662
01-07 23:59:49.302 E/AndroidRuntime(25662): java.lang.NoSuchMethodError: No static method checkNotGoogleApiHandlerThread()V in class Lcom/google/android/gms/common/internal/Preconditions; or its super classes (declaration of 'com.google.android.gms.common.internal.Preconditions' appears in /data/app/~~hdbuVMpZGtin5LHAvni4ag==/com.quran.quranaudio.online-KPH8CIMyhFU6veuKU6wsKg==/base.apk!classes30.dex)
01-07 23:59:49.302 E/AndroidRuntime(25662): 	at com.google.android.gms.tasks.Tasks.await(com.google.android.gms:play-services-tasks@@18.1.0:2)
01-07 23:59:49.302 E/AndroidRuntime(25662): 	at com.google.firebase.installations.remote.FirebaseInstallationServiceClient.openHttpURLConnection(FirebaseInstallationServiceClient.java:487)
01-07 23:59:49.302 E/AndroidRuntime(25662): 	at com.google.firebase.installations.remote.FirebaseInstallationServiceClient.createFirebaseInstallation(FirebaseInstallationServiceClient.java:163)
01-07 23:59:49.302 E/AndroidRuntime(25662): 	at com.google.firebase.installations.FirebaseInstallations.registerFidWithServer(FirebaseInstallations.java:533)
01-07 23:59:49.302 E/AndroidRuntime(25662): 	at com.google.firebase.installations.FirebaseInstallations.doNetworkCallIfNecessary(FirebaseInstallations.java:387)
01-07 23:59:49.302 E/AndroidRuntime(25662): 	at com.google.firebase.installations.FirebaseInstallations.lambda$doRegistrationOrRefresh$3$com-google-firebase-installations-FirebaseInstallations(FirebaseInstallations.java:372)
01-07 23:59:49.302 E/AndroidRuntime(25662): 	at com.google.firebase.installations.FirebaseInstallations$$ExternalSyntheticLambda1.run(D8$$SyntheticClass:0)
01-07 23:59:49.302 E/AndroidRuntime(25662): 	at com.google.firebase.concurrent.SequentialExecutor$1.run(SequentialExecutor.java:117)
01-07 23:59:49.302 E/AndroidRuntime(25662): 	at com.google.firebase.concurrent.SequentialExecutor$QueueWorker.workOnQueue(SequentialExecutor.java:229)
01-07 23:59:49.302 E/AndroidRuntime(25662): 	at com.google.firebase.concurrent.SequentialExecutor$QueueWorker.run(SequentialExecutor.java:174)
01-07 23:59:49.302 E/AndroidRuntime(25662): 	at java.util.concurrent.ThreadPoolExecutor.runWorker(ThreadPoolExecutor.java:1154)
01-07 23:59:49.302 E/AndroidRuntime(25662): 	at java.util.concurrent.ThreadPoolExecutor$Worker.run(ThreadPoolExecutor.java:652)
01-07 23:59:49.302 E/AndroidRuntime(25662): 	at com.google.firebase.concurrent.CustomThreadFactory.lambda$newThread$0$com-google-firebase-concurrent-CustomThreadFactory(CustomThreadFactory.java:47)
01-07 23:59:49.302 E/AndroidRuntime(25662): 	at com.google.firebase.concurrent.CustomThreadFactory$$ExternalSyntheticLambda0.run(D8$$SyntheticClass:0)
01-07 23:59:49.302 E/AndroidRuntime(25662): 	at java.lang.Thread.run(Thread.java:1563)
01-07 23:59:49.304 D/PERFORMANCE(25662): → [DELAY-1s] Quiz data preloading...
01-07 23:59:49.307 D/QuestionTools(25662): 📦 Starting unZipBibleQuiz...
01-07 23:59:49.307 D/QuestionTools(25662): 🔍 Checking if quiz already extracted: /data/user/0/com.quran.quranaudio.online/files/quiz/quiz_all_en.txt
01-07 23:59:49.310 D/QuestionTools(25662): ✅ Quiz files already extracted, skipping
01-07 23:59:49.310 D/PERFORMANCE(25662): ✅ [DELAY-1s] Quiz data preloaded [4 ms]
01-07 23:59:49.381 I/AiAiEcho( 5755): SmartspaceNotificationPredictor no parser can handle this notification or notification is invalid
01-07 23:59:49.398 D/SsBaseTemplateCard( 4292): No date view can be set up
01-07 23:59:49.398 I/SsBaseTemplateCard( 4292): setFormattedContentDescription: text=Rain and snow, iconDescription=Rain and snow, contentDescription=Rain and snow, Rain and snow
01-07 23:59:49.398 D/SsBaseTemplateCard( 4292): Passed-in item info is null
01-07 23:59:49.398 D/SsBaseTemplateCard( 4292): Passed-in item info is null
01-07 23:59:49.432 W/System  ( 4292): A resource failed to call release. 
01-07 23:59:49.450 D/usf_sensor_hal( 1379): accelerometer: Enter Flush
01-07 23:59:49.451 I/sensor-suez( 1379): Vendor atom [id = 100243] reported.
01-07 23:59:49.451 D/usf_sensor_hal( 1379): gyroscope: Enter Flush
01-07 23:59:49.451 I/sensor-suez( 1379): Vendor atom [id = 100243] reported.
01-07 23:59:49.479 W/libbinder.Binder( 1861): Large reply transaction of 312612 bytes, interface descriptor android.content.pm.IPackageManager, code 3, flags 18
01-07 23:59:49.485 W/libbinder.Binder(11893): Binder transaction to android.accounts.IAccountAuthenticator code 3 took 1500ms. Data bytes: 492 Reply bytes: 0 Flags: 17
01-07 23:59:49.494 D/usf_sensor_hal( 1379): gyroscope: Enter Batch. Period = 200000000, latency = 0.
01-07 23:59:49.494 D/usf_sensor_hal( 1379): IMU temperature: Enter Batch. Period = 533334000, latency = 0.
01-07 23:59:49.495 D/BackgroundInstallControlService( 1861): Package event received: 0
01-07 23:59:49.495 D/BackgroundInstallControlService( 1861): Package event received: 0
01-07 23:59:49.495 D/BackgroundInstallControlService( 1861): Package event received: 0
01-07 23:59:49.496 I/sensor-suez( 1379): Vendor atom [id = 100243] reported.
01-07 23:59:49.499 D/BackgroundInstallControlService( 1861): Package event received: 0
01-07 23:59:49.500 D/usf_sensor_hal( 1379): accelerometer: Enter Batch. Period = 200000000, latency = 0.
01-07 23:59:49.500 D/usf_sensor_hal( 1379): IMU temperature: Enter Batch. Period = 533334000, latency = 0.
01-07 23:59:49.500 I/sensor-suez( 1379): Vendor atom [id = 100243] reported.
01-07 23:59:49.510 W/libbinder.Binder( 1861): Large reply transaction of 319792 bytes, interface descriptor android.content.pm.IPackageManager, code 3, flags 18
01-07 23:59:49.540 W/ranaudio.online(25662): userfaultfd: MOVE ioctl seems unsupported: Connection timed out
01-07 23:59:49.590 E/gcblocker(11893): too long GC blocking: 5
01-07 23:59:49.590 E/gcblocker(11893): gc block end, 442136621,101
01-07 23:59:49.653 I/bthal.activity( 1341): bt_power: LeAdvStat: 23:59:48:652 - 23:59:49:653, duration: 1000, le_adv_count: 2, total_le_adv_count: 82888, total_event_count: 2
01-07 23:59:50.088 I/pixel-thermal( 2215): VIRTUAL-SKIN-CPU:32.2186 raw data: VIRTUAL-NEUTRAL-QUIET:31891.3 VIRTUAL-QUIET-DISP:30633.2 VIRTUAL-QUIET-QI:32218.6 VIRTUAL-SKIN:32218.6 VIRTUAL-SKIN-CPU:32218.6 VIRTUAL-USB-QUIET:31740.9 disp_therm:32329 neutral_therm:32952 qi_therm:34043 quiet_therm:32151 usb_pwr_therm:32306 
01-07 23:59:50.089 I/pixel-thermal( 2215): quiet_therm:32.151 raw data: quiet_therm:32151 
01-07 23:59:50.089 I/pixel-thermal( 2215): VIRTUAL-SKIN:32.2186 raw data: VIRTUAL-SKIN:32218.6 
01-07 23:59:50.089 I/pixel-thermal( 2215): VIRTUAL-SKIN-CHARGE:32.2365 raw data: VIRTUAL-SKIN-CHARGE:32236.5 qi_therm:34043 quiet_therm:32151 
01-07 23:59:50.090 I/pixel-thermal( 2215): VIRTUAL-SKIN-HINT:32.2186 raw data: VIRTUAL-SKIN:32218.6 VIRTUAL-SKIN-HINT:32218.6 
01-07 23:59:50.090 I/pixel-thermal( 2215): VIRTUAL-SKIN-CPU-GPU:32.2186 raw data: VIRTUAL-SKIN:32218.6 VIRTUAL-SKIN-CPU-GPU:32218.6 
01-07 23:59:50.090 I/pixel-thermal( 2215): cellular-emergency:32.2186 raw data: VIRTUAL-SKIN:32218.6 cellular-emergency:32218.6 
01-07 23:59:50.189 I/NearbyDiscovery(11566): (REDACTED) BloomFilterAdvManager: Detected bloom filter but too far away, ignoring. %sm, %s
01-07 23:59:50.331 D/HbmSvManager( 4497): Ambient sensor :  TMD3719 Ambient Light update Lux : 28.948519
01-07 23:59:50.440 I/AiAiEcho( 5755): SmartspaceNotificationPredictor no parser can handle this notification or notification is invalid
01-07 23:59:50.445 D/SsBaseTemplateCard( 4292): No date view can be set up
01-07 23:59:50.446 I/SsBaseTemplateCard( 4292): setFormattedContentDescription: text=Rain and snow, iconDescription=Rain and snow, contentDescription=Rain and snow, Rain and snow
01-07 23:59:50.446 D/SsBaseTemplateCard( 4292): Passed-in item info is null
01-07 23:59:50.446 D/SsBaseTemplateCard( 4292): Passed-in item info is null
01-07 23:59:50.454 E/CustomActivityOnCrash(25662): App has crashed, executing CustomActivityOnCrash's UncaughtExceptionHandler
01-07 23:59:50.454 E/CustomActivityOnCrash(25662): java.lang.NoSuchMethodError: No static method checkNotGoogleApiHandlerThread()V in class Lcom/google/android/gms/common/internal/Preconditions; or its super classes (declaration of 'com.google.android.gms.common.internal.Preconditions' appears in /data/app/~~hdbuVMpZGtin5LHAvni4ag==/com.quran.quranaudio.online-KPH8CIMyhFU6veuKU6wsKg==/base.apk!classes30.dex)
01-07 23:59:50.454 E/CustomActivityOnCrash(25662): 	at com.google.android.gms.tasks.Tasks.await(com.google.android.gms:play-services-tasks@@18.1.0:2)
01-07 23:59:50.454 E/CustomActivityOnCrash(25662): 	at com.google.firebase.installations.remote.FirebaseInstallationServiceClient.openHttpURLConnection(FirebaseInstallationServiceClient.java:487)
01-07 23:59:50.454 E/CustomActivityOnCrash(25662): 	at com.google.firebase.installations.remote.FirebaseInstallationServiceClient.createFirebaseInstallation(FirebaseInstallationServiceClient.java:163)
01-07 23:59:50.454 E/CustomActivityOnCrash(25662): 	at com.google.firebase.installations.FirebaseInstallations.registerFidWithServer(FirebaseInstallations.java:533)
01-07 23:59:50.454 E/CustomActivityOnCrash(25662): 	at com.google.firebase.installations.FirebaseInstallations.doNetworkCallIfNecessary(FirebaseInstallations.java:387)
01-07 23:59:50.454 E/CustomActivityOnCrash(25662): 	at com.google.firebase.installations.FirebaseInstallations.lambda$doRegistrationOrRefresh$3$com-google-firebase-installations-FirebaseInstallations(FirebaseInstallations.java:372)
01-07 23:59:50.454 E/CustomActivityOnCrash(25662): 	at com.google.firebase.installations.FirebaseInstallations$$ExternalSyntheticLambda1.run(D8$$SyntheticClass:0)
01-07 23:59:50.454 E/CustomActivityOnCrash(25662): 	at com.google.firebase.concurrent.SequentialExecutor$1.run(SequentialExecutor.java:117)
01-07 23:59:50.454 E/CustomActivityOnCrash(25662): 	at com.google.firebase.concurrent.SequentialExecutor$QueueWorker.workOnQueue(SequentialExecutor.java:229)
01-07 23:59:50.454 E/CustomActivityOnCrash(25662): 	at com.google.firebase.concurrent.SequentialExecutor$QueueWorker.run(SequentialExecutor.java:174)
01-07 23:59:50.454 E/CustomActivityOnCrash(25662): 	at java.util.concurrent.ThreadPoolExecutor.runWorker(ThreadPoolExecutor.java:1154)
01-07 23:59:50.454 E/CustomActivityOnCrash(25662): 	at java.util.concurrent.ThreadPoolExecutor$Worker.run(ThreadPoolExecutor.java:652)
01-07 23:59:50.454 E/CustomActivityOnCrash(25662): 	at com.google.firebase.concurrent.CustomThreadFactory.lambda$newThread$0$com-google-firebase-concurrent-CustomThreadFactory(CustomThreadFactory.java:47)
01-07 23:59:50.454 E/CustomActivityOnCrash(25662): 	at com.google.firebase.concurrent.CustomThreadFactory$$ExternalSyntheticLambda0.run(D8$$SyntheticClass:0)
01-07 23:59:50.454 E/CustomActivityOnCrash(25662): 	at java.lang.Thread.run(Thread.java:1563)
01-07 23:59:50.471 I/TRuntime.CctTransportBackend(25662): Making request to: https://crashlyticsreports-pa.googleapis.com/v1/firelog/legacy/batchlog
01-07 23:59:50.473 V/WindowManager( 1861): DesktopModeLaunchParamsModifier: phase= 0 task=null activity=null desktop mode is not enabled, skipping
01-07 23:59:50.473 V/WindowManager( 1861): TaskLaunchParamsModifier:phase=0 task=null activity=null display-area-from-current-params=null display-area-source-process=DefaultTaskDisplayArea@25975029 display-id=0 task-display-area-windowing-mode=1 suggested-display-area=DefaultTaskDisplayArea@25975029
01-07 23:59:50.473 V/GrammaticalInflectionUtils( 1861): AttributionSource: android.content.AttributionSource@547ccc48 does not have READ_SYSTEM_GRAMMATICAL_GENDER permission.
01-07 23:59:50.474 V/WindowManager( 1861): DesktopModeLaunchParamsModifier: phase= 0 task=null activity=ActivityRecord{123120491 u0 com.quran.quranaudio.online/cat.ereza.customactivityoncrash.activity.DefaultErrorActivity desktop mode is not enabled, skipping
01-07 23:59:50.474 V/WindowManager( 1861): TaskLaunchParamsModifier:phase=0 task=null activity=ActivityRecord{123120491 u0 com.quran.quranaudio.online/cat.ereza.customactivityoncrash.activity.DefaultErrorActivity t-1} display-area-from-current-params=null display-area-for-launching-record=DefaultTaskDisplayArea@25975029 display-id=0 task-display-area-windowing-mode=1 suggested-display-area=DefaultTaskDisplayArea@25975029
01-07 23:59:50.474 V/WindowManager( 1861): DesktopModeLaunchParamsModifier: phase= 3 task=Task{42c2667 #4968 type=standard A=10547:com.quran.quranaudio.online} activity=ActivityRecord{123120491 u0 com.quran.quranaudio.online/cat.ereza.customactivityoncrash.activity.DefaultErrorActivity t-1} desktop mode is not enabled, skipping
01-07 23:59:50.474 V/WindowManager( 1861): TaskLaunchParamsModifier:phase=3 task=Task{42c2667 #4968 type=standard A=10547:com.quran.quranaudio.online} activity=ActivityRecord{123120491 u0 com.quran.quranaudio.online/cat.ereza.customactivityoncrash.activity.DefaultErrorActivity t-1} display-from-task=0 display-id=0 task-display-area-windowing-mode=1 suggested-display-area=DefaultTaskDisplayArea@25975029 inherit-from-task=fullscreen non-freeform-task-display-area display-area=DefaultTaskDisplayArea@25975029 default-portrait freeform-size-mismatch=Rect(276, 696 - 805, 1776)
01-07 23:59:50.475 V/WindowManager( 1861): DesktopModeLaunchParamsModifier: phase= 3 task=Task{42c2667 #4968 type=standard A=10547:com.quran.quranaudio.online} activity=ActivityRecord{123120491 u0 com.quran.quranaudio.online/cat.ereza.customactivityoncrash.activity.DefaultErrorActivity t-1} desktop mode is not enabled, skipping
01-07 23:59:50.475 V/WindowManager( 1861): TaskLaunchParamsModifier:phase=3 task=Task{42c2667 #4968 type=standard A=10547:com.quran.quranaudio.online} activity=ActivityRecord{123120491 u0 com.quran.quranaudio.online/cat.ereza.customactivityoncrash.activity.DefaultErrorActivity t-1} display-from-task=0 display-id=0 task-display-area-windowing-mode=1 suggested-display-area=DefaultTaskDisplayArea@25975029 inherit-from-task=fullscreen non-freeform-task-display-area display-area=DefaultTaskDisplayArea@25975029 default-portrait freeform-size-mismatch=Rect(276, 696 - 805, 1776)
01-07 23:59:50.475 W/TransitionChain( 1861): Combining AR.finish-clear-task-all into #3423(OPEN|R|0x0) from startAct
01-07 23:59:50.481 V/WindowManager( 1861): DesktopModeLaunchParamsModifier: phase= 3 task=Task{42c2667 #4968 type=standard A=10547:com.quran.quranaudio.online} activity=ActivityRecord{123120491 u0 com.quran.quranaudio.online/cat.ereza.customactivityoncrash.activity.DefaultErrorActivity t-1} desktop mode is not enabled, skipping
01-07 23:59:50.481 V/WindowManager( 1861): TaskLaunchParamsModifier:phase=3 task=Task{42c2667 #4968 type=standard A=10547:com.quran.quranaudio.online} activity=ActivityRecord{123120491 u0 com.quran.quranaudio.online/cat.ereza.customactivityoncrash.activity.DefaultErrorActivity t-1} display-from-task=0 display-id=0 task-display-area-windowing-mode=1 suggested-display-area=DefaultTaskDisplayArea@25975029 inherit-from-task=fullscreen non-freeform-task-display-area display-area=DefaultTaskDisplayArea@25975029 default-portrait freeform-size-mismatch=Rect(276, 696 - 805, 1776)
01-07 23:59:50.483 I/ActivityTaskManager( 1861): START u0 {flg=0x10008000 xflg=0x4 cmp=com.quran.quranaudio.online/cat.ereza.customactivityoncrash.activity.DefaultErrorActivity (has extras)} with LAUNCH_MULTIPLE from uid 10547 (com.quran.quranaudio.online) (BAL_ALLOW_VISIBLE_WINDOW) result code=0
01-07 23:59:50.484 W/ActivityTaskManager( 1861): Duplicate finish request for r=ActivityRecord{140436189 u0 com.quran.quranaudio.online/.quran_module.activities.ActivityOnboarding t4968 f}}
01-07 23:59:50.484 I/Process (25662): Sending signal. PID: 25662 SIG: 9
01-07 23:59:50.484 V/WindowManagerShell( 4292): Transition requested (#3423): android.os.BinderProxy@20ec216 TransitionRequestInfo { type = OPEN, triggerTask = TaskInfo{userId=0 taskId=4968 effectiveUid=10547 displayId=0 isRunning=true baseIntent=Intent { flg=0x10000000 cmp=com.quran.quranaudio.online/.SplashScreenActivity } baseActivity=ComponentInfo{com.quran.quranaudio.online/cat.ereza.customactivityoncrash.activity.DefaultErrorActivity} topActivity=ComponentInfo{com.quran.quranaudio.online/cat.ereza.customactivityoncrash.activity.DefaultErrorActivity} origActivity=null realActivity=ComponentInfo{com.quran.quranaudio.online/com.quran.quranaudio.online.SplashScreenActivity} numActivities=1 lastActiveTime=794916478 supportsMultiWindow=true resizeMode=1 isResizeable=true minWidth=-1 minHeight=-1 defaultMinSize=220 token=WCT{android.os.BinderProxy@4846be5} topActivityType=1 pictureInPictureParams=null shouldDockBigOverlays=false launchIntoPipHostTaskId=-1 lastParentTaskIdBeforePip=-1 displayCutoutSafeInsets=Rect(0, 136 - 0, 0) topActivityInfo=ActivityInfo{26f8797 cat.ereza.customactivityoncrash.activity.DefaultErrorActivity} launchCookies=[] positionInParent=Point(0, 0) parentTaskId=-1 isFocused=true isVisible=true isVisibleRequested=false isTopActivityNoDisplay=false isSleeping=false locusId=null displayAreaFeatureId=1 isTopActivityTransparent=false isActivityStackTransparent=false lastNonFullscreenBounds=Rect(276, 696 - 805, 1776) capturedLink=null capturedLinkTimestamp=0 requestedVisibleTypes=503 topActivityRequestOpenInBrowserEducationTimestamp=0 appCompatTaskInfo=AppCompatTaskInfo { topActivityInSizeCompat=false isLeafTask= true eligibleForLetterboxEducation= false isLetterboxEducationEnabled= false isLetterboxDoubleTapEnabled= false eligibleForUserAspectRatioButton= false topActivityBoundsLetterboxed= false isFromLetterboxDoubleTap= false topActivityLetterboxVerticalPosition= -1 topActivityLetterboxHorizontalPosition= -1 topActivityLetterboxWidth=-1 topActivityLetterboxHeight=-1 topActivityAppBounds=Rect(0, 0 - 1080, 2400) isUserFullscreenOverrideEnabled=false isSystemFullscreenOverrideEnabled=false hasMinAspectRatioOverride=false topActivityLetterboxBounds=null cameraCompatTaskInfo=CameraCompatTaskInfo { cameraCompatMode=undefinedundefined} topNonResizableActivityAspectRatio=-1.0} topActivityMainWindowFrame=null isAppBubble=false}, pipChange = null, remoteTransition = null, displayChange = null, requestedLocation = null, userChange = null, windowingLayerChange = null, flags = 0, debugId = 3423 }
01-07 23:59:50.484 D/ShellSplitScreen( 4292): logExit: no-op, mLoggerSessionId is null
01-07 23:59:50.495 I/libbinder.BpBinder(  742): onLastStrongRef automatically unlinking death recipients for descriptor: '(not cached)'
01-07 23:59:50.531 I/WindowManager( 1861): WIN DEATH: Window{c4a8d13 u0 com.quran.quranaudio.online/com.quran.quranaudio.online.quran_module.activities.ActivityOnboarding}
01-07 23:59:50.532 I/ImeTracker( 1861): com.quran.quranaudio.online:1e07dfc6: onRequestHide at ORIGIN_SERVER reason HIDE_REMOVE_CLIENT fromUser false
01-07 23:59:50.532 I/ImeTracker( 1861): com.quran.quranaudio.online:1e07dfc6: onCancelled at PHASE_SERVER_SHOULD_HIDE
01-07 23:59:50.532 D/ConnectivityService( 1861): releasing NetworkRequest [ REQUEST id=18487, [ Capabilities: INTERNET&NOT_RESTRICTED&TRUSTED&NOT_VCN_MANAGED&NOT_BANDWIDTH_CONSTRAINED Uid: 10547 RequestorUid: 10547 RequestorPkg: com.quran.quranaudio.online UnderlyingNetworks: Null] ] (release request)
01-07 23:59:50.532 W/powerhal-libperfmgr(  860): sched_setattr failed for thread 25833, err=3
01-07 23:59:50.532 W/powerhal-libperfmgr(  860): sched_setattr failed for thread 25834, err=3
01-07 23:59:50.532 W/powerhal-libperfmgr(  860): sched_setattr failed for thread 25764, err=3
01-07 23:59:50.532 W/powerhal-libperfmgr(  860): sched_setattr failed for thread 25833, err=3
01-07 23:59:50.532 W/powerhal-libperfmgr(  860): sched_setattr failed for thread 25834, err=3
01-07 23:59:50.532 W/powerhal-libperfmgr(  860): sched_setattr failed for thread 25764, err=3
01-07 23:59:50.532 D/ConnectivityService( 1861): releasing NetworkRequest [ REQUEST id=18485, [ Capabilities: INTERNET&NOT_RESTRICTED&TRUSTED&NOT_VCN_MANAGED&NOT_BANDWIDTH_CONSTRAINED Uid: 10547 RequestorUid: 10547 RequestorPkg: com.quran.quranaudio.online UnderlyingNetworks: Null] ] (release request)
01-07 23:59:50.532 E/libbinder.IPCThreadState( 1861): Binder transaction failure. id: 121313303, cmd: BR_DEAD_REPLY (29189), error: -22 (Invalid argument)
01-07 23:59:50.532 W/ActivityManager( 1861): pid 1861 system sent binder code 12 with flags 1 and got error -32
01-07 23:59:50.532 D/ActivityManager( 1861): Too many transaction errors, throttling freezer binder callback.
01-07 23:59:50.533 I/adbd    (25552): Remote process closed the socket (on MSG_PEEK)
01-07 23:59:50.533 W/ActivityManager( 1861): Exception when unbinding service com.quran.quranaudio.online/com.google.android.datatransport.runtime.scheduling.jobscheduling.JobInfoSchedulerService
01-07 23:59:50.533 W/ActivityManager( 1861): android.os.DeadObjectException
01-07 23:59:50.533 W/ActivityManager( 1861): 	at android.os.BinderProxy.transactNative(Native Method)
01-07 23:59:50.533 W/ActivityManager( 1861): 	at android.os.BinderProxy.transact(BinderProxy.java:599)
01-07 23:59:50.533 W/ActivityManager( 1861): 	at android.app.IApplicationThread$Stub$Proxy.scheduleUnbindService(IApplicationThread.java:1802)
01-07 23:59:50.533 W/ActivityManager( 1861): 	at android.app.IApplicationThread$Delegator.scheduleUnbindService(IApplicationThread.java:277)
01-07 23:59:50.533 W/ActivityManager( 1861): 	at com.android.server.am.ActiveServices.removeConnectionLocked(ActiveServices.java:6915)
01-07 23:59:50.533 W/ActivityManager( 1861): 	at com.android.server.am.ActiveServices.unbindServiceConnectionsLocked(ActiveServices.java:4611)
01-07 23:59:50.533 W/ActivityManager( 1861): 	at com.android.server.am.ActiveServices.unbindServiceLocked(ActiveServices.java:4667)
01-07 23:59:50.533 W/ActivityManager( 1861): 	at com.android.server.am.ActivityManagerService.unbindService(ActivityManagerService.java:14089)
01-07 23:59:50.533 W/ActivityManager( 1861): 	at android.app.ContextImpl.unbindService(ContextImpl.java:2366)
01-07 23:59:50.533 W/ActivityManager( 1861): 	at com.android.server.job.JobServiceContext.closeAndCleanupJobLocked(JobServiceContext.java:1769)
01-07 23:59:50.533 W/ActivityManager( 1861): 	at com.android.server.job.JobServiceContext.onServiceDisconnected(JobServiceContext.java:1114)
01-07 23:59:50.533 W/ActivityManager( 1861): 	at android.app.LoadedApk$ServiceDispatcher.doDeath(LoadedApk.java:2354)
01-07 23:59:50.533 W/ActivityManager( 1861): 	at android.app.LoadedApk$ServiceDispatcher$RunConnection.run(LoadedApk.java:2372)
01-07 23:59:50.533 W/ActivityManager( 1861): 	at android.os.Handler.handleCallback(Handler.java:1070)
01-07 23:59:50.533 W/ActivityManager( 1861): 	at android.os.Handler.dispatchMessage(Handler.java:125)
01-07 23:59:50.533 W/ActivityManager( 1861): 	at android.os.Looper.dispatchMessage(Looper.java:333)
01-07 23:59:50.533 W/ActivityManager( 1861): 	at android.os.Looper.loopOnce(Looper.java:263)
01-07 23:59:50.533 W/ActivityManager( 1861): 	at android.os.Looper.loop(Looper.java:367)
01-07 23:59:50.533 W/ActivityManager( 1861): 	at com.android.server.SystemServer.run(SystemServer.java:1081)
01-07 23:59:50.533 W/ActivityManager( 1861): 	at com.android.server.SystemServer.main(SystemServer.java:711)
01-07 23:59:50.533 W/ActivityManager( 1861): 	at java.lang.reflect.Method.invoke(Native Method)
01-07 23:59:50.533 W/ActivityManager( 1861): 	at com.android.internal.os.RuntimeInit$MethodAndArgsCaller.run(RuntimeInit.java:566)
01-07 23:59:50.533 W/ActivityManager( 1861): 	at com.android.internal.os.ZygoteInit.main(ZygoteInit.java:907)
01-07 23:59:50.533 I/ActivityManager( 1861): Process com.quran.quranaudio.online (pid 25662) has died: fg  TOP 
01-07 23:59:50.534 I/Zygote  ( 1324): Process 25662 exited due to signal 9 (Killed)
01-07 23:59:50.534 D/BoundBrokerSvc(27767): onUnbind: Intent { act=com.google.android.gms.safebrowsing.SafeBrowsingService.START dat=chimera-action:/... xflg=0x4 cmp=com.google.android.gms/.chimera.GmsBoundBrokerService }
01-07 23:59:50.535 I/cr_ChildProcessService(25725): Destroying ChildProcessService pid=25725
01-07 23:59:50.535 I/ActivityManager( 1861): Killing 25725:com.google.android.webview:sandboxed_process0:org.chromium.content.app.SandboxedProcessService0:0/u0a547i766 (adj 0): isolated not needed
01-07 23:59:50.535 I/libprocessgroup( 1861): Removed cgroup /sys/fs/cgroup/apps/uid_10547/pid_25662
01-07 23:59:50.540 W/TransitionChain( 1861): Combining appDied into #3423(OPEN|R|0x0) from startAct
01-07 23:59:50.541 W/ActivityManager( 1861): setHasOverlayUi called on unknown pid: 25662
01-07 23:59:50.542 D/InetDiagMessage( 1861): Destroyed 0 sockets, proto=IPPROTO_TCP, family=AF_INET, states=14
01-07 23:59:50.542 V/GrammaticalInflectionUtils( 1861): AttributionSource: android.content.AttributionSource@547ccc48 does not have READ_SYSTEM_GRAMMATICAL_GENDER permission.
01-07 23:59:50.542 D/BackgroundInstallControlService( 1861): Package event received: 0
01-07 23:59:50.543 D/InetDiagMessage( 1861): Destroyed 0 sockets, proto=IPPROTO_TCP, family=AF_INET6, states=14
01-07 23:59:50.543 D/InetDiagMessage( 1861): Destroyed live tcp sockets for uids={10547} in 3ms
01-07 23:59:50.543 D/BoundBrokerSvc(27767): onUnbind: Intent { act=com.google.android.gms.safetynet.service.START xflg=0x4 pkg=com.google.android.gms }
01-07 23:59:50.543 D/BoundBrokerSvc(27767): onUnbind: Intent { act=com.google.android.gms.ads.service.START xflg=0x4 pkg=com.google.android.gms }
01-07 23:59:50.544 D/BoundBrokerSvc(27767): onUnbind: Intent { act=com.google.android.gms.ads.identifier.service.EVENT_ATTESTATION xflg=0x4 pkg=com.google.android.gms }
01-07 23:59:50.544 D/BoundBrokerSvc(27767): onUnbind: Intent { act=com.google.android.gms.ads.service.CACHE xflg=0x4 pkg=com.google.android.gms }
01-07 23:59:50.546 V/GrammaticalInflectionUtils( 1861): AttributionSource: android.content.AttributionSource@547ccc48 does not have READ_SYSTEM_GRAMMATICAL_GENDER permission.
01-07 23:59:50.552 D/Zygote  ( 1324): Forked child process 25992
01-07 23:59:50.552 I/ActivityManager( 1861): Start proc 25992:com.quran.quranaudio.online:error_activity/u0a547 for top-activity {com.quran.quranaudio.online/cat.ereza.customactivityoncrash.activity.DefaultErrorActivity}
01-07 23:59:50.553 D/InetDiagMessage( 1861): Destroyed 0 sockets, proto=IPPROTO_TCP, family=AF_INET, states=14
01-07 23:59:50.554 D/InetDiagMessage( 1861): Destroyed 0 sockets, proto=IPPROTO_TCP, family=AF_INET6, states=14
01-07 23:59:50.554 D/InetDiagMessage( 1861): Destroyed live tcp sockets for uids={20547} in 11ms
01-07 23:59:50.556 W/zygote64(25992): Activation of cgroup controller +memory failed in path /sys/fs/cgroup/apps/uid_10547: Invalid argument
01-07 23:59:50.559 I/Zygote  (25992): Process 25992 created for com.quran.quranaudio.online:error_activity
01-07 23:59:50.560 I/:error_activity(25992): Late-enabling -Xcheck:jni
01-07 23:59:50.561 D/Zygote  ( 1324): Forked child process 25993
01-07 23:59:50.561 I/ActivityManager( 1861): Start proc 25993:com.quran.quranaudio.online/u0a547 for service {com.quran.quranaudio.online/com.google.android.datatransport.runtime.scheduling.jobscheduling.JobInfoSchedulerService}
01-07 23:59:50.564 W/zygote64(25993): Activation of cgroup controller +memory failed in path /sys/fs/cgroup/apps/uid_10547: Invalid argument
01-07 23:59:50.567 I/Zygote  (25993): Process 25993 created for com.quran.quranaudio.online
01-07 23:59:50.567 I/ranaudio.online(25993): Late-enabling -Xcheck:jni
01-07 23:59:50.568 I/libprocessgroup( 1861): Removed cgroup /sys/fs/cgroup/apps/uid_99766/pid_25725
01-07 23:59:50.568 I/Zygote  ( 5620): Process 25725 exited due to signal 9 (Killed)
01-07 23:59:50.590 I/:error_activity(25992): Using CollectorTypeCMC GC.
01-07 23:59:50.590 I/ranaudio.online(25993): Using CollectorTypeCMC GC.
01-07 23:59:50.593 I/adbd    (25552): jdwp connection from 25992
01-07 23:59:50.594 I/adbd    (25552): jdwp connection from 25993
01-07 23:59:50.596 D/nativeloader(25992): Load libframework-connectivity-tiramisu-jni.so using APEX ns com_android_tethering for caller /apex/com.android.tethering/javalib/framework-connectivity-t.jar: ok
01-07 23:59:50.597 D/nativeloader(25993): Load libframework-connectivity-tiramisu-jni.so using APEX ns com_android_tethering for caller /apex/com.android.tethering/javalib/framework-connectivity-t.jar: ok
01-07 23:59:50.607 D/BackgroundInstallControlService( 1861): Package event received: 0
01-07 23:59:50.615 W/JobServiceContext( 1861): Sending onNetworkChanged for a job that isn't started. JobStatus{b29347 #u0a547/-2142030664 com.quran.quranaudio.online/com.google.android.datatransport.runtime.scheduling.jobscheduling.JobInfoSchedulerService u=0 s=10547 NET system stops=1 READY}
01-07 23:59:50.617 D/ApplicationLoaders(25992): Returning zygote-cached class loader: /system/framework/org.apache.http.legacy.jar
01-07 23:59:50.617 D/ApplicationLoaders(25992): Returning zygote-cached class loader: /system_ext/framework/androidx.window.extensions.jar
01-07 23:59:50.617 D/ApplicationLoaders(25992): Returning zygote-cached class loader: /system_ext/framework/androidx.window.sidecar.jar
01-07 23:59:50.626 D/ApplicationLoaders(25993): Returning zygote-cached class loader: /system/framework/org.apache.http.legacy.jar
01-07 23:59:50.626 D/ApplicationLoaders(25993): Returning zygote-cached class loader: /system_ext/framework/androidx.window.extensions.jar
01-07 23:59:50.626 D/ApplicationLoaders(25993): Returning zygote-cached class loader: /system_ext/framework/androidx.window.sidecar.jar
01-07 23:59:50.980 W/ActivityTaskManager( 1861): Activity top resumed state loss timeout for ActivityRecord{140436189 u0 com.quran.quranaudio.online/.quran_module.activities.ActivityOnboarding t4968 f} isExiting}
01-07 23:59:50.989 W/orbu.utils(11893): orbu proceed: 102, dfidHex: 0x28000102
01-07 23:59:50.989 W/orbu.utils(11893): enableNetworkHardBlock: 0, isTargetRuleGroup: 0
01-07 23:59:50.999 W/libbinder.Binder(11893): Binder transaction to android.accounts.IAccountAuthenticator code 3 took 1500ms. Data bytes: 492 Reply bytes: 0 Flags: 17
01-07 23:59:51.003 D/BackgroundInstallControlService( 1861): Package event received: 0
01-07 23:59:51.003 D/BackgroundInstallControlService( 1861): Package event received: 0
01-07 23:59:51.004 D/BackgroundInstallControlService( 1861): Package event received: 0
01-07 23:59:51.004 D/BackgroundInstallControlService( 1861): Package event received: 0
01-07 23:59:51.078 D/nativeloader(25992): Configuring clns-9 for other apk /data/app/~~hdbuVMpZGtin5LHAvni4ag==/com.quran.quranaudio.online-KPH8CIMyhFU6veuKU6wsKg==/base.apk. target_sdk_version=35, uses_libraries=, library_path=/data/app/~~hdbuVMpZGtin5LHAvni4ag==/com.quran.quranaudio.online-KPH8CIMyhFU6veuKU6wsKg==/lib/arm64, permitted_path=/data:/mnt/expand:/data/user/0/com.quran.quranaudio.online
01-07 23:59:51.080 D/CompatChangeReporter(25992): Compat change id reported: 202956589; UID 10547; state: ENABLED
01-07 23:59:51.085 V/GraphicsEnvironment(25992): Currently set values for:
01-07 23:59:51.085 V/GraphicsEnvironment(25992):   angle_gl_driver_selection_pkgs=[com.android.angle, com.google.android.apps.tachyon]
01-07 23:59:51.085 V/GraphicsEnvironment(25992):   angle_gl_driver_selection_values=[angle, native]
01-07 23:59:51.085 V/GraphicsEnvironment(25992): com.quran.quranaudio.online is not listed in per-application setting
01-07 23:59:51.085 V/GraphicsEnvironment(25992): ANGLE allowlist from config: 
01-07 23:59:51.085 V/GraphicsEnvironment(25992): No special selections for ANGLE, returning default driver choice
01-07 23:59:51.085 V/GraphicsEnvironment(25992): Neither updatable production driver nor prerelease driver is supported.
01-07 23:59:51.093 E/libbinder.IPCThreadState(27767): Binder transaction failure. id: 121313620, cmd: BR_DEAD_REPLY (29189), error: -22 (Invalid argument)
01-07 23:59:51.093 W/ActivityManager( 1861): pid 27767 com.google.android.gms sent binder code 1 with flags 2 and got error -32
01-07 23:59:51.093 D/ActivityManager( 1861): Too many transaction errors, throttling freezer binder callback.
01-07 23:59:51.101 E/gcblocker(11893): too long GC blocking: 5
01-07 23:59:51.101 E/gcblocker(11893): gc block end, 442138132,101
01-07 23:59:51.110 I/MultiDex(25992): VM with version 2.1.0 has multidex support
01-07 23:59:51.110 I/MultiDex(25992): Installing application
01-07 23:59:51.110 I/MultiDex(25992): VM has multidex support, MultiDex support library is disabled.
01-07 23:59:51.111 D/PERFORMANCE(25992): ========================================
01-07 23:59:51.111 D/PERFORMANCE(25992): ⚡ App.onCreate() START (Optimized Version)
01-07 23:59:51.111 D/PERFORMANCE(25992): ========================================
01-07 23:59:51.114 D/PERFORMANCE(25992): ========================================
01-07 23:59:51.114 D/PERFORMANCE(25992): ⚡ BaseApp.onCreate() START
01-07 23:59:51.114 D/PERFORMANCE(25992): ========================================
01-07 23:59:51.115 D/PERFORMANCE(25992): → Child process detected: com.quran.quranaudio.online:error_activity (main: com.quran.quranaudio.online)
01-07 23:59:51.115 D/PERFORMANCE(25992): → Process check: isMainProcess = false
01-07 23:59:51.115 D/PERFORMANCE(25992): ⚠️ Running in CHILD process - skipping all initialization
01-07 23:59:51.115 D/PERFORMANCE(25992): ✅ BaseApp.onCreate() COMPLETED (child process) [1ms]
01-07 23:59:51.115 D/PERFORMANCE(25992): ✅ super.onCreate() completed [4ms]
01-07 23:59:51.115 D/CRASH_DEBUG(25992): 🔄 Initializing WebView isolation...
01-07 23:59:51.115 D/PERFORMANCE(25992): → [IMMEDIATE] WebView isolation...
01-07 23:59:51.115 D/PERFORMANCE(25992): ✅ WebView suffix set: error_activity
01-07 23:59:51.115 D/PERFORMANCE(25992): ✅ [IMMEDIATE] WebView isolation [0ms]
01-07 23:59:51.115 D/CRASH_DEBUG(25992): ✅ WebView isolation initialized
01-07 23:59:51.115 D/CRASH_DEBUG(25992): 🔄 Initializing AdFactory...
01-07 23:59:51.115 D/PERFORMANCE(25992): → [IMMEDIATE] AdFactory init (no preload)...
01-07 23:59:51.115 D/AnalyticsManager(25992): ✅ Event logged: app_workflow_step | params: {duration_from_start=0.0, step_name=app_start, timestamp=1767801591114}
01-07 23:59:51.118 D/PERFORMANCE(25992): ✅ [IMMEDIATE] AdFactory init [3ms]
01-07 23:59:51.118 D/CRASH_DEBUG(25992): ✅ AdFactory initialized
01-07 23:59:51.118 D/CRASH_DEBUG(25992): 🔄 Initializing Activity lifecycle callbacks...
01-07 23:59:51.118 D/PERFORMANCE(25992): → [IMMEDIATE] ActivityLifecycleCallbacks...
01-07 23:59:51.119 D/PERFORMANCE(25992): ✅ [IMMEDIATE] ActivityLifecycleCallbacks [1ms]
01-07 23:59:51.119 D/CRASH_DEBUG(25992): ✅ Activity lifecycle callbacks initialized
01-07 23:59:51.119 D/CRASH_DEBUG(25992): 🔄 Initializing crash handler...
01-07 23:59:51.119 D/PERFORMANCE(25992): → [IMMEDIATE] CrashHandler...
01-07 23:59:51.119 D/PERFORMANCE(25992): ✅ [IMMEDIATE] CrashHandler [0ms]
01-07 23:59:51.119 D/CRASH_DEBUG(25992): ✅ Crash handler initialized
01-07 23:59:51.119 D/CRASH_DEBUG(25992): 🔄 Initializing notification channels...
01-07 23:59:51.119 D/PERFORMANCE(25992): → [IMMEDIATE] NotificationChannels...
01-07 23:59:51.122 D/PERFORMANCE(25992): ✅ [IMMEDIATE] NotificationChannels [3ms]
01-07 23:59:51.122 D/CRASH_DEBUG(25992): ✅ Notification channels initialized
01-07 23:59:51.122 D/CRASH_DEBUG(25992): ✅ Immediate init completed [11ms]
01-07 23:59:51.122 D/PERFORMANCE(25992): ========================================
01-07 23:59:51.122 D/PERFORMANCE(25992): 🔵 [ASYNC] Scheduling background tasks...
01-07 23:59:51.123 D/PERFORMANCE(25992): → [ASYNC] Loading Typefaces in background...
01-07 23:59:51.123 D/PERFORMANCE(25992): ✅ [ASYNC] 3 background tasks scheduled
01-07 23:59:51.123 D/PERFORMANCE(25992): 🟡 [DELAY] Scheduling delayed tasks...
01-07 23:59:51.123 D/PERFORMANCE(25992): → [ASYNC] Configuring WorkManager...
01-07 23:59:51.123 D/PERFORMANCE(25992): ✅ [DELAY] 4 delayed tasks scheduled (3s, 5s)
01-07 23:59:51.123 D/PERFORMANCE(25992): ========================================
01-07 23:59:51.123 D/PERFORMANCE(25992): ✅ App.onCreate() COMPLETED in 12ms (vs 1500-4500ms before)
01-07 23:59:51.123 D/PERFORMANCE(25992): 📊 Main thread blocked: ~12ms (80% reduction!)
01-07 23:59:51.123 D/PERFORMANCE(25992): ========================================
01-07 23:59:51.123 D/AnalyticsManager(25992): ✅ Event logged: app_workflow_step | params: {duration_from_start=9.0, step_name=app_init_complete, timestamp=1767801591123}
01-07 23:59:51.124 D/PERFORMANCE(25992): → [ASYNC] Injecting QuranDataProvider...
01-07 23:59:51.125 D/PERFORMANCE(25992): ✅ [ASYNC] QuranDataProvider injected [1ms]
01-07 23:59:51.126 I/HWUI    (25992): Using FreeType backend (prop=Auto)
01-07 23:59:51.126 D/BackgroundInstallControlService( 1861): Package event received: 0
01-07 23:59:51.126 D/BackgroundInstallControlService( 1861): Package event received: 0
01-07 23:59:51.129 I/DisplayManager(25992): Choreographer implicitly registered for the refresh rate.
01-07 23:59:51.131 W/:error_activity(25992): ClassLoaderContext classpath size mismatch. expected=1, found=0 (DLC[];PCL[base.apk*940910263]{PCL[/system/framework/org.apache.http.legacy.jar*3808638674]#PCL[/system/framework/com.android.media.remotedisplay.jar*1838754544]#PCL[/system/framework/com.android.location.provider.jar*1880069816]#PCL[/system_ext/framework/androidx.window.extensions.jar*27366443]#PCL[/system_ext/framework/androidx.window.sidecar.jar*3917221785]} | DLC[];PCL[])
01-07 23:59:51.133 D/PERFORMANCE(25992): ✅ [ASYNC] Typefaces loaded [10ms]
01-07 23:59:51.135 I/DynamiteModule(25992): Considering local module com.google.android.gms.measurement.dynamite:97 and remote module com.google.android.gms.measurement.dynamite:172
01-07 23:59:51.135 I/DynamiteModule(25992): Selected remote version of com.google.android.gms.measurement.dynamite, version >= 172
01-07 23:59:51.136 V/DynamiteModule(25992): Dynamite loader version >= 2, using loadModule2NoCrashUtils
01-07 23:59:51.141 I/bthal.activity( 1341): bt_power: LeAdvStat: 23:59:50:138 - 23:59:51:141, duration: 1002, le_adv_count: 2, total_le_adv_count: 82890, total_event_count: 2
01-07 23:59:51.141 D/DesktopExperienceFlags(25992): Toggle override initialized to: false
01-07 23:59:51.146 D/AppCompatDelegate(25992): Checking for metadata for AppLocalesMetadataHolderService : Service not found
01-07 23:59:51.150 W/System  (25992): ClassLoader referenced unknown path: 
01-07 23:59:51.150 D/nativeloader(25992): Configuring clns-10 for other apk . target_sdk_version=36, uses_libraries=, library_path=/data/app/~~s_B59Kc2JiWGMvA0q4rxAA==/com.google.android.gms-nroD68xaadQNuiKueTkIdQ==/lib/arm64:/data/app/~~s_B59Kc2JiWGMvA0q4rxAA==/com.google.android.gms-nroD68xaadQNuiKueTkIdQ==/base.apk!/lib/arm64-v8a, permitted_path=/data:/mnt/expand:/data/user/0/com.google.android.gms
01-07 23:59:51.150 E/ashmem  (25992): Pinning is deprecated since Android Q. Please use trim or other methods.
01-07 23:59:51.151 D/WorkCreator(25992): ✅ WorkManager cleanup task scheduled (every 7 days)
01-07 23:59:51.151 D/PERFORMANCE(25992): ✅ [ASYNC] WorkManager configured [28ms]
01-07 23:59:51.157 W/:error_activity(25992): ClassLoaderContext classpath element checksum mismatch. expected=940910263, found=3674621225 (DLC[];PCL[base.apk*940910263]{PCL[/system/framework/org.apache.http.legacy.jar*3808638674]#PCL[/system/framework/com.android.media.remotedisplay.jar*1838754544]#PCL[/system/framework/com.android.location.provider.jar*1880069816]#PCL[/system_ext/framework/androidx.window.extensions.jar*27366443]#PCL[/system_ext/framework/androidx.window.sidecar.jar*3917221785]} | DLC[];PCL[/data/app/~~hdbuVMpZGtin5LHAvni4ag==/com.quran.quranaudio.online-KPH8CIMyhFU6veuKU6wsKg==/base.apk*3674621225]{PCL[/system/framework/org.apache.http.legacy.jar*3808638674]#PCL[/system_ext/framework/androidx.window.extensions.jar*27366443]#PCL[/system_ext/framework/androidx.window.sidecar.jar*3917221785]})
01-07 23:59:51.160 D/SubscriptionChecker(25992): 📊 Subscription check: false
01-07 23:59:51.160 D/AdConfig(25992): 🔍 getAdIdByPosition: position=inter_ad, isTest=true, BuildConfig.DEBUG=true
01-07 23:59:51.160 D/AdConfig(25992): 🔍 useTestAD()=true
01-07 23:59:51.160 D/AdConfig(25992): ✅ Final ad ID for inter_ad: ca-app-pub-3940256099942544/1033173712
01-07 23:59:51.164 D/ApplicationLoaders(25992): Returning zygote-cached class loader: /system/framework/org.apache.http.legacy.jar
01-07 23:59:51.164 D/ApplicationLoaders(25992): Returning zygote-cached class loader: /system/framework/com.android.media.remotedisplay.jar
01-07 23:59:51.164 D/ApplicationLoaders(25992): Returning zygote-cached class loader: /system/framework/com.android.location.provider.jar
01-07 23:59:51.164 D/ApplicationLoaders(25992): Returning zygote-cached class loader: /system_ext/framework/androidx.window.extensions.jar
01-07 23:59:51.164 D/ApplicationLoaders(25992): Returning zygote-cached class loader: /system_ext/framework/androidx.window.sidecar.jar
01-07 23:59:51.166 W/:error_activity(25992): Loading /data/app/~~s_B59Kc2JiWGMvA0q4rxAA==/com.google.android.gms-nroD68xaadQNuiKueTkIdQ==/oat/arm64/base.odex non-executable as it requires an image which we failed to load
01-07 23:59:51.168 D/nativeloader(25992): Configuring clns-11 for other apk /data/app/~~s_B59Kc2JiWGMvA0q4rxAA==/com.google.android.gms-nroD68xaadQNuiKueTkIdQ==/base.apk. target_sdk_version=36, uses_libraries=, library_path=/data/app/~~s_B59Kc2JiWGMvA0q4rxAA==/com.google.android.gms-nroD68xaadQNuiKueTkIdQ==/lib/arm64:/data/app/~~s_B59Kc2JiWGMvA0q4rxAA==/com.google.android.gms-nroD68xaadQNuiKueTkIdQ==/base.apk!/lib/arm64-v8a, permitted_path=/data:/mnt/expand:/data/user/0/com.google.android.gms
01-07 23:59:51.184 D/CompatChangeReporter(25992): Compat change id reported: 311402873; UID 10547; state: ENABLED
01-07 23:59:51.184 D/CompatChangeReporter(25992): Compat change id reported: 323349338; UID 10547; state: ENABLED
01-07 23:59:51.187 I/WM-GreedyScheduler(25992): Ignoring schedule request in a secondary process
01-07 23:59:51.188 I/:error_activity(25992): hiddenapi: Accessing hidden method Ldalvik/system/VMStack;->getStackClass2()Ljava/lang/Class; (runtime_flags=0, domain=core-platform, api=unsupported) from Lm7/aox; (domain=app, TargetSdkVersion=35) using reflection: allowed
01-07 23:59:51.196 I/PhenotypeResourceReader(11566): unable to find any Phenotype resource metadata for com.quran.quranaudio.online
01-07 23:59:51.224 D/nativeloader(25993): Configuring clns-9 for other apk /data/app/~~hdbuVMpZGtin5LHAvni4ag==/com.quran.quranaudio.online-KPH8CIMyhFU6veuKU6wsKg==/base.apk. target_sdk_version=35, uses_libraries=, library_path=/data/app/~~hdbuVMpZGtin5LHAvni4ag==/com.quran.quranaudio.online-KPH8CIMyhFU6veuKU6wsKg==/lib/arm64, permitted_path=/data:/mnt/expand:/data/user/0/com.quran.quranaudio.online
01-07 23:59:51.225 D/CompatChangeReporter(25993): Compat change id reported: 202956589; UID 10547; state: ENABLED
01-07 23:59:51.232 V/GraphicsEnvironment(25993): Currently set values for:
01-07 23:59:51.232 V/GraphicsEnvironment(25993):   angle_gl_driver_selection_pkgs=[com.android.angle, com.google.android.apps.tachyon]
01-07 23:59:51.232 V/GraphicsEnvironment(25993):   angle_gl_driver_selection_values=[angle, native]
01-07 23:59:51.232 V/GraphicsEnvironment(25993): com.quran.quranaudio.online is not listed in per-application setting
01-07 23:59:51.232 V/GraphicsEnvironment(25993): ANGLE allowlist from config: 
01-07 23:59:51.232 V/GraphicsEnvironment(25993): No special selections for ANGLE, returning default driver choice
01-07 23:59:51.232 V/GraphicsEnvironment(25993): Neither updatable production driver nor prerelease driver is supported.
01-07 23:59:51.270 I/MultiDex(25993): VM with version 2.1.0 has multidex support
01-07 23:59:51.270 I/MultiDex(25993): Installing application
01-07 23:59:51.270 I/MultiDex(25993): VM has multidex support, MultiDex support library is disabled.
01-07 23:59:51.275 I/CustomActivityOnCrash(25993): CustomActivityOnCrash has been installed.
01-07 23:59:51.283 E/:error_activity(25992): No package ID 6a found for resource ID 0x6a0b0013.
01-07 23:59:51.284 I/FA      (25992): App measurement initialized, version: 148000
01-07 23:59:51.284 I/FA      (25992): To enable debug logging run: adb shell setprop log.tag.FA VERBOSE
01-07 23:59:51.284 I/FA      (25992): To enable faster debug mode event logging run:
01-07 23:59:51.284 I/FA      (25992):   adb shell setprop debug.firebase.analytics.app com.quran.quranaudio.online
01-07 23:59:51.285 D/ApplicationLoaders(25993): Returning zygote-cached class loader: /system/framework/org.apache.http.legacy.jar
01-07 23:59:51.285 D/ApplicationLoaders(25993): Returning zygote-cached class loader: /system/framework/com.android.media.remotedisplay.jar
01-07 23:59:51.286 D/ApplicationLoaders(25993): Returning zygote-cached class loader: /system/framework/com.android.location.provider.jar
01-07 23:59:51.286 D/ApplicationLoaders(25993): Returning zygote-cached class loader: /system_ext/framework/androidx.window.extensions.jar
01-07 23:59:51.286 D/ApplicationLoaders(25993): Returning zygote-cached class loader: /system_ext/framework/androidx.window.sidecar.jar
01-07 23:59:51.288 W/System  (27767): A resource failed to call close. 
01-07 23:59:51.288 W/ranaudio.online(25993): Loading /data/app/~~s_B59Kc2JiWGMvA0q4rxAA==/com.google.android.gms-nroD68xaadQNuiKueTkIdQ==/oat/arm64/base.odex non-executable as it requires an image which we failed to load
01-07 23:59:51.291 D/nativeloader(25993): Configuring clns-10 for other apk /data/app/~~s_B59Kc2JiWGMvA0q4rxAA==/com.google.android.gms-nroD68xaadQNuiKueTkIdQ==/base.apk. target_sdk_version=36, uses_libraries=, library_path=/data/app/~~s_B59Kc2JiWGMvA0q4rxAA==/com.google.android.gms-nroD68xaadQNuiKueTkIdQ==/lib/arm64:/data/app/~~s_B59Kc2JiWGMvA0q4rxAA==/com.google.android.gms-nroD68xaadQNuiKueTkIdQ==/base.apk!/lib/arm64-v8a, permitted_path=/data:/mnt/expand:/data/user/0/com.google.android.gms
01-07 23:59:51.292 W/FA      (25992): Failed to retrieve Firebase Instance Id
01-07 23:59:51.301 W/FA      (25992): Failed to retrieve Firebase Instance Id
01-07 23:59:51.301 W/FA      (25992): Failed to retrieve Firebase Instance Id
01-07 23:59:51.302 I/FA      (25992): Tag Manager is not found and thus will not be used
01-07 23:59:51.302 D/BackgroundInstallControlService( 1861): Package event received: 0
01-07 23:59:51.302 D/BackgroundInstallControlService( 1861): Package event received: 0
01-07 23:59:51.302 D/BackgroundInstallControlService( 1861): Package event received: 0
01-07 23:59:51.306 I/DynamiteModule(25992): Considering local module com.google.android.gms.ads.dynamite:0 and remote module com.google.android.gms.ads.dynamite:254380203
01-07 23:59:51.306 I/DynamiteModule(25992): Selected remote version of com.google.android.gms.ads.dynamite, version >= 254380203
01-07 23:59:51.306 V/DynamiteModule(25992): Dynamite loader version >= 2, using loadModule2NoCrashUtils
01-07 23:59:51.306 W/FA      (25992): Failed to retrieve Firebase Instance Id
01-07 23:59:51.307 D/CompatChangeReporter(25992): Compat change id reported: 312399441; UID 10547; state: ENABLED
01-07 23:59:51.310 W/FA      (25992): Failed to retrieve Firebase Instance Id
01-07 23:59:51.332 D/SessionsDependencies(25993): Dependency to CRASHLYTICS added.
01-07 23:59:51.335 E/libbinder.IPCThreadState(27767): Binder transaction failure. id: 121314011, cmd: BR_DEAD_REPLY (29189), error: -22 (Invalid argument)
01-07 23:59:51.335 D/ActivityThread(27767): Too many transaction errors, throttling freezer binder callback.
01-07 23:59:51.338 D/ConnectivityService( 1861): requestNetwork for uid/pid:10547/25992 activeRequest: null callbackRequest: 18488 [NetworkRequest [ REQUEST id=18489, [ Capabilities: INTERNET&NOT_RESTRICTED&TRUSTED&NOT_VCN_MANAGED&NOT_BANDWIDTH_CONSTRAINED Uid: 10547 RequestorUid: 10547 RequestorPkg: com.quran.quranaudio.online UnderlyingNetworks: Null] ]] callback flags: 0 order: 2147483647 isUidTracked: false declaredMethods: AVAIL|LOST
01-07 23:59:51.341 I/Ads     (25992): Updating ad debug logging enablement.
01-07 23:59:51.341 D/OemPaidWifiNetworkFactory( 1861): got request NetworkRequest [ REQUEST id=18489, [ Capabilities: INTERNET&NOT_RESTRICTED&TRUSTED&NOT_VCN_MANAGED&NOT_BANDWIDTH_CONSTRAINED Uid: 10547 RequestorUid: 10547 RequestorPkg: com.quran.quranaudio.online UnderlyingNetworks: Null] ]
01-07 23:59:51.341 D/MultiInternetWifiNetworkFactory( 1861): got request NetworkRequest [ REQUEST id=18489, [ Capabilities: INTERNET&NOT_RESTRICTED&TRUSTED&NOT_VCN_MANAGED&NOT_BANDWIDTH_CONSTRAINED Uid: 10547 RequestorUid: 10547 RequestorPkg: com.quran.quranaudio.online UnderlyingNetworks: Null] ]
01-07 23:59:51.342 D/UntrustedWifiNetworkFactory( 1861): got request NetworkRequest [ REQUEST id=18489, [ Capabilities: INTERNET&NOT_RESTRICTED&TRUSTED&NOT_VCN_MANAGED&NOT_BANDWIDTH_CONSTRAINED Uid: 10547 RequestorUid: 10547 RequestorPkg: com.quran.quranaudio.online UnderlyingNetworks: Null] ]
01-07 23:59:51.342 D/ConnectivityService( 1861): NetReassign [18489 : null → 158] [c 0] [a 1] [i 3]
01-07 23:59:51.342 I/FirebaseApp(25993): Device unlocked: initializing all Firebase APIs for app [DEFAULT]
01-07 23:59:51.349 I/FirebaseCrashlytics(25993): Initializing Firebase Crashlytics 18.6.0 for com.quran.quranaudio.online
01-07 23:59:51.358 I/Ads     (25992): Use RequestConfiguration.Builder().setTestDeviceIds(Arrays.asList("45A1DB8F25D3B98F1011B36F9E0C00E3")) to get test ads on this device.
01-07 23:59:51.362 D/ConnectivityService( 1861): requestNetwork for uid/pid:10547/25992 activeRequest: null callbackRequest: 18490 [NetworkRequest [ REQUEST id=18491, [ Capabilities: INTERNET&NOT_RESTRICTED&TRUSTED&NOT_VCN_MANAGED&NOT_BANDWIDTH_CONSTRAINED Uid: 10547 RequestorUid: 10547 RequestorPkg: com.quran.quranaudio.online UnderlyingNetworks: Null] ]] callback flags: 0 order: 2147483647 isUidTracked: false declaredMethods: AVAIL|LOST|NC
01-07 23:59:51.365 D/OemPaidWifiNetworkFactory( 1861): got request NetworkRequest [ REQUEST id=18491, [ Capabilities: INTERNET&NOT_RESTRICTED&TRUSTED&NOT_VCN_MANAGED&NOT_BANDWIDTH_CONSTRAINED Uid: 10547 RequestorUid: 10547 RequestorPkg: com.quran.quranaudio.online UnderlyingNetworks: Null] ]
01-07 23:59:51.367 D/MultiInternetWifiNetworkFactory( 1861): got request NetworkRequest [ REQUEST id=18491, [ Capabilities: INTERNET&NOT_RESTRICTED&TRUSTED&NOT_VCN_MANAGED&NOT_BANDWIDTH_CONSTRAINED Uid: 10547 RequestorUid: 10547 RequestorPkg: com.quran.quranaudio.online UnderlyingNetworks: Null] ]
01-07 23:59:51.367 D/UntrustedWifiNetworkFactory( 1861): got request NetworkRequest [ REQUEST id=18491, [ Capabilities: INTERNET&NOT_RESTRICTED&TRUSTED&NOT_VCN_MANAGED&NOT_BANDWIDTH_CONSTRAINED Uid: 10547 RequestorUid: 10547 RequestorPkg: com.quran.quranaudio.online UnderlyingNetworks: Null] ]
01-07 23:59:51.368 D/ConnectivityService( 1861): NetReassign [18491 : null → 158] [c 0] [a 1] [i 4]
01-07 23:59:51.369 D/BackgroundInstallControlService( 1861): Package event received: 0
01-07 23:59:51.381 I/AiAiEcho( 5755): SmartspaceNotificationPredictor no parser can handle this notification or notification is invalid
01-07 23:59:51.381 I/WebViewFactory(25992): Loading com.google.android.webview version 143.0.7499.146 (code 749914633)
01-07 23:59:51.386 V/ResourcesManager(25992): The following library key has been added: ResourcesKey{ mHash=f7b7d83d mResDir=null mSplitDirs=[] mOverlayDirs=[] mLibDirs=[/data/app/~~rr0A7BClpOu6jhCorVtX5A==/com.google.android.webview-q5TcTp_IQ5WCmaxOHkGNtw==/base.apk,/data/app/~~s8OoMDD1TnN0LHb6YsTYCg==/com.google.android.trichromelibrary_749914633-Vnhd4XEfynlzeVKf2zCHQg==/base.apk,/system_ext/framework/androidx.window.extensions.jar] mDisplayId=0 mOverrideConfig=v36 mCompatInfo={420dpi always-compat} mLoaders=[]}
01-07 23:59:51.387 W/:error_activity(25992): Failed to find entry 'classes.dex': Entry not found
01-07 23:59:51.389 D/nativeloader(25992): Configuring clns-12 for other apk /data/app/~~s8OoMDD1TnN0LHb6YsTYCg==/com.google.android.trichromelibrary_749914633-Vnhd4XEfynlzeVKf2zCHQg==/base.apk. target_sdk_version=36, uses_libraries=ALL, library_path=/data/app/~~rr0A7BClpOu6jhCorVtX5A==/com.google.android.webview-q5TcTp_IQ5WCmaxOHkGNtw==/lib/arm64:/data/app/~~rr0A7BClpOu6jhCorVtX5A==/com.google.android.webview-q5TcTp_IQ5WCmaxOHkGNtw==/base.apk!/lib/arm64-v8a:/data/app/~~s8OoMDD1TnN0LHb6YsTYCg==/com.google.android.trichromelibrary_749914633-Vnhd4XEfynlzeVKf2zCHQg==/base.apk!/lib/arm64-v8a, permitted_path=/data:/mnt/expand
01-07 23:59:51.389 D/SsBaseTemplateCard( 4292): No date view can be set up
01-07 23:59:51.389 I/SsBaseTemplateCard( 4292): setFormattedContentDescription: text=Rain and snow, iconDescription=Rain and snow, contentDescription=Rain and snow, Rain and snow
01-07 23:59:51.389 D/SsBaseTemplateCard( 4292): Passed-in item info is null
01-07 23:59:51.389 D/SsBaseTemplateCard( 4292): Passed-in item info is null
01-07 23:59:51.390 D/ApplicationLoaders(25992): Returning zygote-cached class loader: /system_ext/framework/androidx.window.extensions.jar
01-07 23:59:51.390 W/:error_activity(25992): Loading /data/app/~~rr0A7BClpOu6jhCorVtX5A==/com.google.android.webview-q5TcTp_IQ5WCmaxOHkGNtw==/oat/arm64/base.odex non-executable as it requires an image which we failed to load
01-07 23:59:51.391 D/nativeloader(25992): Configuring clns-13 for other apk /data/app/~~rr0A7BClpOu6jhCorVtX5A==/com.google.android.webview-q5TcTp_IQ5WCmaxOHkGNtw==/base.apk. target_sdk_version=36, uses_libraries=, library_path=/data/app/~~rr0A7BClpOu6jhCorVtX5A==/com.google.android.webview-q5TcTp_IQ5WCmaxOHkGNtw==/lib/arm64:/data/app/~~rr0A7BClpOu6jhCorVtX5A==/com.google.android.webview-q5TcTp_IQ5WCmaxOHkGNtw==/base.apk!/lib/arm64-v8a:/data/app/~~s8OoMDD1TnN0LHb6YsTYCg==/com.google.android.trichromelibrary_749914633-Vnhd4XEfynlzeVKf2zCHQg==/base.apk!/lib/arm64-v8a, permitted_path=/data:/mnt/expand
01-07 23:59:51.404 I/cr_WVCFactoryProvider(25992): version=143.0.7499.146 (749914633) minSdkVersion=29 multiprocess=true packageId=2 splits=<none>
01-07 23:59:51.419 I/WifiHAL ( 1415): Creating message to get link statistics; iface = 47
01-07 23:59:51.439 D/nativeloader(25992): Load /data/app/~~s8OoMDD1TnN0LHb6YsTYCg==/com.google.android.trichromelibrary_749914633-Vnhd4XEfynlzeVKf2zCHQg==/base.apk!/lib/arm64-v8a/libmonochrome_64.so using class loader ns clns-13 (caller=/data/app/~~rr0A7BClpOu6jhCorVtX5A==/com.google.android.webview-q5TcTp_IQ5WCmaxOHkGNtw==/base.apk): ok
01-07 23:59:51.441 D/nativeloader(25992): Load /system/lib64/libwebviewchromium_plat_support.so using class loader ns clns-13 (caller=/data/app/~~rr0A7BClpOu6jhCorVtX5A==/com.google.android.webview-q5TcTp_IQ5WCmaxOHkGNtw==/base.apk): ok
01-07 23:59:51.446 W/System  (27767): A resource failed to call close. 
01-07 23:59:51.447 I/cr_LibraryLoader(25992): Successfully loaded native library
01-07 23:59:51.448 I/cr_CachingUmaRecorder(25992): Flushed 18 samples from 18 histograms, 0 samples were dropped.
01-07 23:59:51.459 E/:error_activity(25992): No package ID 6a found for resource ID 0x6a0b0013.
01-07 23:59:51.471 I/NearbyDiscovery(11566): (REDACTED) BloomFilterAdvManager: Detected bloom filter but too far away, ignoring. %sm, %s
01-07 23:59:51.472 W/ServiceBindIntentUtils(25992): Dynamic lookup for intent failed for action: com.google.android.gms.ads.service.CACHE
01-07 23:59:51.474 D/BackgroundInstallControlService( 1861): Package event received: 0
01-07 23:59:51.475 D/BoundBrokerSvc(27767): onBind: Intent { act=com.google.android.gms.ads.service.CACHE xflg=0x4 pkg=com.google.android.gms }
01-07 23:59:51.476 D/BoundBrokerSvc(27767): Loading bound service for intent: Intent { act=com.google.android.gms.ads.service.CACHE xflg=0x4 pkg=com.google.android.gms }
01-07 23:59:51.477 D/SubscriptionChecker(25992): 📊 Subscription check: false
01-07 23:59:51.477 D/AdConfig(25992): 🔍 getAdIdByPosition: position=appopen, isTest=true, BuildConfig.DEBUG=true
01-07 23:59:51.477 D/AdConfig(25992): 🔍 useTestAD()=true
01-07 23:59:51.477 D/AdConfig(25992): ✅ Final ad ID for appopen: ca-app-pub-3940256099942544/9257395921
01-07 23:59:51.481 I/DynamiteModule(25992): Considering local module com.google.android.gms.ads.dynamite:0 and remote module com.google.android.gms.ads.dynamite:254380203
01-07 23:59:51.481 I/DynamiteModule(25992): Selected remote version of com.google.android.gms.ads.dynamite, version >= 254380203
01-07 23:59:51.481 V/DynamiteModule(25992): Dynamite loader version >= 2, using loadModule2NoCrashUtils
01-07 23:59:51.485 D/nativeloader(25992): Configuring clns-14 for other apk . target_sdk_version=35, uses_libraries=ALL, library_path=, permitted_path=/data:/mnt/expand
01-07 23:59:51.487 D/nativeloader(25992): Load /data/user/0/com.quran.quranaudio.online/app_pccache/5/362BAA1E742037C69CD8BF98C5D97909342864E7/pcam.jar!/libd3C69E579693B.so using isolated ns clns-14 (caller=/data/user/0/com.quran.quranaudio.online/app_pccache/5/362BAA1E742037C69CD8BF98C5D97909342864E7/pcam.jar): ok
01-07 23:59:51.480 W/AdWorker(Defaul(25992): type=1400 audit(0.0:78212): avc:  granted  { execute } for  path="/data/data/com.quran.quranaudio.online/app_pccache/5/362BAA1E742037C69CD8BF98C5D97909342864E7/pcam.jar" dev="dm-75" ino=202582 scontext=u:r:untrusted_app:s0:c35,c258,c512,c768 tcontext=u:object_r:app_data_file:s0:c35,c258,c512,c768 tclass=file app=com.quran.quranaudio.online
01-07 23:59:51.490 I/Ads     (25992): Use RequestConfiguration.Builder().setTestDeviceIds(Arrays.asList("45A1DB8F25D3B98F1011B36F9E0C00E3")) to get test ads on this device.
01-07 23:59:51.490 D/ConnectivityService( 1861): NetReassign [no changes] [c 1] [a 0] [i 0]
01-07 23:59:51.502 D/CompatChangeReporter(25992): Compat change id reported: 309578419; UID 10547; state: ENABLED
01-07 23:59:51.502 D/DesktopModeFlags(25992): Toggle override initialized to: OVERRIDE_UNSET
01-07 23:59:51.505 D/InetDiagMessage( 1861): Destroyed 0 sockets, proto=IPPROTO_TCP, family=AF_INET, states=14
01-07 23:59:51.506 D/InetDiagMessage( 1861): Destroyed 0 sockets, proto=IPPROTO_TCP, family=AF_INET6, states=14
01-07 23:59:51.506 D/InetDiagMessage( 1861): Destroyed live tcp sockets for uids={10355} in 2ms
01-07 23:59:51.508 D/InetDiagMessage( 1861): Destroyed 0 sockets, proto=IPPROTO_TCP, family=AF_INET, states=14
01-07 23:59:51.509 D/InetDiagMessage( 1861): Destroyed 0 sockets, proto=IPPROTO_TCP, family=AF_INET6, states=14
01-07 23:59:51.509 D/InetDiagMessage( 1861): Destroyed live tcp sockets for uids={20355} in 3ms
01-07 23:59:51.513 I/:error_activity(25992): hiddenapi: Accessing hidden method Landroid/view/View;->computeFitSystemWindows(Landroid/graphics/Rect;Landroid/graphics/Rect;)Z (runtime_flags=0, domain=platform, api=unsupported) from Landroidx/appcompat/widget/ViewUtils; (domain=app, TargetSdkVersion=35) using reflection: allowed
01-07 23:59:51.513 I/:error_activity(25992): hiddenapi: Accessing hidden method Landroid/view/ViewGroup;->makeOptionalFitsSystemWindows()V (runtime_flags=0, domain=platform, api=unsupported) from Landroidx/appcompat/widget/ViewUtils; (domain=app, TargetSdkVersion=35) using reflection: allowed
01-07 23:59:51.532 D/SessionsDependencies(25993): Subscriber CRASHLYTICS registered.
01-07 23:59:51.537 E/CustomActivityOnCrash(25992): The previous app process crashed. This is the stack trace of the crash:
01-07 23:59:51.537 E/CustomActivityOnCrash(25992): java.lang.NoSuchMethodError: No static method checkNotGoogleApiHandlerThread()V in class Lcom/google/android/gms/common/internal/Preconditions; or its super classes (declaration of 'com.google.android.gms.common.internal.Preconditions' appears in /data/app/~~hdbuVMpZGtin5LHAvni4ag==/com.quran.quranaudio.online-KPH8CIMyhFU6veuKU6wsKg==/base.apk!classes30.dex)
01-07 23:59:51.537 E/CustomActivityOnCrash(25992): 	at com.google.android.gms.tasks.Tasks.await(com.google.android.gms:play-services-tasks@@18.1.0:2)
01-07 23:59:51.537 E/CustomActivityOnCrash(25992): 	at com.google.firebase.installations.remote.FirebaseInstallationServiceClient.openHttpURLConnection(FirebaseInstallationServiceClient.java:487)
01-07 23:59:51.537 E/CustomActivityOnCrash(25992): 	at com.google.firebase.installations.remote.FirebaseInstallationServiceClient.createFirebaseInstallation(FirebaseInstallationServiceClient.java:163)
01-07 23:59:51.537 E/CustomActivityOnCrash(25992): 	at com.google.firebase.installations.FirebaseInstallations.registerFidWithServer(FirebaseInstallations.java:533)
01-07 23:59:51.537 E/CustomActivityOnCrash(25992): 	at com.google.firebase.installations.FirebaseInstallations.doNetworkCallIfNecessary(FirebaseInstallations.java:387)
01-07 23:59:51.537 E/CustomActivityOnCrash(25992): 	at com.google.firebase.installations.FirebaseInstallations.lambda$doRegistrationOrRefresh$3$com-google-firebase-installations-FirebaseInstallations(FirebaseInstallations.java:372)
01-07 23:59:51.537 E/CustomActivityOnCrash(25992): 	at com.google.firebase.installations.FirebaseInstallations$$ExternalSyntheticLambda1.run(D8$$SyntheticClass:0)
01-07 23:59:51.537 E/CustomActivityOnCrash(25992): 	at com.google.firebase.concurrent.SequentialExecutor$1.run(SequentialExecutor.java:117)
01-07 23:59:51.537 E/CustomActivityOnCrash(25992): 	at com.google.firebase.concurrent.SequentialExecutor$QueueWorker.workOnQueue(SequentialExecutor.java:229)
01-07 23:59:51.537 E/CustomActivityOnCrash(25992): 	at com.google.firebase.concurrent.SequentialExecutor$QueueWorker.run(SequentialExecutor.java:174)
01-07 23:59:51.537 E/CustomActivityOnCrash(25992): 	at java.util.concurrent.ThreadPoolExecutor.runWorker(ThreadPoolExecutor.java:1154)
01-07 23:59:51.537 E/CustomActivityOnCrash(25992): 	at java.util.concurrent.ThreadPoolExecutor$Worker.run(ThreadPoolExecutor.java:652)
01-07 23:59:51.537 E/CustomActivityOnCrash(25992): 	at com.google.firebase.concurrent.CustomThreadFactory.lambda$newThread$0$com-google-firebase-concurrent-CustomThreadFactory(CustomThreadFactory.java:47)
01-07 23:59:51.537 E/CustomActivityOnCrash(25992): 	at com.google.firebase.concurrent.CustomThreadFactory$$ExternalSyntheticLambda0.run(D8$$SyntheticClass:0)
01-07 23:59:51.537 E/CustomActivityOnCrash(25992): 	at java.lang.Thread.run(Thread.java:1563)
01-07 23:59:51.540 I/ContentCaptureHelper(25992): Setting logging level to OFF
01-07 23:59:51.542 D/App     (25992): ⚠️ Native ad cache low (0), replenishing...
01-07 23:59:51.542 E/NATIVE_AD_TRACK(25992): ❌ NativeAdManager.loadNewAd() - AppContext is null
01-07 23:59:51.542 E/NativeAdManager(25992): ❌ AppContext is null, cannot load ad
01-07 23:59:51.543 W/ranaudio.online(25993): ClassLoaderContext classpath size mismatch. expected=1, found=0 (DLC[];PCL[base.apk*940910263]{PCL[/system/framework/org.apache.http.legacy.jar*3808638674]#PCL[/system/framework/com.android.media.remotedisplay.jar*1838754544]#PCL[/system/framework/com.android.location.provider.jar*1880069816]#PCL[/system_ext/framework/androidx.window.extensions.jar*27366443]#PCL[/system_ext/framework/androidx.window.sidecar.jar*3917221785]} | DLC[];PCL[])
01-07 23:59:51.547 I/DynamiteModule(25993): Considering local module com.google.android.gms.measurement.dynamite:97 and remote module com.google.android.gms.measurement.dynamite:172
01-07 23:59:51.547 I/DynamiteModule(25993): Selected remote version of com.google.android.gms.measurement.dynamite, version >= 172
01-07 23:59:51.547 V/DynamiteModule(25993): Dynamite loader version >= 2, using loadModule2NoCrashUtils
01-07 23:59:51.552 D/CompatChangeReporter(25992): Compat change id reported: 349153669; UID 10547; state: ENABLED
01-07 23:59:51.554 W/FA      (25992): Failed to retrieve Firebase Instance Id
01-07 23:59:51.556 W/System  (25993): ClassLoader referenced unknown path: 
01-07 23:59:51.556 D/nativeloader(25993): Configuring clns-11 for other apk . target_sdk_version=36, uses_libraries=, library_path=/data/app/~~s_B59Kc2JiWGMvA0q4rxAA==/com.google.android.gms-nroD68xaadQNuiKueTkIdQ==/lib/arm64:/data/app/~~s_B59Kc2JiWGMvA0q4rxAA==/com.google.android.gms-nroD68xaadQNuiKueTkIdQ==/base.apk!/lib/arm64-v8a, permitted_path=/data:/mnt/expand:/data/user/0/com.google.android.gms
01-07 23:59:51.562 W/Ads     (25992): Update ad debug logging enablement as false
01-07 23:59:51.563 W/ranaudio.online(25993): ClassLoaderContext classpath element checksum mismatch. expected=940910263, found=3674621225 (DLC[];PCL[base.apk*940910263]{PCL[/system/framework/org.apache.http.legacy.jar*3808638674]#PCL[/system/framework/com.android.media.remotedisplay.jar*1838754544]#PCL[/system/framework/com.android.location.provider.jar*1880069816]#PCL[/system_ext/framework/androidx.window.extensions.jar*27366443]#PCL[/system_ext/framework/androidx.window.sidecar.jar*3917221785]} | DLC[];PCL[/data/app/~~hdbuVMpZGtin5LHAvni4ag==/com.quran.quranaudio.online-KPH8CIMyhFU6veuKU6wsKg==/base.apk*3674621225]{PCL[/system/framework/org.apache.http.legacy.jar*3808638674]#PCL[/system_ext/framework/androidx.window.extensions.jar*27366443]#PCL[/system_ext/framework/androidx.window.sidecar.jar*3917221785]})
01-07 23:59:51.564 D/VRI[DefaultErrorActivity](25992): WindowInsets changed: 1080x2400 statusBars:[0,136,0,0] navigationBars:[0,0,0,63] mandatorySystemGestures:[0,168,0,84] 
01-07 23:59:51.565 D/WindowOnBackDispatcher(25992): setTopOnBackInvokedCallback (unwrapped): android.view.ViewRootImpl$$ExternalSyntheticLambda12@2cb2b8a
01-07 23:59:51.566 D/CoreBackPreview( 1861): Window{6000200 u0 com.quran.quranaudio.online/cat.ereza.customactivityoncrash.activity.DefaultErrorActivity}: Setting back callback OnBackInvokedCallbackInfo{mCallback=android.window.IOnBackInvokedCallback$Stub$Proxy@e3b10f5, mPriority=0, mIsAnimationCallback=false, mOverrideBehavior=0}
01-07 23:59:51.567 W/Ads     (25992): Not retrying to fetch app settings
01-07 23:59:51.567 W/SQLiteLog(27767): (28) double-quoted string literal: "1767628791567"
01-07 23:59:51.567 W/SQLiteLog(27767): (28) double-quoted string literal: "1"
01-07 23:59:51.570 W/ServiceBindIntentUtils(25992): Dynamic lookup for intent failed for action: com.google.android.gms.ads.service.START
01-07 23:59:51.572 D/BackgroundInstallControlService( 1861): Package event received: 0
01-07 23:59:51.573 D/BoundBrokerSvc(27767): onBind: Intent { act=com.google.android.gms.ads.service.START xflg=0x4 pkg=com.google.android.gms }
01-07 23:59:51.573 D/BoundBrokerSvc(27767): Loading bound service for intent: Intent { act=com.google.android.gms.ads.service.START xflg=0x4 pkg=com.google.android.gms }
01-07 23:59:51.574 D/DesktopExperienceFlags(25993): Toggle override initialized to: false
01-07 23:59:51.591 E/AndroidRuntime(25993): FATAL EXCEPTION: Firebase Blocking Thread #0
01-07 23:59:51.591 E/AndroidRuntime(25993): Process: com.quran.quranaudio.online, PID: 25993
01-07 23:59:51.591 E/AndroidRuntime(25993): java.lang.NoSuchMethodError: No static method checkNotGoogleApiHandlerThread()V in class Lcom/google/android/gms/common/internal/Preconditions; or its super classes (declaration of 'com.google.android.gms.common.internal.Preconditions' appears in /data/app/~~hdbuVMpZGtin5LHAvni4ag==/com.quran.quranaudio.online-KPH8CIMyhFU6veuKU6wsKg==/base.apk!classes30.dex)
01-07 23:59:51.591 E/AndroidRuntime(25993): 	at com.google.android.gms.tasks.Tasks.await(com.google.android.gms:play-services-tasks@@18.1.0:2)
01-07 23:59:51.591 E/AndroidRuntime(25993): 	at com.google.firebase.installations.remote.FirebaseInstallationServiceClient.openHttpURLConnection(FirebaseInstallationServiceClient.java:487)
01-07 23:59:51.591 E/AndroidRuntime(25993): 	at com.google.firebase.installations.remote.FirebaseInstallationServiceClient.createFirebaseInstallation(FirebaseInstallationServiceClient.java:163)
01-07 23:59:51.591 E/AndroidRuntime(25993): 	at com.google.firebase.installations.FirebaseInstallations.registerFidWithServer(FirebaseInstallations.java:533)
01-07 23:59:51.591 E/AndroidRuntime(25993): 	at com.google.firebase.installations.FirebaseInstallations.doNetworkCallIfNecessary(FirebaseInstallations.java:387)
01-07 23:59:51.591 E/AndroidRuntime(25993): 	at com.google.firebase.installations.FirebaseInstallations.lambda$doRegistrationOrRefresh$3$com-google-firebase-installations-FirebaseInstallations(FirebaseInstallations.java:372)
01-07 23:59:51.591 E/AndroidRuntime(25993): 	at com.google.firebase.installations.FirebaseInstallations$$ExternalSyntheticLambda1.run(D8$$SyntheticClass:0)
01-07 23:59:51.591 E/AndroidRuntime(25993): 	at com.google.firebase.concurrent.SequentialExecutor$1.run(SequentialExecutor.java:117)
01-07 23:59:51.591 E/AndroidRuntime(25993): 	at com.google.firebase.concurrent.SequentialExecutor$QueueWorker.workOnQueue(SequentialExecutor.java:229)
01-07 23:59:51.591 E/AndroidRuntime(25993): 	at com.google.firebase.concurrent.SequentialExecutor$QueueWorker.run(SequentialExecutor.java:174)
01-07 23:59:51.591 E/AndroidRuntime(25993): 	at java.util.concurrent.ThreadPoolExecutor.runWorker(ThreadPoolExecutor.java:1154)
01-07 23:59:51.591 E/AndroidRuntime(25993): 	at java.util.concurrent.ThreadPoolExecutor$Worker.run(ThreadPoolExecutor.java:652)
01-07 23:59:51.591 E/AndroidRuntime(25993): 	at com.google.firebase.concurrent.CustomThreadFactory.lambda$newThread$0$com-google-firebase-concurrent-CustomThreadFactory(CustomThreadFactory.java:47)
01-07 23:59:51.591 E/AndroidRuntime(25993): 	at com.google.firebase.concurrent.CustomThreadFactory$$ExternalSyntheticLambda0.run(D8$$SyntheticClass:0)
01-07 23:59:51.591 E/AndroidRuntime(25993): 	at java.lang.Thread.run(Thread.java:1563)
01-07 23:59:51.593 E/CustomActivityOnCrash(25993): App has crashed, executing CustomActivityOnCrash's UncaughtExceptionHandler
01-07 23:59:51.593 E/CustomActivityOnCrash(25993): java.lang.NoSuchMethodError: No static method checkNotGoogleApiHandlerThread()V in class Lcom/google/android/gms/common/internal/Preconditions; or its super classes (declaration of 'com.google.android.gms.common.internal.Preconditions' appears in /data/app/~~hdbuVMpZGtin5LHAvni4ag==/com.quran.quranaudio.online-KPH8CIMyhFU6veuKU6wsKg==/base.apk!classes30.dex)
01-07 23:59:51.593 E/CustomActivityOnCrash(25993): 	at com.google.android.gms.tasks.Tasks.await(com.google.android.gms:play-services-tasks@@18.1.0:2)
01-07 23:59:51.593 E/CustomActivityOnCrash(25993): 	at com.google.firebase.installations.remote.FirebaseInstallationServiceClient.openHttpURLConnection(FirebaseInstallationServiceClient.java:487)
01-07 23:59:51.593 E/CustomActivityOnCrash(25993): 	at com.google.firebase.installations.remote.FirebaseInstallationServiceClient.createFirebaseInstallation(FirebaseInstallationServiceClient.java:163)
01-07 23:59:51.593 E/CustomActivityOnCrash(25993): 	at com.google.firebase.installations.FirebaseInstallations.registerFidWithServer(FirebaseInstallations.java:533)
01-07 23:59:51.593 E/CustomActivityOnCrash(25993): 	at com.google.firebase.installations.FirebaseInstallations.doNetworkCallIfNecessary(FirebaseInstallations.java:387)
01-07 23:59:51.593 E/CustomActivityOnCrash(25993): 	at com.google.firebase.installations.FirebaseInstallations.lambda$doRegistrationOrRefresh$3$com-google-firebase-installations-FirebaseInstallations(FirebaseInstallations.java:372)
01-07 23:59:51.593 E/CustomActivityOnCrash(25993): 	at com.google.firebase.installations.FirebaseInstallations$$ExternalSyntheticLambda1.run(D8$$SyntheticClass:0)
01-07 23:59:51.593 E/CustomActivityOnCrash(25993): 	at com.google.firebase.concurrent.SequentialExecutor$1.run(SequentialExecutor.java:117)
01-07 23:59:51.593 E/CustomActivityOnCrash(25993): 	at com.google.firebase.concurrent.SequentialExecutor$QueueWorker.workOnQueue(SequentialExecutor.java:229)
01-07 23:59:51.593 E/CustomActivityOnCrash(25993): 	at com.google.firebase.concurrent.SequentialExecutor$QueueWorker.run(SequentialExecutor.java:174)
01-07 23:59:51.593 E/CustomActivityOnCrash(25993): 	at java.util.concurrent.ThreadPoolExecutor.runWorker(ThreadPoolExecutor.java:1154)
01-07 23:59:51.593 E/CustomActivityOnCrash(25993): 	at java.util.concurrent.ThreadPoolExecutor$Worker.run(ThreadPoolExecutor.java:652)
01-07 23:59:51.593 E/CustomActivityOnCrash(25993): 	at com.google.firebase.concurrent.CustomThreadFactory.lambda$newThread$0$com-google-firebase-concurrent-CustomThreadFactory(CustomThreadFactory.java:47)
01-07 23:59:51.593 E/CustomActivityOnCrash(25993): 	at com.google.firebase.concurrent.CustomThreadFactory$$ExternalSyntheticLambda0.run(D8$$SyntheticClass:0)
01-07 23:59:51.593 E/CustomActivityOnCrash(25993): 	at java.lang.Thread.run(Thread.java:1563)
01-07 23:59:51.603 I/ActivityTaskManager( 1861): Displayed com.quran.quranaudio.online/cat.ereza.customactivityoncrash.activity.DefaultErrorActivity for user 0: +1s124ms
01-07 23:59:51.604 V/WindowManager( 1861): Sent Transition (#3423) createdAt=01-07 23:59:50.474 via request=TransitionRequestInfo { type = OPEN, triggerTask = TaskInfo{userId=0 taskId=4968 effectiveUid=10547 displayId=0 isRunning=true baseIntent=Intent { flg=0x10000000 cmp=com.quran.quranaudio.online/.SplashScreenActivity } baseActivity=ComponentInfo{com.quran.quranaudio.online/cat.ereza.customactivityoncrash.activity.DefaultErrorActivity} topActivity=ComponentInfo{com.quran.quranaudio.online/cat.ereza.customactivityoncrash.activity.DefaultErrorActivity} origActivity=null realActivity=ComponentInfo{com.quran.quranaudio.online/com.quran.quranaudio.online.SplashScreenActivity} numActivities=1 lastActiveTime=794916478 supportsMultiWindow=true resizeMode=1 isResizeable=true minWidth=-1 minHeight=-1 defaultMinSize=220 token=WCT{RemoteToken{94873c8 Task{42c2667 #4968 type=standard A=10547:com.quran.quranaudio.online}}} topActivityType=1 pictureInPictureParams=null shouldDockBigOverlays=false launchIntoPipHostTaskId=-1 lastParentTaskIdBeforePip=-1 displayCutoutSafeInsets=Rect(0, 136 - 0, 0) topActivityInfo=ActivityInfo{9866d2e cat.ereza.customactivityoncrash.activity.DefaultErrorActivity} launchCookies=[] positionInParent=Point(0, 0) parentTaskId=-1 isFocused=true isVisible=true isVisibleRequested=false isTopActivityNoDisplay=false isSleeping=false locusId=null displayAreaFeatureId=1 isTopActivityTransparent=false isActivityStackTransparent=false lastNonFullscreenBounds=Rect(276, 696 - 805, 1776) capturedLink=null capturedLinkTimestamp=0 requestedVisibleTypes=503 topActivityRequestOpenInBrowserEducationTimestamp=0 appCompatTaskInfo=AppCompatTaskInfo { topActivityInSizeCompat=false isLeafTask= true eligibleForLetterboxEducation= false isLetterboxEducationEnabled= false isLetterboxDoubleTapEnabled= false eligibleForUserAspectRatioButton= false topActivityBoundsLetterboxed= false isFromLetterboxDoubleTap= false topActivityLetterboxVerticalPosition= -1 topActivityLetterboxHorizontalPosition= -1 topActivityLetterboxWidth=-1 topActivityLetterboxHeight=-1 topActivityAppBounds=Rect(0, 0 - 1080, 2400) isUserFullscreenOverrideEnabled=false isSystemFullscreenOverrideEnabled=false hasMinAspectRatioOverride=false topActivityLetterboxBounds=null cameraCompatTaskInfo=CameraCompatTaskInfo { cameraCompatMode=undefinedundefined} topNonResizableActivityAspectRatio=-1.0} topActivityMainWindowFrame=null isAppBubble=false}, pipChange = null, remoteTransition = null, displayChange = null, requestedLocation = null, userChange = null, windowingLayerChange = null, flags = 0, debugId = 3423 }
01-07 23:59:51.604 V/WindowManager( 1861):     startWCT=WindowContainerTransaction { changes= {} hops= [] errorCallbackToken=null taskFragmentOrganizer=null }
01-07 23:59:51.605 V/WindowManager( 1861):     info={id=3423 t=OPEN f=0x0 trk=0 r=[0@Point(0, 0)] c=[
01-07 23:59:51.605 V/WindowManager( 1861):         {m=OPEN f=FILLS_TASK leash=Surface(name=ActivityRecord{123120491 u0 com.quran.quranaudio.online/cat.ereza.customactivityoncrash.activity.DefaultErrorActivity t4968}#36456)/@0x89ae4e2 sb=Rect(0, 0 - 0, 0) eb=Rect(0, 0 - 1080, 2400) epz=Point(1080, 2400) d=-1->0 r=-1->0:-1 bc=ffffffff activity=ActivityTransitionInfo { component = ComponentInfo{com.quran.quranaudio.online/cat.ereza.customactivityoncrash.activity.DefaultErrorActivity}, taskId = 4968, appCompatTransitionInfo = null } opt={t=FROM_STYLE mUserId=0}},
01-07 23:59:51.605 V/WindowManager( 1861):         {m=CLOSE f=FILLS_TASK leash=Surface(name=ActivityRecord{140436189 u0 com.quran.quranaudio.online/.quran_module.activities.ActivityOnboarding t4968}#36445)/@0xa048b8b sb=Rect(0, 0 - 1080, 2400) eb=Rect(0, 0 - 1080, 2400) epz=Point(1080, 2400) d=0 bc=ffffffff activity=ActivityTransitionInfo { component = ComponentInfo{com.quran.quranaudio.online/com.quran.quranaudio.online.quran_module.activities.ActivityOnboarding}, taskId = 4968, appCompatTransitionInfo = null } opt={t=FROM_STYLE mUserId=0}}
01-07 23:59:51.605 V/WindowManager( 1861):     ]}
01-07 23:59:51.605 E/ashmem  (25993): Pinning is deprecated since Android Q. Please use trim or other methods.
01-07 23:59:51.606 V/WindowManagerShell( 4292): onTransitionReady(transaction=7992934767153)
01-07 23:59:51.606 V/WindowManagerShell( 4292): onTransitionReady (#3423) android.os.BinderProxy@20ec216: {id=3423 t=OPEN f=0x0 trk=0 r=[0@Point(0, 0)] c=[
01-07 23:59:51.606 V/WindowManagerShell( 4292):         {m=OPEN f=FILLS_TASK leash=Surface(name=ActivityRecord{123120491 u0 com.quran.quranaudio.online/cat.ereza.customactivityoncrash.activity.DefaultErrorActivity t4968}#36456)/@0x2724f69 sb=Rect(0, 0 - 0, 0) eb=Rect(0, 0 - 1080, 2400) epz=Point(1080, 2400) d=-1->0 r=-1->0:-1 bc=ffffffff activity=ActivityTransitionInfo { component = ComponentInfo{com.quran.quranaudio.online/cat.ereza.customactivityoncrash.activity.DefaultErrorActivity}, taskId = 4968, appCompatTransitionInfo = null } opt={t=FROM_STYLE mUserId=0}},
01-07 23:59:51.606 V/WindowManagerShell( 4292):         {m=CLOSE f=FILLS_TASK leash=Surface(name=ActivityRecord{140436189 u0 com.quran.quranaudio.online/.quran_module.activities.ActivityOnboarding t4968}#36445)/@0x313fdee sb=Rect(0, 0 - 1080, 2400) eb=Rect(0, 0 - 1080, 2400) epz=Point(1080, 2400) d=0 bc=ffffffff activity=ActivityTransitionInfo { component = ComponentInfo{com.quran.quranaudio.online/com.quran.quranaudio.online.quran_module.activities.ActivityOnboarding}, taskId = 4968, appCompatTransitionInfo = null } opt={t=FROM_STYLE mUserId=0}}
01-07 23:59:51.606 V/WindowManagerShell( 4292):     ]}
01-07 23:59:51.606 V/WindowManagerShell( 4292): Playing animation for (#3423) android.os.BinderProxy@20ec216@0
01-07 23:59:51.606 V/ShellRecents( 4292): RecentsTransitionHandler.startAnimation: no controller found
01-07 23:59:51.607 V/WindowManagerShell( 4292): Transition doesn't have explicit remote, search filters for match for {id=3423 t=OPEN f=0x0 trk=0 r=[0@Point(0, 0)] c=[{m=OPEN f=FILLS_TASK leash=Surface(name=ActivityRecord{123120491 u0 com.quran.quranaudio.online/cat.ereza.customactivityoncrash.activity.DefaultErrorActivity t4968}#36456)/@0x2724f69 sb=Rect(0, 0 - 0, 0) eb=Rect(0, 0 - 1080, 2400) epz=Point(1080, 2400) d=-1->0 r=-1->0:-1 bc=ffffffff activity=ActivityTransitionInfo { component = ComponentInfo{com.quran.quranaudio.online/cat.ereza.customactivityoncrash.activity.DefaultErrorActivity}, taskId = 4968, appCompatTransitionInfo = null } opt={t=FROM_STYLE mUserId=0}},{m=CLOSE f=FILLS_TASK leash=Surface(name=ActivityRecord{140436189 u0 com.quran.quranaudio.online/.quran_module.activities.ActivityOnboarding t4968}#36445)/@0x313fdee sb=Rect(0, 0 - 1080, 2400) eb=Rect(0, 0 - 1080, 2400) epz=Point(1080, 2400) d=0 bc=ffffffff activity=ActivityTransitionInfo { component = ComponentInfo{com.quran.quranaudio.online/com.quran.quranaudio.online.quran_module.activities.ActivityOnboarding}, taskId = 4968, appCompatTransitionInfo = null } opt={t=FROM_STYLE mUserId=0}}]}
01-07 23:59:51.607 V/WindowManagerShell( 4292):  Checking filter Pair{{types=[] flags=0x0] notFlags=0x0 checks=[{atype=undefined independent=true modes=[CLOSE,TO_BACK] flags=IN_TASK_WITH_EMBEDDED_ACTIVITY mustBeTask=false order=ANY topActivity=null launchCookie=null taskFragmentToken=android.os.BinderProxy@5fb9cbf windowingMode=undefined isCrossDisplayMove=false}]} RemoteTransition { remoteTransition = android.window.IRemoteTransition$Stub$Proxy@9e1f8c, appThread = android.app.IApplicationThread$Stub$Proxy@33846d5, debugName = overlayBackTransition }}
01-07 23:59:51.607 V/WindowManagerShell( 4292):  Checking filter Pair{{types=[] flags=0x0] notFlags=0x0 checks=[{atype=dream independent=true modes=[OPEN,TO_FRONT] flags=NONE mustBeTask=false order=ANY topActivity=null launchCookie=null windowingMode=undefined isCrossDisplayMove=false},{atype=home independent=true modes=[CLOSE,TO_BACK] flags=NONE mustBeTask=false order=ANY topActivity=null launchCookie=null windowingMode=undefined isCrossDisplayMove=false}]} RemoteTransition { remoteTransition = android.window.IRemoteTransition$Stub$Proxy@2493eea, appThread = android.app.IApplicationThread$Stub$Proxy@d5745db, debugName = LauncherToDream }}
01-07 23:59:51.607 V/WindowManagerShell( 4292):  Checking filter Pair{{types=[] flags=0x0] notFlags=0x100 checks=[{atype=home independent=true modes=[OPEN,TO_FRONT] flags=NONE mustBeTask=false order=TOP topActivity=ComponentInfo{com.google.android.apps.nexuslauncher/com.google.android.apps.nexuslauncher.NexusLauncherActivity} launchCookie=null windowingMode=undefined isCrossDisplayMove=false},{atype=standard independent=true modes=[CLOSE,TO_BACK] flags=NONE mustBeTask=false order=ANY topActivity=null launchCookie=null windowingMode=undefined isCrossDisplayMove=false},{NOT atype=undefined independent=true modes=[] flags=NONE mustBeTask=true order=ANY topActivity=null launchCookie=null customAnim=true windowingMode=undefined isCrossDisplayMove=false}]} RemoteTransition { remoteTransition = android.window.IRemoteTransition$Stub$Proxy@7d3a878, appThread = android.app.IApplicationThread$Stub$Proxy@7437b51, debugName = QuickstepLaunchHome }}
01-07 23:59:51.607 V/WindowManagerShell( 4292):  Delegate animation for (#3423) to null
01-07 23:59:51.607 V/WindowManagerShell( 4292): start default transition animation, info = {id=3423 t=OPEN f=0x0 trk=0 r=[0@Point(0, 0)] c=[{m=OPEN f=FILLS_TASK leash=Surface(name=ActivityRecord{123120491 u0 com.quran.quranaudio.online/cat.ereza.customactivityoncrash.activity.DefaultErrorActivity t4968}#36456)/@0x2724f69 sb=Rect(0, 0 - 0, 0) eb=Rect(0, 0 - 1080, 2400) epz=Point(1080, 2400) d=-1->0 r=-1->0:-1 bc=ffffffff activity=ActivityTransitionInfo { component = ComponentInfo{com.quran.quranaudio.online/cat.ereza.customactivityoncrash.activity.DefaultErrorActivity}, taskId = 4968, appCompatTransitionInfo = null } opt={t=FROM_STYLE mUserId=0}},{m=CLOSE f=FILLS_TASK leash=Surface(name=ActivityRecord{140436189 u0 com.quran.quranaudio.online/.quran_module.activities.ActivityOnboarding t4968}#36445)/@0x313fdee sb=Rect(0, 0 - 1080, 2400) eb=Rect(0, 0 - 1080, 2400) epz=Point(1080, 2400) d=0 bc=ffffffff activity=ActivityTransitionInfo { component = ComponentInfo{com.quran.quranaudio.online/com.quran.quranaudio.online.quran_module.activities.ActivityOnboarding}, taskId = 4968, appCompatTransitionInfo = null } opt={t=FROM_STYLE mUserId=0}}]}
01-07 23:59:51.608 E/CustomActivityOnCrash(25993): App already crashed recently, not starting custom error activity because we could enter a restart loop. Are you sure that your app does not crash directly on init?
01-07 23:59:51.608 E/CustomActivityOnCrash(25993): java.lang.NoSuchMethodError: No static method checkNotGoogleApiHandlerThread()V in class Lcom/google/android/gms/common/internal/Preconditions; or its super classes (declaration of 'com.google.android.gms.common.internal.Preconditions' appears in /data/app/~~hdbuVMpZGtin5LHAvni4ag==/com.quran.quranaudio.online-KPH8CIMyhFU6veuKU6wsKg==/base.apk!classes30.dex)
01-07 23:59:51.608 E/CustomActivityOnCrash(25993): 	at com.google.android.gms.tasks.Tasks.await(com.google.android.gms:play-services-tasks@@18.1.0:2)
01-07 23:59:51.608 E/CustomActivityOnCrash(25993): 	at com.google.firebase.installations.remote.FirebaseInstallationServiceClient.openHttpURLConnection(FirebaseInstallationServiceClient.java:487)
01-07 23:59:51.608 E/CustomActivityOnCrash(25993): 	at com.google.firebase.installations.remote.FirebaseInstallationServiceClient.createFirebaseInstallation(FirebaseInstallationServiceClient.java:163)
01-07 23:59:51.608 E/CustomActivityOnCrash(25993): 	at com.google.firebase.installations.FirebaseInstallations.registerFidWithServer(FirebaseInstallations.java:533)
01-07 23:59:51.608 E/CustomActivityOnCrash(25993): 	at com.google.firebase.installations.FirebaseInstallations.doNetworkCallIfNecessary(FirebaseInstallations.java:387)
01-07 23:59:51.608 E/CustomActivityOnCrash(25993): 	at com.google.firebase.installations.FirebaseInstallations.lambda$doRegistrationOrRefresh$3$com-google-firebase-installations-FirebaseInstallations(FirebaseInstallations.java:372)
01-07 23:59:51.608 E/CustomActivityOnCrash(25993): 	at com.google.firebase.installations.FirebaseInstallations$$ExternalSyntheticLambda1.run(D8$$SyntheticClass:0)
01-07 23:59:51.608 E/CustomActivityOnCrash(25993): 	at com.google.firebase.concurrent.SequentialExecutor$1.run(SequentialExecutor.java:117)
01-07 23:59:51.608 E/CustomActivityOnCrash(25993): 	at com.google.firebase.concurrent.SequentialExecutor$QueueWorker.workOnQueue(SequentialExecutor.java:229)
01-07 23:59:51.608 E/CustomActivityOnCrash(25993): 	at com.google.firebase.concurrent.SequentialExecutor$QueueWorker.run(SequentialExecutor.java:174)
01-07 23:59:51.608 E/CustomActivityOnCrash(25993): 	at java.util.concurrent.ThreadPoolExecutor.runWorker(ThreadPoolExecutor.java:1154)
01-07 23:59:51.608 E/CustomActivityOnCrash(25993): 	at java.util.concurrent.ThreadPoolExecutor$Worker.run(ThreadPoolExecutor.java:652)
01-07 23:59:51.608 E/CustomActivityOnCrash(25993): 	at com.google.firebase.concurrent.CustomThreadFactory.lambda$newThread$0$com-google-firebase-concurrent-CustomThreadFactory(CustomThreadFactory.java:47)
01-07 23:59:51.608 E/CustomActivityOnCrash(25993): 	at com.google.firebase.concurrent.CustomThreadFactory$$ExternalSyntheticLambda0.run(D8$$SyntheticClass:0)
01-07 23:59:51.608 E/CustomActivityOnCrash(25993): 	at java.lang.Thread.run(Thread.java:1563)
01-07 23:59:51.609 V/WindowManagerShell( 4292): loadAnimation: anim=android.view.animation.AnimationSet@58708ab animAttr=0x5 type=OPEN isEntrance=false
01-07 23:59:51.610 V/WindowManagerShell( 4292): loadAnimation: anim=android.view.animation.AnimationSet@559dcc6 animAttr=0x4 type=OPEN isEntrance=true
01-07 23:59:51.610 V/WindowManagerShell( 4292):  animated by com.android.wm.shell.transition.DefaultTransitionHandler@bf1561c
01-07 23:59:51.611 I/DropBoxManagerService( 1861): add tag=data_app_crash isTagEnabled=true flags=0x2
01-07 23:59:51.622 E/hwc-display(  746): [PrimaryDisplay] resetColorMappingInfoForClientComp:: resetColorMappingInfo() idx=0 error(-22)
01-07 23:59:51.616 W/binder:746_5(  746): type=1400 audit(0.0:78213): avc:  denied  { search } for  name="log" dev="dm-75" ino=377 scontext=u:r:hal_graphics_composer_default:s0 tcontext=u:object_r:vendor_log_file:s0 tclass=dir permissive=0
01-07 23:59:51.623 E/hwc-display(  746): Fail to open file /data/vendor/log/hwc/PrimaryDisplay_hwc_error_log0.txt, error: Permission denied
01-07 23:59:51.623 E/hwc-display(  746): Fail to open file /data/log/PrimaryDisplay_hwc_error_log0.txt, error: No such file or directory
01-07 23:59:51.623 E/hwc-display(  746): Unable to open log file for PrimaryDisplay_hwc_error_log0.txt
01-07 23:59:51.623 I/Process (25993): Sending signal. PID: 25993 SIG: 9
01-07 23:59:51.616 W/binder:746_5(  746): type=1400 audit(0.0:78214): avc:  denied  { search } for  name="log" dev="dm-75" ino=377 scontext=u:r:hal_graphics_composer_default:s0 tcontext=u:object_r:vendor_log_file:s0 tclass=dir permissive=0
01-07 23:59:51.630 E/ActivityThread(25992): Failed to find provider info for com.xiaomi.market.provider.DirectMailProvider
01-07 23:59:51.634 D/FBAudienceNetwork(25992): SDK dex loading time: 33
01-07 23:59:51.638 I/cr_CombinedPProvider(25992): #registerProvider() provider:WV.jk@badc654 isPolicyCacheEnabled:false policyProvidersSize:0
01-07 23:59:51.639 I/cr_PolicyProvider(25992): #setManagerAndSource() 0
01-07 23:59:51.640 W/SQLiteLog(27767): (28) double-quoted string literal: "1767628791640"
01-07 23:59:51.640 I/cr_DisplayManager(25992): Is Display Topology available: false
01-07 23:59:51.640 W/SQLiteLog(27767): (28) double-quoted string literal: "1"
01-07 23:59:51.645 V/GrammaticalInflectionUtils( 1861): AttributionSource: android.content.AttributionSource@c34a244 does not have READ_SYSTEM_GRAMMATICAL_GENDER permission.
01-07 23:59:51.648 I/:error_activity(25992): hiddenapi: Accessing hidden method Ldalvik/system/CloseGuard;->get()Ldalvik/system/CloseGuard; (runtime_flags=CorePlatformApi, domain=core-platform, api=unsupported,core-platform-api) from Lcom/mbridge/msdk/thrid/okhttp/internal/platform/AndroidPlatform$CloseGuard; (domain=app, TargetSdkVersion=35) using reflection: allowed
01-07 23:59:51.648 I/:error_activity(25992): hiddenapi: Accessing hidden method Ldalvik/system/CloseGuard;->open(Ljava/lang/String;)V (runtime_flags=CorePlatformApi, domain=core-platform, api=unsupported,core-platform-api) from Lcom/mbridge/msdk/thrid/okhttp/internal/platform/AndroidPlatform$CloseGuard; (domain=app, TargetSdkVersion=35) using reflection: allowed
01-07 23:59:51.648 I/:error_activity(25992): hiddenapi: Accessing hidden method Ldalvik/system/CloseGuard;->warnIfOpen()V (runtime_flags=CorePlatformApi, domain=core-platform, api=unsupported,core-platform-api) from Lcom/mbridge/msdk/thrid/okhttp/internal/platform/AndroidPlatform$CloseGuard; (domain=app, TargetSdkVersion=35) using reflection: allowed
01-07 23:59:51.651 I/cr_CombinedPProvider(25992): #linkNativeInternal() 1
01-07 23:59:51.652 I/cr_AppResProvider(25992): #getApplicationRestrictionsFromUserManager() Bundle[EMPTY_PARCEL]
01-07 23:59:51.652 I/cr_PolicyProvider(25992): #notifySettingsAvailable() 0
01-07 23:59:51.652 I/cr_CombinedPProvider(25992): #onSettingsAvailable() 0
01-07 23:59:51.652 I/cr_CombinedPProvider(25992): #flushPolicies()
01-07 23:59:51.652 I/AdInternalSettings(25992): Test mode device hash: 6ddfba3a-3b67-4bc4-ac99-20f401e2c841
01-07 23:59:51.653 I/AdInternalSettings(25992): When testing your app with Facebook's ad units you must specify the device hashed ID to ensure the delivery of test ads, add the following code before loading an ad: AdSettings.addTestDevice("6ddfba3a-3b67-4bc4-ac99-20f401e2c841");
01-07 23:59:51.665 D/Zygote  ( 5620): Forked child process 26136
01-07 23:59:51.667 I/:error_activity(25992): hiddenapi: Accessing hidden method Landroid/app/ActivityThread;->currentActivityThread()Landroid/app/ActivityThread; (runtime_flags=0, domain=platform, api=unsupported) from Lcom/facebook/ads/redexgen/X/KF; (domain=app, TargetSdkVersion=35) using reflection: allowed
01-07 23:59:51.667 I/:error_activity(25992): hiddenapi: Accessing hidden field Landroid/app/ActivityThread;->mActivities:Landroid/util/ArrayMap; (runtime_flags=0, domain=platform, api=unsupported) from Lcom/facebook/ads/redexgen/X/KF; (domain=app, TargetSdkVersion=35) using reflection: allowed
01-07 23:59:51.667 W/system_server( 1861): Activation of cgroup controller +memory failed in path /sys/fs/cgroup/apps/uid_99767: Invalid argument
01-07 23:59:51.667 I/:error_activity(25992): hiddenapi: Accessing hidden field Landroid/app/ActivityThread$ActivityClientRecord;->paused:Z (runtime_flags=0, domain=platform, api=unsupported) from Lcom/facebook/ads/redexgen/X/KF; (domain=app, TargetSdkVersion=35) using reflection: allowed
01-07 23:59:51.667 I/:error_activity(25992): hiddenapi: Accessing hidden field Landroid/app/ActivityThread$ActivityClientRecord;->activity:Landroid/app/Activity; (runtime_flags=0, domain=platform, api=unsupported) from Lcom/facebook/ads/redexgen/X/KF; (domain=app, TargetSdkVersion=35) using reflection: allowed
01-07 23:59:51.670 E/libc    (26136): SetHeapTaggingLevel: re-enabling tagging after it was disabled is not supported
01-07 23:59:51.676 I/Zygote  (26136): Process 26136 created for com.google.android.webview:sandboxed_process0:org.chromium.content.app.SandboxedProcessService0:0
01-07 23:59:51.676 I/ocessService0:0(26136): Using CollectorTypeCMC GC.
01-07 23:59:51.678 W/chromium(25992): [WARNING:android_webview/browser/network_service/net_helpers.cc:143] HTTP Cache size is: 20971520
01-07 23:59:51.681 I/ActivityManager( 1861): Start proc 26136:com.google.android.webview:sandboxed_process0:org.chromium.content.app.SandboxedProcessService0:0/u0i767 for  {com.quran.quranaudio.online/org.chromium.content.app.SandboxedProcessService0:0}
01-07 23:59:51.685 E/hwc-display(  746): [PrimaryDisplay] resetColorMappingInfoForClientComp:: resetColorMappingInfo() idx=1 error(-22)
01-07 23:59:51.685 E/hwc-display(  746): Fail to open file /data/vendor/log/hwc/PrimaryDisplay_hwc_error_log0.txt, error: Permission denied
01-07 23:59:51.685 E/hwc-display(  746): Fail to open file /data/log/PrimaryDisplay_hwc_error_log0.txt, error: No such file or directory
01-07 23:59:51.685 E/hwc-display(  746): Unable to open log file for PrimaryDisplay_hwc_error_log0.txt
01-07 23:59:51.680 W/binder:746_5(  746): type=1400 audit(0.0:78215): avc:  denied  { search } for  name="log" dev="dm-75" ino=377 scontext=u:r:hal_graphics_composer_default:s0 tcontext=u:object_r:vendor_log_file:s0 tclass=dir permissive=0
01-07 23:59:51.680 W/binder:746_5(  746): type=1400 audit(0.0:78216): avc:  denied  { search } for  name="log" dev="dm-75" ino=377 scontext=u:r:hal_graphics_composer_default:s0 tcontext=u:object_r:vendor_log_file:s0 tclass=dir permissive=0
01-07 23:59:51.687 D/nativeloader(26136): Load libframework-connectivity-tiramisu-jni.so using APEX ns com_android_tethering for caller /apex/com.android.tethering/javalib/framework-connectivity-t.jar: ok
01-07 23:59:51.698 I/CameraManagerGlobal(25992): Connecting to camera service
01-07 23:59:51.700 I/ImeTracker( 1861): com.quran.quranaudio.online:6b6998c4: onRequestHide at ORIGIN_SERVER reason HIDE_UNSPECIFIED_WINDOW fromUser false
01-07 23:59:51.701 D/InsetsController(25992): hide(ime())
01-07 23:59:51.701 I/ImeTracker(25992): com.quran.quranaudio.online:6b6998c4: onCancelled at PHASE_CLIENT_ALREADY_HIDDEN
01-07 23:59:51.704 I/GoogleInputMethodService( 4995): GoogleInputMethodService.onFinishInput():2092 
01-07 23:59:51.705 I/Module  ( 4995): DeviceLockedStatusModuleProvider$Module.updateDeviceLockedStatus():103 repeatCheckTimes = 0, locked = false
01-07 23:59:51.705 I/GoogleInputMethodService( 4995): GoogleInputMethodService.onStartInput():1349 onStartInput(EditorInfo{EditorInfo{packageName=com.quran.quranaudio.online, inputType=0, inputTypeString=NULL, enableLearning=false, autoCorrection=false, autoComplete=false, imeOptions=0, privateImeOptions=null, actionName=UNSPECIFIED, actionLabel=null, initialSelStart=-1, initialSelEnd=-1, initialCapsMode=0, label=null, fieldId=0, fieldName=null, extras=null, hintText=null, hintLocales=[]}}, false)
01-07 23:59:51.705 I/ImeTracker( 1861): system_server:b4287fdf: onRequestHide at ORIGIN_SERVER reason IME_REQUESTED_CHANGED_LISTENER fromUser false
01-07 23:59:51.706 I/Module  ( 4995): DeviceLockedStatusModuleProvider$Module.updateDeviceLockedStatus():103 repeatCheckTimes = 1, locked = false
01-07 23:59:51.706 I/ImeTracker( 1861): system_server:b4287fdf: onCancelled at PHASE_SERVER_SHOULD_HIDE
01-07 23:59:51.707 W/PackageConfigPersister( 1861): App-specific configuration not found for packageName: com.quran.quranaudio.online and userId: 0
01-07 23:59:51.709 D/BackgroundInstallControlService( 1861): Package event received: 0
01-07 23:59:51.713 I/adbd    (25552): Remote process closed the socket (on MSG_PEEK)
01-07 23:59:51.715 D/ApplicationLoaders(26136): Returning zygote-cached class loader: /system_ext/framework/androidx.window.extensions.jar
01-07 23:59:51.721 W/adservices( 7693): Skip logging because Cobalt is disabled.
01-07 23:59:51.721 W/adservices( 7693): Skip logging because Cobalt logger is null
01-07 23:59:51.721 I/ActivityManager( 1861): Process com.quran.quranaudio.online (pid 25993) has died: fg  CEM 
01-07 23:59:51.726 I/libprocessgroup( 1861): Removed cgroup /sys/fs/cgroup/apps/uid_10547/pid_25993
01-07 23:59:51.726 I/Zygote  ( 1324): Process 25993 exited due to signal 9 (Killed)
01-07 23:59:51.729 D/BoundBrokerSvc(27767): onRebind: Intent { act=com.google.android.gms.safebrowsing.SafeBrowsingService.START dat=chimera-action:/... xflg=0x4 cmp=com.google.android.gms/.chimera.GmsBoundBrokerService }
01-07 23:59:51.730 I/Ads     (27767): Received log message: <Google:HTML> You are currently using version 254380999.231004000.1 of the SDK, which is out of date. Please consider updating your SDK to the most recent SDK version to get the latest features and bug fixes. The latest SDK can be installed from https://goo.gle/android-install-instructions. More information about the SDK deprecation schedule is available at https://developers.google.com/admob/android/deprecation.
01-07 23:59:51.730 I/Ads     (27767): SDK version: afma-sdk-a-v254380999.231004000.1
01-07 23:59:51.730 I/Ads     (27767): HTTP timeout: 60000 milliseconds.
01-07 23:59:51.731 I/LoadedApk(26136): No resource references to update in package com.google.android.trichromelibrary
01-07 23:59:51.735 I/cr_WebViewApkApp(26136): version=143.0.7499.146 (749914633) minSdkVersion=29 processName=com.google.android.webview:sandboxed_process0:org.chromium.content.app.SandboxedProcessService0:0 splits=<none>
01-07 23:59:51.738 D/BackgroundInstallControlService( 1861): Package event received: 0
01-07 23:59:51.740 I/cr_ChildProcessService(26136): Creating new ChildProcessService pid=26136
01-07 23:59:51.746 D/BackgroundInstallControlService( 1861): Package event received: 0
01-07 23:59:51.751 I/Ads     (27767): SDK version: afma-sdk-a-v254380999.231004000.1
01-07 23:59:51.751 I/Ads     (27767): HTTP timeout: 60000 milliseconds.
01-07 23:59:51.799 D/InetDiagMessage( 1861): Destroyed 0 sockets, proto=IPPROTO_TCP, family=AF_INET, states=14
01-07 23:59:51.799 D/InetDiagMessage( 1861): Destroyed 0 sockets, proto=IPPROTO_TCP, family=AF_INET6, states=14
01-07 23:59:51.799 D/InetDiagMessage( 1861): Destroyed live tcp sockets for uids={10361} in 1ms
01-07 23:59:51.800 D/InetDiagMessage( 1861): Destroyed 0 sockets, proto=IPPROTO_TCP, family=AF_INET, states=14
01-07 23:59:51.800 D/InetDiagMessage( 1861): Destroyed 0 sockets, proto=IPPROTO_TCP, family=AF_INET6, states=14
01-07 23:59:51.800 D/InetDiagMessage( 1861): Destroyed live tcp sockets for uids={20361} in 1ms
01-07 23:59:51.988 D/WM-WorkConstraintsTrack(25551): NetworkRequestConstraintController onBlockedStatusChanged callback
01-07 23:59:51.990 D/InetDiagMessage( 1861): Destroyed 0 sockets, proto=IPPROTO_TCP, family=AF_INET, states=14
01-07 23:59:51.992 D/InetDiagMessage( 1861): Destroyed 0 sockets, proto=IPPROTO_TCP, family=AF_INET6, states=14
01-07 23:59:51.992 D/InetDiagMessage( 1861): Destroyed live tcp sockets for uids={10170} in 4ms
01-07 23:59:51.994 D/InetDiagMessage( 1861): Destroyed 0 sockets, proto=IPPROTO_TCP, family=AF_INET, states=14
01-07 23:59:51.996 D/InetDiagMessage( 1861): Destroyed 0 sockets, proto=IPPROTO_TCP, family=AF_INET6, states=14
01-07 23:59:51.996 D/InetDiagMessage( 1861): Destroyed live tcp sockets for uids={20170} in 4ms
01-07 23:59:51.999 D/InetDiagMessage( 1861): Destroyed 0 sockets, proto=IPPROTO_TCP, family=AF_INET, states=14
01-07 23:59:52.002 D/InetDiagMessage( 1861): Destroyed 0 sockets, proto=IPPROTO_TCP, family=AF_INET6, states=14
01-07 23:59:52.002 D/InetDiagMessage( 1861): Destroyed live tcp sockets for uids={10137} in 6ms
01-07 23:59:52.004 D/InetDiagMessage( 1861): Destroyed 0 sockets, proto=IPPROTO_TCP, family=AF_INET, states=14
01-07 23:59:52.005 D/InetDiagMessage( 1861): Destroyed 0 sockets, proto=IPPROTO_TCP, family=AF_INET6, states=14
01-07 23:59:52.005 D/InetDiagMessage( 1861): Destroyed live tcp sockets for uids={20137} in 3ms
01-07 23:59:52.079 V/WindowManagerShell( 4292): Transition animation finished (aborted=false), notifying core (#3423) android.os.BinderProxy@20ec216@0
01-07 23:59:52.084 V/WindowManager( 1861): Finish Transition (#3423): created at 01-07 23:59:50.474 collect-started=0.026ms request-sent=8.825ms started=12.582ms ready=651.175ms sent=1123.917ms commit=22.897ms finished=1609.511ms
01-07 23:59:52.084 E/libbinder.IPCThreadState( 1861): Binder transaction failure. id: 121316148, cmd: BR_DEAD_REPLY (29189), error: -22 (Invalid argument)
01-07 23:59:52.085 W/ActivityManager( 1861): pid 1861 system sent binder code 7 with flags 1 and got error -32
01-07 23:59:52.085 D/ActivityManager( 1861): Too many transaction errors, throttling freezer binder callback.
01-07 23:59:52.087 W/WindowManager( 1861): Exception thrown during dispatchAppVisibility Window{c4a8d13 u0 com.quran.quranaudio.online/com.quran.quranaudio.online.quran_module.activities.ActivityOnboarding EXITING}
01-07 23:59:52.087 W/WindowManager( 1861): android.os.DeadObjectException
01-07 23:59:52.087 W/WindowManager( 1861): 	at android.os.BinderProxy.transactNative(Native Method)
01-07 23:59:52.087 W/WindowManager( 1861): 	at android.os.BinderProxy.transact(BinderProxy.java:599)
01-07 23:59:52.087 W/WindowManager( 1861): 	at android.view.IWindow$Stub$Proxy.dispatchAppVisibility(IWindow.java:535)
01-07 23:59:52.087 W/WindowManager( 1861): 	at com.android.server.wm.WindowState.sendAppVisibilityToClients(WindowState.java:3266)
01-07 23:59:52.087 W/WindowManager( 1861): 	at com.android.server.wm.WindowContainer.sendAppVisibilityToClients(WindowContainer.java:1218)
01-07 23:59:52.087 W/WindowManager( 1861): 	at com.android.server.wm.WindowToken.setClientVisible(WindowToken.java:394)
01-07 23:59:52.087 W/WindowManager( 1861): 	at com.android.server.wm.ActivityRecord.commitVisibility(ActivityRecord.java:5626)
01-07 23:59:52.087 W/WindowManager( 1861): 	at com.android.server.wm.Transition.finishTransition(Transition.java:1500)
01-07 23:59:52.087 W/WindowManager( 1861): 	at com.android.server.wm.TransitionController.finishTransition(TransitionController.java:1096)
01-07 23:59:52.087 W/WindowManager( 1861): 	at com.android.server.wm.WindowOrganizerController.finishTransition(WindowOrganizerController.java:518)
01-07 23:59:52.087 W/WindowManager( 1861): 	at android.window.IWindowOrganizerController$Stub.onTransact(IWindowOrganizerController.java:270)
01-07 23:59:52.087 W/WindowManager( 1861): 	at com.android.server.wm.WindowOrganizerController.onTransact(WindowOrganizerController.java:233)
01-07 23:59:52.087 W/WindowManager( 1861): 	at android.os.Binder.execTransactInternal(Binder.java:1478)
01-07 23:59:52.087 W/WindowManager( 1861): 	at android.os.Binder.execTransact(Binder.java:1418)
01-07 23:59:52.088 W/Process ( 1861): Unable to open /proc/25662/status
01-07 23:59:52.097 V/WindowManagerShell( 4292): Track 0 became idle
01-07 23:59:52.097 V/WindowManagerShell( 4292): All active transition animations finished
01-07 23:59:52.113 I/:error_activity(25992): Compiler allocated 5145KB to compile void android.view.ViewRootImpl.performTraversals()
01-07 23:59:52.117 E/BpTransactionCompletedListener(  742): Failed to transact (-32)
01-07 23:59:52.127 D/HbmSvManager( 4497): Ambient sensor :  TMD3719 Ambient Light update Lux : 33.94681
01-07 23:59:52.156 D/BoundBrokerSvc(27767): onRebind: Intent { act=com.google.android.gms.semanticlocationhistory.service.START dat=chimera-action:/... xflg=0x4 cmp=com.google.android.gms/.chimera.GmsApiService }
01-07 23:59:52.156 D/InetDiagMessage( 1861): Destroyed 0 sockets, proto=IPPROTO_TCP, family=AF_INET, states=14
01-07 23:59:52.157 D/InetDiagMessage( 1861): Destroyed 0 sockets, proto=IPPROTO_TCP, family=AF_INET6, states=14
01-07 23:59:52.157 D/InetDiagMessage( 1861): Destroyed live tcp sockets for uids={10290} in 2ms
01-07 23:59:52.157 D/InetDiagMessage( 1861): Destroyed 0 sockets, proto=IPPROTO_TCP, family=AF_INET, states=14
01-07 23:59:52.158 D/InetDiagMessage( 1861): Destroyed 0 sockets, proto=IPPROTO_TCP, family=AF_INET6, states=14
01-07 23:59:52.158 D/InetDiagMessage( 1861): Destroyed live tcp sockets for uids={20290} in 1ms
01-07 23:59:52.176 D/NetworkMonitor/159( 4442): PROBE_FALLBACK http://play.googleapis.com/generate_204 Probe failed with exception java.net.SocketTimeoutException: failed to connect to play.googleapis.com/216.239.38.223 (port 80) from /192.168.1.8 (port 53572) after 10000ms
01-07 23:59:52.177 D/NetworkMonitor/159( 4442): isCaptivePortal: isSuccessful()=false isPortal()=false RedirectUrl=null isPartialConnectivity()=true Time=23115ms
01-07 23:59:52.180 D/ConnectivityService( 1861): [159 WIFI] validation failed
01-07 23:59:52.224 D/usf_sensor_hal( 1379): accelerometer: Enter Flush
01-07 23:59:52.225 I/sensor-suez( 1379): Vendor atom [id = 100243] reported.
01-07 23:59:52.226 D/usf_sensor_hal( 1379): gyroscope: Enter Flush
01-07 23:59:52.226 I/sensor-suez( 1379): Vendor atom [id = 100243] reported.
01-07 23:59:52.252 W/libbinder.Binder( 1861): Large reply transaction of 312612 bytes, interface descriptor android.content.pm.IPackageManager, code 3, flags 18
01-07 23:59:52.274 W/libbinder.Binder( 1861): Large reply transaction of 319792 bytes, interface descriptor android.content.pm.IPackageManager, code 3, flags 18
01-07 23:59:52.274 I/system_server( 1861): Background young concurrent mark compact GC freed 93MB AllocSpace bytes, 15(328KB) LOS objects, 47% free, 101MB/194MB, paused 1.496ms,7.317ms total 156.340ms
01-07 23:59:52.344 D/usf_sensor_hal( 1379): gyroscope: Enter Batch. Period = 200000000, latency = 0.
01-07 23:59:52.344 D/usf_sensor_hal( 1379): IMU temperature: Enter Batch. Period = 533334000, latency = 0.
01-07 23:59:52.344 I/sensor-suez( 1379): Vendor atom [id = 100243] reported.
01-07 23:59:52.345 D/usf_sensor_hal( 1379): accelerometer: Enter Batch. Period = 200000000, latency = 0.
01-07 23:59:52.345 D/usf_sensor_hal( 1379): IMU temperature: Enter Batch. Period = 533334000, latency = 0.
01-07 23:59:52.345 I/sensor-suez( 1379): Vendor atom [id = 100243] reported.
01-07 23:59:52.372 I/AiAiEcho( 5755): SmartspaceNotificationPredictor no parser can handle this notification or notification is invalid
01-07 23:59:52.376 D/SsBaseTemplateCard( 4292): No date view can be set up
01-07 23:59:52.376 I/SsBaseTemplateCard( 4292): setFormattedContentDescription: text=Rain and snow, iconDescription=Rain and snow, contentDescription=Rain and snow, Rain and snow
01-07 23:59:52.376 D/SsBaseTemplateCard( 4292): Passed-in item info is null
01-07 23:59:52.376 D/SsBaseTemplateCard( 4292): Passed-in item info is null
01-07 23:59:52.407 W/FA      (25992): Failed to retrieve Firebase Instance Id
01-07 23:59:52.420 D/ConnectivityService( 1861): requestNetwork for uid/pid:10547/25992 activeRequest: null callbackRequest: 18492 [NetworkRequest [ REQUEST id=18493, [ Capabilities: INTERNET&NOT_RESTRICTED&TRUSTED&NOT_VCN_MANAGED&NOT_BANDWIDTH_CONSTRAINED Uid: 10547 RequestorUid: 10547 RequestorPkg: com.quran.quranaudio.online UnderlyingNetworks: Null] ]] callback flags: 0 order: 2147483647 isUidTracked: false declaredMethods: AVAIL|LOST|NC|LP
01-07 23:59:52.424 D/OemPaidWifiNetworkFactory( 1861): got request NetworkRequest [ REQUEST id=18493, [ Capabilities: INTERNET&NOT_RESTRICTED&TRUSTED&NOT_VCN_MANAGED&NOT_BANDWIDTH_CONSTRAINED Uid: 10547 RequestorUid: 10547 RequestorPkg: com.quran.quranaudio.online UnderlyingNetworks: Null] ]
01-07 23:59:52.424 D/MultiInternetWifiNetworkFactory( 1861): got request NetworkRequest [ REQUEST id=18493, [ Capabilities: INTERNET&NOT_RESTRICTED&TRUSTED&NOT_VCN_MANAGED&NOT_BANDWIDTH_CONSTRAINED Uid: 10547 RequestorUid: 10547 RequestorPkg: com.quran.quranaudio.online UnderlyingNetworks: Null] ]
01-07 23:59:52.425 D/ConnectivityService( 1861): NetReassign [18493 : null → 158] [c 0] [a 1] [i 4]
01-07 23:59:52.425 D/UntrustedWifiNetworkFactory( 1861): got request NetworkRequest [ REQUEST id=18493, [ Capabilities: INTERNET&NOT_RESTRICTED&TRUSTED&NOT_VCN_MANAGED&NOT_BANDWIDTH_CONSTRAINED Uid: 10547 RequestorUid: 10547 RequestorPkg: com.quran.quranaudio.online UnderlyingNetworks: Null] ]
01-07 23:59:52.426 D/CompatChangeReporter( 1861): Compat change id reported: 319212206; UID 10547; state: ENABLED
01-07 23:59:52.431 D/ConnectivityService( 1861): NetReassign [no changes] [c 0] [a 2] [i 2]
01-07 23:59:52.458 W/System  (27767): A resource failed to call close. 
01-07 23:59:52.465 I/bthal.activity( 1341): bt_power: LeAdvStat: 23:59:51:463 - 23:59:52:465, duration: 1001, le_adv_count: 2, total_le_adv_count: 82892, total_event_count: 0
01-07 23:59:52.478 W/cr_media(25992): BLUETOOTH_CONNECT permission is missing.
01-07 23:59:52.479 W/cr_media(25992): getBluetoothAdapter() requires BLUETOOTH permission
01-07 23:59:52.479 W/cr_media(25992): registerBluetoothIntentsIfNeeded: Requires BLUETOOTH permission
01-07 23:59:52.485 I/cr_LibraryLoader(26136): Successfully loaded native library
01-07 23:59:52.485 I/cr_CachingUmaRecorder(26136): Flushed 2 samples from 2 histograms, 0 samples were dropped.
01-07 23:59:52.485 W/chromium(26136): [WARNING:content/app/android/content_main_android.cc:82] android_setCpu already initialized
01-07 23:59:52.497 W/chromium(26136): [WARNING:content/child/runtime_features.cc:561] Fenced frames cannot be enabled in this configuration. Use --enable-features=FencedFrames instead.
01-07 23:59:52.497 W/chromium(26136): [WARNING:content/child/runtime_features.cc:586] Topics cannot be enabled in this configuration. Use --enable-features=BrowsingTopics in addition.
01-07 23:59:52.497 W/chromium(26136): [WARNING:content/child/runtime_features.cc:607] SharedStorage cannot be enabled in this configuration. Use --enable-features=SharedStorageAPI in addition.
01-07 23:59:52.505 W/libbinder.Binder(11893): Binder transaction to android.accounts.IAccountAuthenticator code 3 took 1500ms. Data bytes: 492 Reply bytes: 0 Flags: 17
01-07 23:59:52.510 D/BackgroundInstallControlService( 1861): Package event received: 0
01-07 23:59:52.512 D/BackgroundInstallControlService( 1861): Package event received: 0
01-07 23:59:52.512 D/BackgroundInstallControlService( 1861): Package event received: 0
01-07 23:59:52.512 D/BackgroundInstallControlService( 1861): Package event received: 0
01-07 23:59:52.519 W/FA      (25992): Failed to retrieve Firebase Instance Id
01-07 23:59:52.607 E/gcblocker(11893): too long GC blocking: 5
01-07 23:59:52.607 E/gcblocker(11893): gc block end, 442139639,100
01-07 23:59:52.658 I/FontLog (11566): (REDACTED) Received query %s, URI %s
01-07 23:59:52.659 I/FontLog (11566): (REDACTED) Query [%s] resolved to %s
01-07 23:59:52.660 I/FontLog (11566): (REDACTED) Font PFD returned from cache for %s
01-07 23:59:52.660 I/FontLog (11566): (REDACTED) Fetch %s end status %s
01-07 23:59:52.664 I/FontLog (11566): (REDACTED) Pulling font file for id = %d, cache size = %d
01-07 23:59:52.670 I/FontLog (11566): (REDACTED) Received query %s, URI %s
01-07 23:59:52.671 I/FontLog (11566): (REDACTED) Query [%s] resolved to %s
01-07 23:59:52.673 I/FontLog (11566): (REDACTED) Fetch %s end status %s
01-07 23:59:52.676 I/FontLog (11566): (REDACTED) Pulling font file for id = %d, cache size = %d
01-07 23:59:52.677 W/:error_activity(25992): userfaultfd: MOVE ioctl seems unsupported: Try again
01-07 23:59:52.686 I/FontLog (11566): (REDACTED) Received query %s, URI %s
01-07 23:59:52.686 I/FontLog (11566): (REDACTED) Query [%s] resolved to %s
01-07 23:59:52.687 I/FontLog (11566): (REDACTED) Font PFD returned from cache for %s
01-07 23:59:52.687 I/FontLog (11566): (REDACTED) Fetch %s end status %s
01-07 23:59:52.690 I/FontLog (11566): (REDACTED) Pulling font file for id = %d, cache size = %d
01-07 23:59:52.695 E/ashmem  (26136): readlink(/proc/self/fd/97) failed: Operation not permitted
01-07 23:59:52.695 I/FontLog (11566): (REDACTED) Received query %s, URI %s
01-07 23:59:52.695 E/ashmem  (26136): readlink(/proc/self/fd/97) failed: Operation not permitted
01-07 23:59:52.695 I/FontLog (11566): (REDACTED) Query [%s] resolved to %s
01-07 23:59:52.696 I/FontLog (11566): (REDACTED) Font PFD returned from cache for %s
01-07 23:59:52.697 I/FontLog (11566): (REDACTED) Fetch %s end status %s
01-07 23:59:52.700 I/FontLog (11566): (REDACTED) Pulling font file for id = %d, cache size = %d
01-07 23:59:52.705 I/FontLog (11566): (REDACTED) Received query %s, URI %s
01-07 23:59:52.706 I/FontLog (11566): (REDACTED) Query [%s] resolved to %s
01-07 23:59:52.707 E/ashmem  (26136): readlink(/proc/self/fd/97) failed: Operation not permitted
01-07 23:59:52.707 I/FontLog (11566): (REDACTED) Font PFD returned from cache for %s
01-07 23:59:52.707 E/ashmem  (26136): readlink(/proc/self/fd/97) failed: Operation not permitted
01-07 23:59:52.707 I/FontLog (11566): (REDACTED) Fetch %s end status %s
01-07 23:59:52.709 I/FontLog (11566): (REDACTED) Pulling font file for id = %d, cache size = %d
01-07 23:59:52.714 E/ashmem  (26136): readlink(/proc/self/fd/119) failed: Operation not permitted
01-07 23:59:52.714 E/ashmem  (26136): readlink(/proc/self/fd/119) failed: Operation not permitted
01-07 23:59:52.717 E/ashmem  (26136): readlink(/proc/self/fd/111) failed: Operation not permitted
01-07 23:59:52.718 E/ashmem  (26136): readlink(/proc/self/fd/119) failed: Operation not permitted
01-07 23:59:52.718 E/ashmem  (26136): readlink(/proc/self/fd/121) failed: Operation not permitted
01-07 23:59:52.719 E/ashmem  (26136): readlink(/proc/self/fd/120) failed: Operation not permitted
01-07 23:59:52.720 E/ashmem  (26136): readlink(/proc/self/fd/112) failed: Operation not permitted
01-07 23:59:52.720 E/ashmem  (26136): readlink(/proc/self/fd/123) failed: Operation not permitted
01-07 23:59:52.721 E/ashmem  (26136): readlink(/proc/self/fd/122) failed: Operation not permitted
01-07 23:59:52.722 E/ashmem  (26136): readlink(/proc/self/fd/124) failed: Operation not permitted
01-07 23:59:52.722 E/ashmem  (26136): readlink(/proc/self/fd/126) failed: Operation not permitted
01-07 23:59:52.722 E/ashmem  (26136): readlink(/proc/self/fd/125) failed: Operation not permitted
01-07 23:59:52.723 E/ashmem  (26136): readlink(/proc/self/fd/127) failed: Operation not permitted
01-07 23:59:52.723 E/ashmem  (26136): readlink(/proc/self/fd/129) failed: Operation not permitted
01-07 23:59:52.880 I/Ads     (25992): JS: The jsLoaded GMSG has been sent (https://googleads.g.doubleclick.net/mads/static/sdk/native/sdk-core-v40.html:1012)
01-07 23:59:52.880 I/chromium(25992): [INFO:CONSOLE:1012] "The jsLoaded GMSG has been sent", source: https://googleads.g.doubleclick.net/mads/static/sdk/native/sdk-core-v40.html (1012)
01-07 23:59:52.887 I/DynamiteModule(25992): Considering local module com.google.android.gms.ads.dynamite:0 and remote module com.google.android.gms.ads.dynamite:254380203
01-07 23:59:52.888 I/DynamiteModule(25992): Selected remote version of com.google.android.gms.ads.dynamite, version >= 254380203
01-07 23:59:52.899 D/AdFactory(25992): AppOpenAd was loaded.
01-07 23:59:53.424 I/AiAiEcho( 5755): SmartspaceNotificationPredictor no parser can handle this notification or notification is invalid
01-07 23:59:53.442 D/SsBaseTemplateCard( 4292): No date view can be set up
01-07 23:59:53.443 I/SsBaseTemplateCard( 4292): setFormattedContentDescription: text=Rain and snow, iconDescription=Rain and snow, contentDescription=Rain and snow, Rain and snow
01-07 23:59:53.443 D/SsBaseTemplateCard( 4292): Passed-in item info is null
01-07 23:59:53.443 D/SsBaseTemplateCard( 4292): Passed-in item info is null
01-07 23:59:53.528 D/HbmSvManager( 4497): Ambient sensor :  TMD3719 Ambient Light update Lux : 33.57731
01-07 23:59:53.691 V/ClearcutMetricXmitter(25551): Transmission is done.
01-07 23:59:53.716 V/ClearcutMetricXmitter(25551): Transmission is done.
01-07 23:59:53.905 V/ClearcutMetricXmitter(25616): Transmission is done.
01-07 23:59:53.905 V/ClearcutMetricXmitter(25616): Transmission is done.
01-07 23:59:54.017 W/libbinder.Binder(11893): Binder transaction to android.accounts.IAccountAuthenticator code 3 took 1503ms. Data bytes: 492 Reply bytes: 0 Flags: 17
01-07 23:59:54.055 D/BackgroundInstallControlService( 1861): Package event received: 0
01-07 23:59:54.064 D/BackgroundInstallControlService( 1861): Package event received: 0
01-07 23:59:54.064 D/BackgroundInstallControlService( 1861): Package event received: 0
01-07 23:59:54.064 D/BackgroundInstallControlService( 1861): Package event received: 0
01-07 23:59:54.124 D/PERFORMANCE(25992): → [DELAY-3s] Starting ad preload...
01-07 23:59:54.127 D/InterstitialAdManager(25992): ✅ InterstitialAdManager initialized
01-07 23:59:54.127 D/SubscriptionChecker(25992): 📊 Subscription check: false
01-07 23:59:54.128 D/AdConfig(25992): 🔍 getAdIdByPosition: position=inter_ad, isTest=true, BuildConfig.DEBUG=true
01-07 23:59:54.128 D/AdConfig(25992): 🔍 useTestAD()=true
01-07 23:59:54.128 D/AdConfig(25992): ✅ Final ad ID for inter_ad: ca-app-pub-3940256099942544/1033173712
01-07 23:59:54.128 D/InterstitialAdManager(25992): 🔄 Loading new interstitial ad with ID: ca-app-pub-3940256099942544/1033173712
01-07 23:59:54.128 D/AdConfig(25992): 🔍 getAdIdByPosition: position=inter_ad, isTest=true, BuildConfig.DEBUG=true
01-07 23:59:54.128 D/AdConfig(25992): 🔍 useTestAD()=true
01-07 23:59:54.128 D/AdConfig(25992): ✅ Final ad ID for inter_ad: ca-app-pub-3940256099942544/1033173712
01-07 23:59:54.129 E/gcblocker(11893): too long GC blocking: 5
01-07 23:59:54.129 E/gcblocker(11893): gc block end, 442141160,101
01-07 23:59:54.148 I/DynamiteModule(25992): Considering local module com.google.android.gms.ads.dynamite:0 and remote module com.google.android.gms.ads.dynamite:254380203
01-07 23:59:54.148 I/DynamiteModule(25992): Selected remote version of com.google.android.gms.ads.dynamite, version >= 254380203
01-07 23:59:54.148 V/DynamiteModule(25992): Dynamite loader version >= 2, using loadModule2NoCrashUtils
01-07 23:59:54.163 I/Ads     (25992): Use RequestConfiguration.Builder().setTestDeviceIds(Arrays.asList("45A1DB8F25D3B98F1011B36F9E0C00E3")) to get test ads on this device.
01-07 23:59:54.200 D/InterstitialAdManager(25992): ⏰ Ad refresh timer started (checks every 5 minutes)
01-07 23:59:54.200 D/InterstitialAdManager(25992): ✅ Preload initiated and timer started
01-07 23:59:54.200 D/NativeAdManager(25992): ✅ NativeAdManager initialized
01-07 23:59:54.200 D/NativeAdManager(25992): 🆕 Periodic cleanup task started (interval: 5 minutes)
01-07 23:59:54.200 D/SubscriptionChecker(25992): 📊 Subscription check: false
01-07 23:59:54.201 D/NATIVE_AD_TRACK(25992): 🔄 NativeAdManager.loadNewAd() - Starting ad load (0/3)
01-07 23:59:54.201 D/AdConfig(25992): 🔍 getAdIdByPosition: position=native_ad, isTest=true, BuildConfig.DEBUG=true
01-07 23:59:54.201 D/AdConfig(25992): 🔍 useTestAD()=true
01-07 23:59:54.201 D/AdConfig(25992): ✅ Final ad ID for native_ad: ca-app-pub-3940256099942544/2247696110
01-07 23:59:54.201 D/NATIVE_AD_TRACK(25992):    Ad Unit ID: ca-app-pub-3940256099942544/2247696110
01-07 23:59:54.201 D/NativeAdManager(25992): 🔄 Loading new native ad (0/3)
01-07 23:59:54.203 D/AdConfig(25992): 🔍 getAdIdByPosition: position=native_ad, isTest=true, BuildConfig.DEBUG=true
01-07 23:59:54.203 D/AdConfig(25992): 🔍 useTestAD()=true
01-07 23:59:54.203 D/AdConfig(25992): ✅ Final ad ID for native_ad: ca-app-pub-3940256099942544/2247696110
01-07 23:59:54.207 I/DynamiteModule(25992): Considering local module com.google.android.gms.ads.dynamite:0 and remote module com.google.android.gms.ads.dynamite:254380203
01-07 23:59:54.207 I/DynamiteModule(25992): Selected remote version of com.google.android.gms.ads.dynamite, version >= 254380203
01-07 23:59:54.207 V/DynamiteModule(25992): Dynamite loader version >= 2, using loadModule2NoCrashUtils
01-07 23:59:54.212 W/Ads     (25992): Not retrying to fetch app settings
01-07 23:59:54.212 I/Ads     (25992): Use RequestConfiguration.Builder().setTestDeviceIds(Arrays.asList("45A1DB8F25D3B98F1011B36F9E0C00E3")) to get test ads on this device.
01-07 23:59:54.226 D/NativeAdManager(25992): ✅ Preload initiated
01-07 23:59:54.226 D/PERFORMANCE(25992): ✅ [DELAY-3s] Ads preloaded [101ms]
01-07 23:59:54.226 D/PERFORMANCE(25992): → [DELAY-3s] Starting anonymous auth...
01-07 23:59:54.232 E/PERFORMANCE(25992): ⚠️ [DELAY-3s] Anonymous auth setup failed (non-critical)
01-07 23:59:54.232 E/PERFORMANCE(25992): java.lang.IllegalStateException: Default FirebaseApp is not initialized in this process com.quran.quranaudio.online:error_activity. Make sure to call FirebaseApp.initializeApp(Context) first.
01-07 23:59:54.232 E/PERFORMANCE(25992): 	at com.google.firebase.FirebaseApp.getInstance(FirebaseApp.java:179)
01-07 23:59:54.232 E/PERFORMANCE(25992): 	at com.google.firebase.auth.FirebaseAuth.getInstance(com.google.firebase:firebase-auth@@22.3.1:283)
01-07 23:59:54.232 E/PERFORMANCE(25992): 	at com.quran.quranaudio.online.Utils.GoogleAuthManager.<init>(GoogleAuthManager.java:48)
01-07 23:59:54.232 E/PERFORMANCE(25992): 	at com.quran.quranaudio.online.App.performAnonymousAuthDelayed(App.java:542)
01-07 23:59:54.232 E/PERFORMANCE(25992): 	at com.quran.quranaudio.online.App.lambda$scheduleDelayedInitialization$1(App.java:486)
01-07 23:59:54.232 E/PERFORMANCE(25992): 	at com.quran.quranaudio.online.App.$r8$lambda$W9IArcaa69J5852Jjuj_btMffA0(Unknown Source:0)
01-07 23:59:54.232 E/PERFORMANCE(25992): 	at com.quran.quranaudio.online.App$$ExternalSyntheticLambda3.run(D8$$SyntheticClass:0)
01-07 23:59:54.232 E/PERFORMANCE(25992): 	at android.os.Handler.handleCallback(Handler.java:1070)
01-07 23:59:54.232 E/PERFORMANCE(25992): 	at android.os.Handler.dispatchMessage(Handler.java:125)
01-07 23:59:54.232 E/PERFORMANCE(25992): 	at android.os.Looper.dispatchMessage(Looper.java:333)
01-07 23:59:54.232 E/PERFORMANCE(25992): 	at android.os.Looper.loopOnce(Looper.java:263)
01-07 23:59:54.232 E/PERFORMANCE(25992): 	at android.os.Looper.loop(Looper.java:367)
01-07 23:59:54.232 E/PERFORMANCE(25992): 	at android.app.ActivityThread.main(ActivityThread.java:9287)
01-07 23:59:54.232 E/PERFORMANCE(25992): 	at java.lang.reflect.Method.invoke(Native Method)
01-07 23:59:54.232 E/PERFORMANCE(25992): 	at com.android.internal.os.RuntimeInit$MethodAndArgsCaller.run(RuntimeInit.java:566)
01-07 23:59:54.232 E/PERFORMANCE(25992): 	at com.android.internal.os.ZygoteInit.main(ZygoteInit.java:929)
01-07 23:59:54.237 W/Ads     (25992): Not retrying to fetch app settings
01-07 23:59:54.239 W/SQLiteLog(27767): (28) double-quoted string literal: "1767628794239"
01-07 23:59:54.239 W/SQLiteLog(27767): (28) double-quoted string literal: "1"
01-07 23:59:54.247 I/Ads     (27767): Received log message: <Google:HTML> You are currently using version 254380999.231004000.1 of the SDK, which is out of date. Please consider updating your SDK to the most recent SDK version to get the latest features and bug fixes. The latest SDK can be installed from https://goo.gle/android-install-instructions. More information about the SDK deprecation schedule is available at https://developers.google.com/admob/android/deprecation.
01-07 23:59:54.257 W/SQLiteLog(27767): (28) double-quoted string literal: "1767628794257"
01-07 23:59:54.257 W/SQLiteLog(27767): (28) double-quoted string literal: "1"
01-07 23:59:54.259 I/Ads     (27767): SDK version: afma-sdk-a-v254380999.231004000.1
01-07 23:59:54.260 I/Ads     (27767): HTTP timeout: 60000 milliseconds.
01-07 23:59:54.265 E/ashmem  (26136): readlink(/proc/self/fd/132) failed: Operation not permitted
01-07 23:59:54.265 E/ashmem  (26136): readlink(/proc/self/fd/132) failed: Operation not permitted
01-07 23:59:54.270 E/ashmem  (26136): readlink(/proc/self/fd/132) failed: Operation not permitted
01-07 23:59:54.271 E/ashmem  (26136): readlink(/proc/self/fd/134) failed: Operation not permitted
01-07 23:59:54.271 E/ashmem  (26136): readlink(/proc/self/fd/136) failed: Operation not permitted
01-07 23:59:54.276 I/Ads     (27767): SDK version: afma-sdk-a-v254380999.231004000.1
01-07 23:59:54.276 I/Ads     (27767): HTTP timeout: 60000 milliseconds.
01-07 23:59:54.278 I/DynamiteModule(25992): Considering local module com.google.android.gms.ads.dynamite:0 and remote module com.google.android.gms.ads.dynamite:254380203
01-07 23:59:54.278 I/DynamiteModule(25992): Selected remote version of com.google.android.gms.ads.dynamite, version >= 254380203
01-07 23:59:54.284 D/AdFactory(25992): inter_ad :interstitialAd was loaded.
01-07 23:59:54.390 D/HbmSvManager( 4497): Ambient sensor :  TMD3719 Ambient Light update Lux : 29.802877
01-07 23:59:54.443 I/AiAiEcho( 5755): SmartspaceNotificationPredictor no parser can handle this notification or notification is invalid
01-07 23:59:54.460 D/SsBaseTemplateCard( 4292): No date view can be set up
01-07 23:59:54.461 I/SsBaseTemplateCard( 4292): setFormattedContentDescription: text=Rain and snow, iconDescription=Rain and snow, contentDescription=Rain and snow, Rain and snow
01-07 23:59:54.461 D/SsBaseTemplateCard( 4292): Passed-in item info is null
01-07 23:59:54.461 D/SsBaseTemplateCard( 4292): Passed-in item info is null
01-07 23:59:54.491 I/WifiHAL ( 1415): Creating message to get link statistics; iface = 47
01-07 23:59:54.577 D/ConnectivityService( 1861): NetReassign [no changes] [c 1] [a 2] [i 3]
01-07 23:59:54.647 W/orbu.utils(11893): orbu proceed: 102, dfidHex: 0x28000102
01-07 23:59:54.648 W/orbu.utils(11893): enableNetworkHardBlock: 0, isTargetRuleGroup: 0
01-07 23:59:54.911 W/System  (27767): A resource failed to call close. 
01-07 23:59:54.933 D/SurfaceFlinger(  742): setDesiredMode 4619827677550801152 {mode={fps=60.00 Hz, modePtr={id=0, vsyncRate=60.00 Hz, peakRefreshRate=60.00 Hz}}, emitEvent=false, force=false}
01-07 23:59:54.937 D/SurfaceFlinger(  742): initiateModeChange 4619827677550801152 {mode={fps=60.00 Hz, modePtr={id=0, vsyncRate=60.00 Hz, peakRefreshRate=60.00 Hz}}, emitEvent=false, force=false}
01-07 23:59:54.937 D/hwc-display(  746): setActiveConfigWithConstraints:: PrimaryDisplay config(36) test(0)
01-07 23:59:54.938 I/hwc-display(  746): [PrimaryDisplay] setActiveConfigWithConstraints: config(36)
01-07 23:59:54.962 W/FA      (25992): Failed to retrieve Firebase Instance Id
01-07 23:59:55.035 W/System  (27767): A resource failed to call close. 
01-07 23:59:55.062 I/DynamiteModule(25992): Considering local module com.google.android.gms.ads.dynamite:0 and remote module com.google.android.gms.ads.dynamite:254380203
01-07 23:59:55.062 I/DynamiteModule(25992): Selected remote version of com.google.android.gms.ads.dynamite, version >= 254380203
01-07 23:59:55.068 W/FA      (25992): Failed to retrieve Firebase Instance Id
01-07 23:59:55.107 E/ashmem  (26136): readlink(/proc/self/fd/128) failed: Operation not permitted
01-07 23:59:55.110 E/ashmem  (26136): readlink(/proc/self/fd/135) failed: Operation not permitted
01-07 23:59:55.111 E/ashmem  (26136): readlink(/proc/self/fd/138) failed: Operation not permitted
01-07 23:59:55.183 E/ashmem  (26136): readlink(/proc/self/fd/142) failed: Operation not permitted
01-07 23:59:55.184 E/ashmem  (26136): readlink(/proc/self/fd/142) failed: Operation not permitted
01-07 23:59:55.189 E/ashmem  (26136): readlink(/proc/self/fd/142) failed: Operation not permitted
01-07 23:59:55.190 E/ashmem  (26136): readlink(/proc/self/fd/143) failed: Operation not permitted
01-07 23:59:55.190 E/ashmem  (26136): readlink(/proc/self/fd/145) failed: Operation not permitted
01-07 23:59:55.197 E/ashmem  (26136): readlink(/proc/self/fd/144) failed: Operation not permitted
01-07 23:59:55.197 E/ashmem  (26136): readlink(/proc/self/fd/144) failed: Operation not permitted
01-07 23:59:55.245 E/ashmem  (26136): readlink(/proc/self/fd/137) failed: Operation not permitted
01-07 23:59:55.259 D/NATIVE_AD_TRACK(25992): ✅ Native ad loaded from AdMob
01-07 23:59:55.259 D/NATIVE_AD_TRACK(25992):    Headline: Test Ad : Flood-It!
01-07 23:59:55.261 D/NATIVE_AD_TRACK(25992):    Body: Install Flood-It App for free! Free Popular Casual
01-07 23:59:55.261 D/NATIVE_AD_TRACK(25992):    Advertiser: null
01-07 23:59:55.261 D/NATIVE_AD_TRACK(25992): ✅ Ad added to cache pool (1/3)
01-07 23:59:55.261 D/NATIVE_AD_TRACK(25992):    Pending callbacks: 0
01-07 23:59:55.261 D/NativeAdManager(25992): ✅ Native ad loaded successfully (cache: 1/3)
01-07 23:59:55.261 D/NATIVE_AD_TRACK(25992): 📦 Pool not full yet, loading next ad...
01-07 23:59:55.261 D/NativeAdManager(25992): 📦 Pool not full yet, loading next ad...
01-07 23:59:55.261 D/SubscriptionChecker(25992): 📊 Subscription check: false
01-07 23:59:55.261 D/NATIVE_AD_TRACK(25992): 🔄 NativeAdManager.loadNewAd() - Starting ad load (1/3)
01-07 23:59:55.261 D/AdConfig(25992): 🔍 getAdIdByPosition: position=native_ad, isTest=true, BuildConfig.DEBUG=true
01-07 23:59:55.261 D/AdConfig(25992): 🔍 useTestAD()=true
01-07 23:59:55.261 D/AdConfig(25992): ✅ Final ad ID for native_ad: ca-app-pub-3940256099942544/2247696110
01-07 23:59:55.261 D/NATIVE_AD_TRACK(25992):    Ad Unit ID: ca-app-pub-3940256099942544/2247696110
01-07 23:59:55.261 D/NativeAdManager(25992): 🔄 Loading new native ad (1/3)
01-07 23:59:55.261 D/AdConfig(25992): 🔍 getAdIdByPosition: position=native_ad, isTest=true, BuildConfig.DEBUG=true
01-07 23:59:55.261 D/AdConfig(25992): 🔍 useTestAD()=true
01-07 23:59:55.261 D/AdConfig(25992): ✅ Final ad ID for native_ad: ca-app-pub-3940256099942544/2247696110
01-07 23:59:55.266 I/DynamiteModule(25992): Considering local module com.google.android.gms.ads.dynamite:0 and remote module com.google.android.gms.ads.dynamite:254380203
01-07 23:59:55.266 I/DynamiteModule(25992): Selected remote version of com.google.android.gms.ads.dynamite, version >= 254380203
01-07 23:59:55.266 V/DynamiteModule(25992): Dynamite loader version >= 2, using loadModule2NoCrashUtils
01-07 23:59:55.270 I/Ads     (25992): Use RequestConfiguration.Builder().setTestDeviceIds(Arrays.asList("45A1DB8F25D3B98F1011B36F9E0C00E3")) to get test ads on this device.
01-07 23:59:55.287 W/Ads     (25992): Not retrying to fetch app settings
01-07 23:59:55.307 W/SQLiteLog(27767): (28) double-quoted string literal: "1767628795307"
01-07 23:59:55.307 W/SQLiteLog(27767): (28) double-quoted string literal: "1"
01-07 23:59:55.319 I/Ads     (27767): Received log message: <Google:HTML> You are currently using version 254380999.231004000.1 of the SDK, which is out of date. Please consider updating your SDK to the most recent SDK version to get the latest features and bug fixes. The latest SDK can be installed from https://goo.gle/android-install-instructions. More information about the SDK deprecation schedule is available at https://developers.google.com/admob/android/deprecation.
01-07 23:59:55.320 E/ashmem  (26136): readlink(/proc/self/fd/140) failed: Operation not permitted
01-07 23:59:55.324 E/ashmem  (26136): readlink(/proc/self/fd/144) failed: Operation not permitted
01-07 23:59:55.324 E/ashmem  (26136): readlink(/proc/self/fd/146) failed: Operation not permitted
01-07 23:59:55.325 E/ashmem  (26136): readlink(/proc/self/fd/147) failed: Operation not permitted
01-07 23:59:55.325 E/ashmem  (26136): readlink(/proc/self/fd/147) failed: Operation not permitted
01-07 23:59:55.328 I/Ads     (27767): SDK version: afma-sdk-a-v254380999.231004000.1
01-07 23:59:55.329 I/Ads     (27767): HTTP timeout: 60000 milliseconds.
01-07 23:59:55.333 I/DynamiteModule(25992): Considering local module com.google.android.gms.ads.dynamite:0 and remote module com.google.android.gms.ads.dynamite:254380203
01-07 23:59:55.333 I/DynamiteModule(25992): Selected remote version of com.google.android.gms.ads.dynamite, version >= 254380203
01-07 23:59:55.339 D/InterstitialAdManager(25992): ✅ Interstitial ad loaded successfully
01-07 23:59:55.374 I/AiAiEcho( 5755): SmartspaceNotificationPredictor no parser can handle this notification or notification is invalid
01-07 23:59:55.403 D/SsBaseTemplateCard( 4292): No date view can be set up
01-07 23:59:55.403 I/SsBaseTemplateCard( 4292): setFormattedContentDescription: text=Rain and snow, iconDescription=Rain and snow, contentDescription=Rain and snow, Rain and snow
01-07 23:59:55.403 D/SsBaseTemplateCard( 4292): Passed-in item info is null
01-07 23:59:55.403 D/SsBaseTemplateCard( 4292): Passed-in item info is null
01-07 23:59:55.569 W/libbinder.Binder(11893): Binder transaction to android.accounts.IAccountAuthenticator code 3 took 1501ms. Data bytes: 492 Reply bytes: 0 Flags: 17
01-07 23:59:55.583 D/BackgroundInstallControlService( 1861): Package event received: 0
01-07 23:59:55.585 D/BackgroundInstallControlService( 1861): Package event received: 0
01-07 23:59:55.586 D/BackgroundInstallControlService( 1861): Package event received: 0
01-07 23:59:55.587 D/BackgroundInstallControlService( 1861): Package event received: 0
01-07 23:59:55.683 E/gcblocker(11893): too long GC blocking: 5
01-07 23:59:55.683 E/gcblocker(11893): gc block end, 442142714,101
01-07 23:59:55.702 D/TemperatureStateSource( 4481): sequence=44137 actualDelay=10001
01-07 23:59:55.704 D/TemperatureStateSource( 4481): Reading temperature: sequence=44138
01-07 23:59:55.716 I/pixel-thermal( 2215): VIRTUAL-SKIN:32.4055 raw data: VIRTUAL-NEUTRAL-QUIET:31897.9 VIRTUAL-QUIET-DISP:30626.6 VIRTUAL-QUIET-QI:32405.5 VIRTUAL-SKIN:32405.5 VIRTUAL-USB-QUIET:31779.8 disp_therm:32395 neutral_therm:32974 qi_therm:34666 quiet_therm:32151 usb_pwr_therm:32373 
01-07 23:59:55.719 D/TemperatureStateSource( 4481): getDeviceTemperatures: sequence=44138 deviceTemperatureType=3 temperatureSource=0 temperatures=[32.405502]
01-07 23:59:55.719 D/BusinessScope( 4481): Enqueuing the block
01-07 23:59:55.720 D/TemperatureStateSource( 4481): sequence=44138 waitTime=10000
01-07 23:59:55.721 D/BusinessScope( 4481): Start running the #88397 block
01-07 23:59:55.722 D/BusinessScope( 4481): Enqueuing the block
01-07 23:59:55.723 D/ImpulseStateSource( 4481): Notify clients: 44195
01-07 23:59:55.723 D/BusinessScope( 4481): Finish running the #88397 block
01-07 23:59:55.723 D/BusinessScope( 4481): Start running the #88398 block
01-07 23:59:55.723 D/BusinessScope( 4481): Finish running the #88398 block
01-07 23:59:56.053 W/FA      (25992): Failed to retrieve Firebase Instance Id
01-07 23:59:56.125 D/PERFORMANCE(25992): → [DELAY-5s] Full WebView initialization...
01-07 23:59:56.126 D/PERFORMANCE(25992): → [DELAY-5s] Retrying pending feedbacks...
01-07 23:59:56.131 W/PERFORMANCE(25992): ⚠️ [DELAY-5s] Full WebView init failed (non-fatal)
01-07 23:59:56.131 W/PERFORMANCE(25992): java.lang.RuntimeException: WebView cannot be initialized on a thread that has no Looper.
01-07 23:59:56.131 W/PERFORMANCE(25992): 	at android.webkit.WebView.<init>(WebView.java:439)
01-07 23:59:56.131 W/PERFORMANCE(25992): 	at android.webkit.WebView.<init>(WebView.java:367)
01-07 23:59:56.131 W/PERFORMANCE(25992): 	at android.webkit.WebView.<init>(WebView.java:349)
01-07 23:59:56.131 W/PERFORMANCE(25992): 	at android.webkit.WebView.<init>(WebView.java:336)
01-07 23:59:56.131 W/PERFORMANCE(25992): 	at android.webkit.WebView.<init>(WebView.java:326)
01-07 23:59:56.131 W/PERFORMANCE(25992): 	at com.quran.quranaudio.online.App.lambda$initFullWebViewDelayed$6(App.java:574)
01-07 23:59:56.131 W/PERFORMANCE(25992): 	at com.quran.quranaudio.online.App.$r8$lambda$HT15TlBPH4X707-AiNn55uxi62U(Unknown Source:0)
01-07 23:59:56.131 W/PERFORMANCE(25992): 	at com.quran.quranaudio.online.App$$ExternalSyntheticLambda9.run(D8$$SyntheticClass:0)
01-07 23:59:56.131 W/PERFORMANCE(25992): 	at java.util.concurrent.ThreadPoolExecutor.runWorker(ThreadPoolExecutor.java:1154)
01-07 23:59:56.131 W/PERFORMANCE(25992): 	at java.util.concurrent.ThreadPoolExecutor$Worker.run(ThreadPoolExecutor.java:652)
01-07 23:59:56.131 W/PERFORMANCE(25992): 	at java.lang.Thread.run(Thread.java:1563)
01-07 23:59:56.159 D/PERFORMANCE(25992): ✅ [DELAY-5s] Pending feedbacks retry initiated
01-07 23:59:56.163 D/FeedbackManager(25992): ℹ️ No pending feedbacks in cache
01-07 23:59:56.177 I/DynamiteModule(25992): Considering local module com.google.android.gms.ads.dynamite:0 and remote module com.google.android.gms.ads.dynamite:254380203
01-07 23:59:56.177 I/DynamiteModule(25992): Selected remote version of com.google.android.gms.ads.dynamite, version >= 254380203
01-07 23:59:56.218 E/ashmem  (26136): readlink(/proc/self/fd/141) failed: Operation not permitted
01-07 23:59:56.224 E/ashmem  (26136): readlink(/proc/self/fd/147) failed: Operation not permitted
01-07 23:59:56.224 E/ashmem  (26136): readlink(/proc/self/fd/149) failed: Operation not permitted
01-07 23:59:56.248 E/ashmem  (26136): readlink(/proc/self/fd/150) failed: Operation not permitted
01-07 23:59:56.248 E/ashmem  (26136): readlink(/proc/self/fd/150) failed: Operation not permitted
01-07 23:59:56.320 D/NATIVE_AD_TRACK(25992): ✅ Native ad loaded from AdMob
01-07 23:59:56.320 D/NATIVE_AD_TRACK(25992):    Headline: Test Ad : Google Ads
01-07 23:59:56.320 D/NATIVE_AD_TRACK(25992):    Body: Stay up to date with your Ads Check how your ads a
01-07 23:59:56.320 D/NATIVE_AD_TRACK(25992):    Advertiser: null
01-07 23:59:56.320 D/NATIVE_AD_TRACK(25992): ✅ Ad added to cache pool (2/3)
01-07 23:59:56.320 D/NATIVE_AD_TRACK(25992):    Pending callbacks: 0
01-07 23:59:56.320 D/NativeAdManager(25992): ✅ Native ad loaded successfully (cache: 2/3)
01-07 23:59:56.320 D/NATIVE_AD_TRACK(25992): 📦 Pool not full yet, loading next ad...
01-07 23:59:56.320 D/NativeAdManager(25992): 📦 Pool not full yet, loading next ad...
01-07 23:59:56.320 D/SubscriptionChecker(25992): 📊 Subscription check: false
01-07 23:59:56.320 D/NATIVE_AD_TRACK(25992): 🔄 NativeAdManager.loadNewAd() - Starting ad load (2/3)
01-07 23:59:56.320 D/AdConfig(25992): 🔍 getAdIdByPosition: position=native_ad, isTest=true, BuildConfig.DEBUG=true
01-07 23:59:56.320 D/AdConfig(25992): 🔍 useTestAD()=true
01-07 23:59:56.320 D/AdConfig(25992): ✅ Final ad ID for native_ad: ca-app-pub-3940256099942544/2247696110
01-07 23:59:56.320 D/NATIVE_AD_TRACK(25992):    Ad Unit ID: ca-app-pub-3940256099942544/2247696110
01-07 23:59:56.320 D/NativeAdManager(25992): 🔄 Loading new native ad (2/3)
01-07 23:59:56.320 D/AdConfig(25992): 🔍 getAdIdByPosition: position=native_ad, isTest=true, BuildConfig.DEBUG=true
01-07 23:59:56.320 D/AdConfig(25992): 🔍 useTestAD()=true
01-07 23:59:56.320 D/AdConfig(25992): ✅ Final ad ID for native_ad: ca-app-pub-3940256099942544/2247696110
01-07 23:59:56.326 I/DynamiteModule(25992): Considering local module com.google.android.gms.ads.dynamite:0 and remote module com.google.android.gms.ads.dynamite:254380203
01-07 23:59:56.326 I/DynamiteModule(25992): Selected remote version of com.google.android.gms.ads.dynamite, version >= 254380203
01-07 23:59:56.326 V/DynamiteModule(25992): Dynamite loader version >= 2, using loadModule2NoCrashUtils
01-07 23:59:56.331 I/Ads     (25992): Use RequestConfiguration.Builder().setTestDeviceIds(Arrays.asList("45A1DB8F25D3B98F1011B36F9E0C00E3")) to get test ads on this device.
01-07 23:59:56.370 W/Ads     (25992): Not retrying to fetch app settings
01-07 23:59:56.395 E/ashmem  (26136): readlink(/proc/self/fd/150) failed: Operation not permitted
01-07 23:59:56.397 E/ashmem  (26136): readlink(/proc/self/fd/151) failed: Operation not permitted
01-07 23:59:56.397 I/AiAiEcho( 5755): SmartspaceNotificationPredictor no parser can handle this notification or notification is invalid
01-07 23:59:56.397 E/ashmem  (26136): readlink(/proc/self/fd/152) failed: Operation not permitted
01-07 23:59:56.407 E/ashmem  (26136): readlink(/proc/self/fd/154) failed: Operation not permitted
01-07 23:59:56.407 E/ashmem  (26136): readlink(/proc/self/fd/154) failed: Operation not permitted
01-07 23:59:56.408 W/SQLiteLog(27767): (28) double-quoted string literal: "1767628796407"
01-07 23:59:56.408 W/SQLiteLog(27767): (28) double-quoted string literal: "1"
01-07 23:59:56.422 D/SsBaseTemplateCard( 4292): No date view can be set up
01-07 23:59:56.422 I/SsBaseTemplateCard( 4292): setFormattedContentDescription: text=Rain and snow, iconDescription=Rain and snow, contentDescription=Rain and snow, Rain and snow
01-07 23:59:56.422 D/SsBaseTemplateCard( 4292): Passed-in item info is null
01-07 23:59:56.422 D/SsBaseTemplateCard( 4292): Passed-in item info is null
01-07 23:59:56.430 I/Ads     (27767): SDK version: afma-sdk-a-v254380999.231004000.1
01-07 23:59:56.430 I/Ads     (27767): HTTP timeout: 60000 milliseconds.
01-07 23:59:56.524 D/ActivityManager( 1861): freezing 27049 com.google.android.apps.turbo
01-07 23:59:56.527 D/ActivityManager( 1861): freezing 15740 com.cleanplanner
01-07 23:59:56.531 D/ActivityManager( 1861): freezing 14643 com.google.android.googlequicksearchbox:search
01-07 23:59:56.534 D/InetDiagMessage( 1861): Destroyed 0 sockets, proto=IPPROTO_TCP, family=AF_INET, states=14
01-07 23:59:56.535 D/InetDiagMessage( 1861): Destroyed 0 sockets, proto=IPPROTO_TCP, family=AF_INET6, states=14
01-07 23:59:56.535 D/InetDiagMessage( 1861): Destroyed live tcp sockets for uids={10127} in 4ms
01-07 23:59:56.538 D/InetDiagMessage( 1861): Destroyed 0 sockets, proto=IPPROTO_TCP, family=AF_INET, states=14
01-07 23:59:56.540 D/InetDiagMessage( 1861): Destroyed 0 sockets, proto=IPPROTO_TCP, family=AF_INET6, states=14
01-07 23:59:56.541 D/InetDiagMessage( 1861): Destroyed live tcp sockets for uids={10355} in 5ms
01-07 23:59:56.723 D/BoundBrokerSvc(11566): onUnbind: Intent { act=com.google.android.gms.common.telemetry.service.START dat=chimera-action:/... xflg=0x4 cmp=com.google.android.gms/.chimera.PersistentApiService }
01-07 23:59:56.780 D/HbmSvManager( 4497): Ambient sensor :  TMD3719 Ambient Light update Lux : 21.89951
01-07 23:59:56.796 D/ActivityManager( 1861): freezing 10944 com.brave.browser
01-07 23:59:56.798 D/ActivityManager( 1861): freezing 14231 com.officeapp.pdf.readerapp
01-07 23:59:56.800 D/ActivityManager( 1861): freezing 14422 com.google.android.webview:sandboxed_process0:org.chromium.content.app.SandboxedProcessService0:0
01-07 23:59:56.801 D/ActivityManager( 1861): freezing 11793 com.brave.browser:privileged_process0
01-07 23:59:56.802 D/ActivityManager( 1861): freezing 12177 com.brave.browser:sandboxed_process0:org.chromium.content.app.SandboxedProcessService0:0
01-07 23:59:56.804 D/InetDiagMessage( 1861): Destroyed 0 sockets, proto=IPPROTO_TCP, family=AF_INET, states=14
01-07 23:59:56.804 D/InetDiagMessage( 1861): Destroyed 0 sockets, proto=IPPROTO_TCP, family=AF_INET6, states=14
01-07 23:59:56.804 D/InetDiagMessage( 1861): Destroyed live tcp sockets for uids={10361} in 1ms
01-07 23:59:56.805 D/InetDiagMessage( 1861): Destroyed 0 sockets, proto=IPPROTO_TCP, family=AF_INET, states=14
01-07 23:59:56.806 D/InetDiagMessage( 1861): Destroyed 0 sockets, proto=IPPROTO_TCP, family=AF_INET6, states=14
01-07 23:59:56.806 D/InetDiagMessage( 1861): Destroyed live tcp sockets for uids={99731} in 2ms
01-07 23:59:56.806 D/InetDiagMessage( 1861): Destroyed 0 sockets, proto=IPPROTO_TCP, family=AF_INET, states=14
01-07 23:59:56.807 D/InetDiagMessage( 1861): Destroyed 0 sockets, proto=IPPROTO_TCP, family=AF_INET6, states=14
01-07 23:59:56.807 D/InetDiagMessage( 1861): Destroyed live tcp sockets for uids={10321} in 1ms
01-07 23:59:56.807 D/InetDiagMessage( 1861): Destroyed 0 sockets, proto=IPPROTO_TCP, family=AF_INET, states=14
01-07 23:59:56.808 D/InetDiagMessage( 1861): Destroyed 0 sockets, proto=IPPROTO_TCP, family=AF_INET6, states=14
01-07 23:59:56.808 D/InetDiagMessage( 1861): Destroyed live tcp sockets for uids={90000} in 0ms
01-07 23:59:56.891 D/ActivityManager( 1861): sync unfroze 2174 com.tencent.mm for 3
01-07 23:59:56.894 D/ActivityManager( 1861): sync unfroze 10825 com.tencent.mm:push for 3
01-07 23:59:56.895 D/ActivityManager( 1861): sync unfroze 24036 com.google.android.webview:sandboxed_process0:org.chromium.content.app.SandboxedProcessService0:0 for 3
01-07 23:59:56.927 I/WifiHAL ( 1415): Creating message to get link statistics; iface = 47
01-07 23:59:56.927 I/bthal.activitywatcher( 1341): getStateResidency: ActivityStat{0 : totalTimeMs 292476404 totalEntryCount 2002858 lastEntryMs 4352974}
01-07 23:59:56.927 I/bthal.activitywatcher( 1341): getStateResidency: ActivityStat{1 : totalTimeMs 63327140 totalEntryCount 2005465 lastEntryMs 4353095}
01-07 23:59:56.927 I/bthal.activitywatcher( 1341): getStateResidency: ActivityStat{2 : totalTimeMs 12732774 totalEntryCount 8992160 lastEntryMs 4353102}
01-07 23:59:56.927 I/bthal.activitywatcher( 1341): getStateResidency: ActivityStat{3 : totalTimeMs 12545835 totalEntryCount 14785927 lastEntryMs 4353103}
01-07 23:59:56.938 I/bthal.activitywatcher( 1341): send_hci_activities_vsc: Sent VSC <[4]{89, 253, 1, 1}>
01-07 23:59:56.939 I/bthal.activitywatcher( 1341): filter_hci_activities_vse: Filtered <[103]{14, 101, 1, 89, 253, 0, 1, 239, 1, 0, 0, 142, 176, 0, 0, 206, 243, 18, 0, 0, 0, 0, 0, 217, 243, 18, 0, 0, 0, 0, 0, 240, 1, 0, 0, 30, 54, 0, 0, 217, 243, 18, 0, 0, 0, 0, 0, 206, 243, 18, 0, 0, 0, 0, 0, 121, 7, 0, 0, 125, 14, 0, 0, 204, 243, 18, 0, 0, 0, 0, 0, 205, 243, 18, 0, 0, 0, 0, 0, 31, 8, 0, 0, 5, 9, 0, 0, 205, 243, 18, 0, 0, 0, 0, 0, 205, 243, 18, 0, 0, 0, 0, 0}>
01-07 23:59:56.939 I/bthal.flowcontrol( 1341): HciEventPreProcess: HCI Event 0xe Opcode 0xfd59 Length 103 handled by ControllerActivityWatcher
01-07 23:59:56.938 W/android.hardware.power.stats-service.pixel( 1368): getStateResidency latency for Bluetooth exceeded time allowed: 11806us
01-07 23:59:56.942 D/AOC     ( 1585): A3:MSG: controller.cc, 275: CNTRL: cmd ID: 0x000a, tag: 0x0e [cntr = 80280]
01-07 23:59:56.942 D/AOC     ( 1585): A3:MSG: controller.cc, 910: CNTRL: ipc: control, cmd ID: 0x000a, tag: 0x0e, rc: 0
01-07 23:59:56.944 D/AOC     ( 1585): A3:MSG: controller.cc, 275: CNTRL: cmd ID: 0x000a, tag: 0x0f [cntr = 80281]
01-07 23:59:56.944 D/AOC     ( 1585): A3:MSG: controller.cc, 910: CNTRL: ipc: control, cmd ID: 0x000a, tag: 0x0f, rc: 0
01-07 23:59:56.946 D/AOC     ( 1585): A3:MSG: controller.cc, 275: CNTRL: cmd ID: 0x000a, tag: 0x10 [cntr = 80282]
01-07 23:59:56.948 D/AOC     ( 1585): A3:MSG: controller.cc, 910: CNTRL: ipc: control, cmd ID: 0x000a, tag: 0x10, rc: 0
01-07 23:59:56.949 D/AOC     ( 1585): A3:MSG: controller.cc, 275: CNTRL: cmd ID: 0x000a, tag: 0x11 [cntr = 80283]
01-07 23:59:56.949 D/AOC     ( 1585): A3:MSG: controller.cc, 910: CNTRL: ipc: control, cmd ID: 0x000a, tag: 0x11, rc: 0
01-07 23:59:56.950 D/AOC     ( 1585): A3:MSG: controller.cc, 275: CNTRL: cmd ID: 0x000a, tag: 0x12 [cntr = 80284]
01-07 23:59:56.950 D/AOC     ( 1585): A3:MSG: controller.cc, 910: CNTRL: ipc: control, cmd ID: 0x000a, tag: 0x12, rc: 0
01-07 23:59:56.951 D/AOC     ( 1585): A3:MSG: controller.cc, 275: CNTRL: cmd ID: 0x000a, tag: 0x13 [cntr = 80285]
01-07 23:59:56.952 D/AOC     ( 1585): A3:MSG: controller.cc, 910: CNTRL: ipc: control, cmd ID: 0x000a, tag: 0x13, rc: 0
01-07 23:59:56.953 D/AOC     ( 1585): A3:MSG: controller.cc, 275: CNTRL: cmd ID: 0x000a, tag: 0x14 [cntr = 80286]
01-07 23:59:56.953 D/AOC     ( 1585): A3:MSG: controller.cc, 910: CNTRL: ipc: control, cmd ID: 0x000a, tag: 0x14, rc: 0
01-07 23:59:56.954 D/AOC     ( 1585): A3:MSG: controller.cc, 275: CNTRL: cmd ID: 0x000a, tag: 0x15 [cntr = 80287]
01-07 23:59:56.954 D/AOC     ( 1585): A3:MSG: controller.cc, 910: CNTRL: ipc: control, cmd ID: 0x000a, tag: 0x15, rc: 0
01-07 23:59:56.955 D/AOC     ( 1585): A3:MSG: controller.cc, 275: CNTRL: cmd ID: 0x000a, tag: 0x16 [cntr = 80288]
01-07 23:59:56.955 D/AOC     ( 1585): A3:MSG: controller.cc, 910: CNTRL: ipc: control, cmd ID: 0x000a, tag: 0x16, rc: 0
01-07 23:59:56.956 D/AOC     ( 1585): A3:MSG: controller.cc, 275: CNTRL: cmd ID: 0x000a, tag: 0x17 [cntr = 80289]
01-07 23:59:56.956 D/AOC     ( 1585): A3:MSG: controller.cc, 910: CNTRL: ipc: control, cmd ID: 0x000a, tag: 0x17, rc: 0
01-07 23:59:56.958 D/AOC     ( 1585): A3:MSG: controller.cc, 275: CNTRL: cmd ID: 0x000a, tag: 0x18 [cntr = 80290]
01-07 23:59:56.958 D/AOC     ( 1585): A3:MSG: controller.cc, 910: CNTRL: ipc: control, cmd ID: 0x000a, tag: 0x18, rc: 0
01-07 23:59:56.959 D/AOC     ( 1585): A3:MSG: controller.cc, 275: CNTRL: cmd ID: 0x000a, tag: 0x19 [cntr = 80291]
01-07 23:59:56.959 D/AOC     ( 1585): A3:MSG: controller.cc, 910: CNTRL: ipc: control, cmd ID: 0x000a, tag: 0x19, rc: 0
01-07 23:59:56.960 D/AOC     ( 1585): A3:MSG: controller.cc, 275: CNTRL: cmd ID: 0x000a, tag: 0x1a [cntr = 80292]
01-07 23:59:56.961 D/AOC     ( 1585): A3:MSG: controller.cc, 910: CNTRL: ipc: control, cmd ID: 0x000a, tag: 0x1a, rc: 0
01-07 23:59:56.963 D/AOC     ( 1585): A3:MSG: controller.cc, 275: CNTRL: cmd ID: 0x000a, tag: 0x1b [cntr = 80293]
01-07 23:59:56.963 D/AOC     ( 1585): A3:MSG: controller.cc, 910: CNTRL: ipc: control, cmd ID: 0x000a, tag: 0x1b, rc: 0
01-07 23:59:56.963 D/AOC     ( 1585): A3:MSG: controller.cc, 275: CNTRL: cmd ID: 0x000a, tag: 0x1c [cntr = 80294]
01-07 23:59:56.963 D/AOC     ( 1585): A3:MSG: controller.cc, 910: CNTRL: ipc: control, cmd ID: 0x000a, tag: 0x1c, rc: 0
01-07 23:59:56.964 D/AOC     ( 1585): A3:MSG: controller.cc, 275: CNTRL: cmd ID: 0x000a, tag: 0x1d [cntr = 80295]
01-07 23:59:56.965 D/AOC     ( 1585): A3:MSG: controller.cc, 910: CNTRL: ipc: control, cmd ID: 0x000a, tag: 0x1d, rc: 0
01-07 23:59:56.966 D/AOC     ( 1585): A3:MSG: controller.cc, 275: CNTRL: cmd ID: 0x000a, tag: 0x1e [cntr = 80296]
01-07 23:59:56.966 D/AOC     ( 1585): A3:MSG: controller.cc, 910: CNTRL: ipc: control, cmd ID: 0x000a, tag: 0x1e, rc: 0
01-07 23:59:56.986 D/ActivityManager( 1861): freezing 25551 com.google.android.dialer
01-07 23:59:56.989 D/ActivityManager( 1861): freezing 25616 com.google.android.projection.gearhead:provider
01-07 23:59:56.991 D/InetDiagMessage( 1861): Destroyed 0 sockets, proto=IPPROTO_TCP, family=AF_INET, states=14
01-07 23:59:56.993 D/InetDiagMessage( 1861): Destroyed 0 sockets, proto=IPPROTO_TCP, family=AF_INET6, states=14
01-07 23:59:56.993 D/InetDiagMessage( 1861): Destroyed live tcp sockets for uids={10170} in 3ms
01-07 23:59:56.997 D/InetDiagMessage( 1861): Destroyed 0 sockets, proto=IPPROTO_TCP, family=AF_INET, states=14
01-07 23:59:57.004 D/GRIL-PowerStats( 4510): getModemEnergyData: task started
01-07 23:59:57.005 D/InetDiagMessage( 1861): Destroyed 0 sockets, proto=IPPROTO_TCP, family=AF_INET6, states=14
01-07 23:59:57.006 D/InetDiagMessage( 1861): Destroyed live tcp sockets for uids={10137} in 10ms
01-07 23:59:57.006 D/GRIL-PowerStats( 4510): getModemEnergyData: got 24 channels
01-07 23:59:57.028 D/GRIL-PowerStats( 4510): getModemEnergyData: got 24 measurements
01-07 23:59:57.028 D/GRIL-PowerStats( 4510): getModemEnergyData: task completed successfully
01-07 23:59:57.032 D/GRIL-S  ( 4510): [7617]> GET_STATS_ATOM_DATA, atomId: 2, keepData: false
01-07 23:59:57.049 D/ConnectivityService( 1861): Returning UNBLOCKED NetworkInfo to uid=10299
01-07 23:59:57.083 D/TelephonyManager( 1861): requestModemActivityInfo: Sending result to app: ModemActivityInfo{ mTimestamp=794923080 mSleepTimeMs=740431016 mIdleTimeMs=11382089 mActivityStatsTechSpecificInfo=[{mRat=GERAN,mFrequencyRange=UNKNOWN,mTxTimeMs[]=[0, 0, 0, 0, 0],mRxTimeMs=325}, {mRat=UTRAN,mFrequencyRange=UNKNOWN,mTxTimeMs[]=[0, 0, 0, 0, 0],mRxTimeMs=44548}, {mRat=EUTRAN,mFrequencyRange=UNKNOWN,mTxTimeMs[]=[373753, 45102, 43655, 19906, 16913],mRxTimeMs=43031751}, {mRat=NGRAN,mFrequencyRange=HIGH,mTxTimeMs[]=[0, 0, 0, 0, 0],mRxTimeMs=0}, {mRat=NGRAN,mFrequencyRange=MMWAVE,mTxTimeMs[]=[0, 0, 0, 0, 0],mRxTimeMs=0}, {mRat=UNKNOWN,mFrequencyRange=UNKNOWN,mTxTimeMs[]=[0, 0, 0, 0, 0],mRxTimeMs=0}]}
01-07 23:59:57.086 D/GRIL-S  ( 4510): [7617]< GET_STATS_ATOM_DATA 
01-07 23:59:57.095 W/libbinder.Binder(11893): Binder transaction to android.accounts.IAccountAuthenticator code 3 took 1500ms. Data bytes: 492 Reply bytes: 0 Flags: 17
01-07 23:59:57.096 I/pixel-thermal( 2215): VIRTUAL-SKIN-CPU:32.4055 raw data: VIRTUAL-SKIN:32405.5 VIRTUAL-SKIN-CPU:32405.5 
01-07 23:59:57.097 I/pixel-thermal( 2215): quiet_therm:32.151 raw data: quiet_therm:32151 
01-07 23:59:57.097 I/pixel-thermal( 2215): VIRTUAL-SKIN:32.4055 raw data: VIRTUAL-SKIN:32405.5 
01-07 23:59:57.097 I/pixel-thermal( 2215): VIRTUAL-SKIN-CHARGE:32.4122 raw data: VIRTUAL-SKIN-CHARGE:32412.2 qi_therm:34666 quiet_therm:32151 
01-07 23:59:57.097 I/pixel-thermal( 2215): VIRTUAL-SKIN-HINT:32.4055 raw data: VIRTUAL-SKIN:32405.5 VIRTUAL-SKIN-HINT:32405.5 
01-07 23:59:57.097 I/pixel-thermal( 2215): VIRTUAL-SKIN-CPU-GPU:32.4055 raw data: VIRTUAL-SKIN:32405.5 VIRTUAL-SKIN-CPU-GPU:32405.5 
01-07 23:59:57.097 I/pixel-thermal( 2215): cellular-emergency:32.4055 raw data: VIRTUAL-SKIN:32405.5 cellular-emergency:32405.5 
01-07 23:59:57.106 D/BackgroundInstallControlService( 1861): Package event received: 0
01-07 23:59:57.107 W/m.android.phone( 4644): Reducing the number of considered missed Gc histogram windows from 127 to 100
01-07 23:59:57.110 D/BackgroundInstallControlService( 1861): Package event received: 0
01-07 23:59:57.110 D/BackgroundInstallControlService( 1861): Package event received: 0
01-07 23:59:57.110 D/BackgroundInstallControlService( 1861): Package event received: 0
01-07 23:59:57.154 D/ActivityManager( 1861): freezing 15454 com.google.android.apps.fitness
01-07 23:59:57.157 D/InetDiagMessage( 1861): Destroyed 0 sockets, proto=IPPROTO_TCP, family=AF_INET, states=14
01-07 23:59:57.158 W/System  ( 4510): A resource failed to call close. 
01-07 23:59:57.158 D/InetDiagMessage( 1861): Destroyed 0 sockets, proto=IPPROTO_TCP, family=AF_INET6, states=14
01-07 23:59:57.158 D/InetDiagMessage( 1861): Destroyed live tcp sockets for uids={10290} in 2ms
01-07 23:59:57.163 I/SconeRelayMetricsContro( 5213): isRegularStatsdLoggingEnabled: false
01-07 23:59:57.175 W/FA      (25992): Failed to retrieve Firebase Instance Id
01-07 23:59:57.196 E/gcblocker(11893): too long GC blocking: 5
01-07 23:59:57.197 E/gcblocker(11893): gc block end, 442144228,101
01-07 23:59:57.202 W/libc    (10825): Access denied finding property "net.dns1"
01-07 23:59:57.202 W/libc    (10825): Access denied finding property "net.dns2"
01-07 23:59:57.228 I/DynamiteModule(25992): Considering local module com.google.android.gms.ads.dynamite:0 and remote module com.google.android.gms.ads.dynamite:254380203
01-07 23:59:57.228 I/DynamiteModule(25992): Selected remote version of com.google.android.gms.ads.dynamite, version >= 254380203
01-07 23:59:57.232 W/System.err( 2174): enter getSecurityCode
01-07 23:59:57.232 W/System.err( 2174): apkFile filename:base.apk
01-07 23:59:57.233 W/System.err( 2174): readComment:length bytes data = 0,0,
01-07 23:59:57.233 W/System.err( 2174): null == readComment
01-07 23:59:57.233 W/System.err( 2174): exit
01-07 23:59:57.233 W/System.err( 2174): exit getSecurityCode
01-07 23:59:57.273 E/ashmem  (26136): readlink(/proc/self/fd/153) failed: Operation not permitted
01-07 23:59:57.276 E/ashmem  (26136): readlink(/proc/self/fd/154) failed: Operation not permitted
01-07 23:59:57.277 E/ashmem  (26136): readlink(/proc/self/fd/155) failed: Operation not permitted
01-07 23:59:57.284 W/binder:2174_F( 2174): type=1400 audit(0.0:78217): avc:  denied  { read } for  name="devices" dev="proc" ino=4026532059 scontext=u:r:untrusted_app:s0:c43,c257,c512,c768 tcontext=u:object_r:proc:s0 tclass=file permissive=0 app=com.tencent.mm
01-07 23:59:57.284 W/binder:2174_F( 2174): type=1400 audit(0.0:78218): avc:  denied  { read } for  name="interrupts" dev="proc" ino=4026532000 scontext=u:r:untrusted_app:s0:c43,c257,c512,c768 tcontext=u:object_r:proc_interrupts:s0 tclass=file permissive=0 app=com.tencent.mm
01-07 23:59:57.284 W/binder:2174_F( 2174): type=1400 audit(0.0:78219): avc:  denied  { read } for  name="diskstats" dev="proc" ino=4026532056 scontext=u:r:untrusted_app:s0:c43,c257,c512,c768 tcontext=u:object_r:proc_diskstats:s0 tclass=file permissive=0 app=com.tencent.mm
01-07 23:59:57.284 W/binder:2174_F( 2174): type=1400 audit(0.0:78220): avc:  denied  { read } for  name="filesystems" dev="proc" ino=4026532050 scontext=u:r:untrusted_app:s0:c43,c257,c512,c768 tcontext=u:object_r:proc_filesystems:s0 tclass=file permissive=0 app=com.tencent.mm
01-07 23:59:57.298 E/ashmem  (26136): readlink(/proc/self/fd/157) failed: Operation not permitted
01-07 23:59:57.298 E/ashmem  (26136): readlink(/proc/self/fd/157) failed: Operation not permitted
01-07 23:59:57.316 W/Bundle  ( 2174): Key com.tencent.mm.BuildInfo.CLIENT_VERSION expected Integer but value was a java.lang.String.  The default value 0 was returned.
01-07 23:59:57.317 W/Bundle  ( 2174): Attempt to cast generated internal exception:
01-07 23:59:57.317 W/Bundle  ( 2174): java.lang.ClassCastException: java.lang.String cannot be cast to java.lang.Integer
01-07 23:59:57.317 W/Bundle  ( 2174): 	at android.os.BaseBundle.getInt(BaseBundle.java:1341)
01-07 23:59:57.317 W/Bundle  ( 2174): 	at android.os.BaseBundle.getInt(BaseBundle.java:1323)
01-07 23:59:57.317 W/Bundle  ( 2174): 	at com.tencent.mm.normsg.c$p.aa(Native Method)
01-07 23:59:57.317 W/Bundle  ( 2174): 	at com.tencent.mm.normsg.j.f(Unknown Source:0)
01-07 23:59:57.317 W/Bundle  ( 2174): 	at com.tencent.mm.plugin.normsg.u.t5(Unknown Source:11)
01-07 23:59:57.317 W/Bundle  ( 2174): 	at bg3.r.h(Unknown Source:9)
01-07 23:59:57.317 W/Bundle  ( 2174): 	at xv4.eg.toProtoBuf(Unknown Source:195)
01-07 23:59:57.317 W/Bundle  ( 2174): 	at com.tencent.mm.modelbase.u2.n2(Unknown Source:66)
01-07 23:59:57.317 W/Bundle  ( 2174): 	at com.tencent.mm.modelbase.y2.A8(Unknown Source:97)
01-07 23:59:57.317 W/Bundle  ( 2174): 	at com.tencent.mm.network.w0.onTransact(Unknown Source:244)
01-07 23:59:57.317 W/Bundle  ( 2174): 	at android.os.Binder.execTransactInternal(Binder.java:1473)
01-07 23:59:57.317 W/Bundle  ( 2174): 	at android.os.Binder.execTransact(Binder.java:1418)
01-07 23:59:57.324 E/ashmem  (26136): readlink(/proc/self/fd/156) failed: Operation not permitted
01-07 23:59:57.332 W/binder:2174_F( 2174): type=1400 audit(0.0:78221): avc:  denied  { search } for  name="android_usb" dev="sysfs" ino=40738 scontext=u:r:untrusted_app:s0:c43,c257,c512,c768 tcontext=u:object_r:sysfs_android_usb:s0 tclass=dir permissive=0 app=com.tencent.mm
01-07 23:59:57.360 D/NATIVE_AD_TRACK(25992): ✅ Native ad loaded from AdMob
01-07 23:59:57.360 D/NATIVE_AD_TRACK(25992):    Headline: Test Ad : Flood-It!
01-07 23:59:57.360 D/NATIVE_AD_TRACK(25992):    Body: Install Flood-It App for free! Free Popular Casual
01-07 23:59:57.360 D/NATIVE_AD_TRACK(25992):    Advertiser: null
01-07 23:59:57.360 D/NATIVE_AD_TRACK(25992): ✅ Ad added to cache pool (3/3)
01-07 23:59:57.360 D/NATIVE_AD_TRACK(25992):    Pending callbacks: 0
01-07 23:59:57.360 D/NativeAdManager(25992): ✅ Native ad loaded successfully (cache: 3/3)
01-07 23:59:57.360 D/NATIVE_AD_TRACK(25992): 🎉 Cache pool full (3/3)
01-07 23:59:57.360 D/NativeAdManager(25992): 🎉 Cache pool full (3/3)
01-07 23:59:57.398 I/AiAiEcho( 5755): SmartspaceNotificationPredictor no parser can handle this notification or notification is invalid
01-07 23:59:57.414 D/SsBaseTemplateCard( 4292): No date view can be set up
01-07 23:59:57.415 I/SsBaseTemplateCard( 4292): setFormattedContentDescription: text=Rain and snow, iconDescription=Rain and snow, contentDescription=Rain and snow, Rain and snow
01-07 23:59:57.415 D/SsBaseTemplateCard( 4292): Passed-in item info is null
01-07 23:59:57.415 D/SsBaseTemplateCard( 4292): Passed-in item info is null
01-07 23:59:57.500 D/BoundBrokerSvc(27767): onUnbind: Intent { act=com.google.android.gms.ads.service.START xflg=0x4 pkg=com.google.android.gms }
01-07 23:59:57.569 I/WifiHAL ( 1415): Creating message to get link statistics; iface = 47
01-07 23:59:57.655 D/ConnectivityService( 1861): NetReassign [no changes] [c 3] [a 1] [i 5]
01-07 23:59:57.791 W/libc    ( 2174): Access denied finding property "ro.bootimage.build.fingerprint"
01-07 23:59:57.791 W/libc    ( 2174): Access denied finding property "ro.secure"
01-07 23:59:57.792 W/libc    ( 2174): Access denied finding property "ro.debuggable"
01-07 23:59:58.227 D/NATIVE_AD_TRACK(25992): ✅ Cache pool is full (3/3), skipping load
01-07 23:59:58.228 D/NativeAdManager(25992): ✅ Cache pool is full (3/3), skipping load
01-07 23:59:58.338 W/orbu.utils(11893): orbu proceed: 102, dfidHex: 0x28000102
01-07 23:59:58.338 W/orbu.utils(11893): enableNetworkHardBlock: 0, isTargetRuleGroup: 0
01-07 23:59:58.436 I/AiAiEcho( 5755): SmartspaceNotificationPredictor no parser can handle this notification or notification is invalid
01-07 23:59:58.466 D/SsBaseTemplateCard( 4292): No date view can be set up
01-07 23:59:58.467 I/SsBaseTemplateCard( 4292): setFormattedContentDescription: text=Rain and snow, iconDescription=Rain and snow, contentDescription=Rain and snow, Rain and snow
01-07 23:59:58.467 D/SsBaseTemplateCard( 4292): Passed-in item info is null
01-07 23:59:58.468 D/SsBaseTemplateCard( 4292): Passed-in item info is null
01-07 23:59:58.558 D/BoundBrokerSvc(11566): onRebind: Intent { act=com.google.android.gms.libs.gmscorelogger.service.START dat=chimera-action:/... xflg=0x4 cmp=com.google.android.gms/.chimera.PersistentDirectBootAwareApiService }
01-07 23:59:58.616 W/libbinder.Binder(11893): Binder transaction to android.accounts.IAccountAuthenticator code 3 took 1500ms. Data bytes: 492 Reply bytes: 0 Flags: 17
01-07 23:59:58.625 D/BackgroundInstallControlService( 1861): Package event received: 0
01-07 23:59:58.626 D/BackgroundInstallControlService( 1861): Package event received: 0
01-07 23:59:58.626 D/BackgroundInstallControlService( 1861): Package event received: 0
01-07 23:59:58.626 D/BackgroundInstallControlService( 1861): Package event received: 0
01-07 23:59:58.724 E/gcblocker(11893): too long GC blocking: 5
01-07 23:59:58.724 E/gcblocker(11893): gc block end, 442145756,100
01-07 23:59:58.757 I/:error_activity(25992): Background young concurrent mark compact GC freed 12MB AllocSpace bytes, 200(12MB) LOS objects, 68% free, 11MB/37MB, paused 763us,1.948ms total 170.575ms
01-07 23:59:59.120 D/AdFactory(25992): 🕐 8-second delay completed, starting AdMob initialization
01-07 23:59:59.121 D/AdFactory(25992): 🔄 Initializing AdMob on main thread
01-07 23:59:59.194 W/libc    (10825): Access denied finding property "net.dns1"
01-07 23:59:59.194 W/libc    (10825): Access denied finding property "net.dns2"
01-07 23:59:59.201 W/libc    (10825): Access denied finding property "net.dns1"
01-07 23:59:59.201 W/libc    (10825): Access denied finding property "net.dns2"
01-07 23:59:59.221 W/libc    (10825): Access denied finding property "net.dns1"
01-07 23:59:59.222 W/libc    (10825): Access denied finding property "net.dns2"
01-07 23:59:59.507 I/AiAiEcho( 5755): SmartspaceNotificationPredictor no parser can handle this notification or notification is invalid
01-07 23:59:59.536 D/SsBaseTemplateCard( 4292): No date view can be set up
01-07 23:59:59.537 I/SsBaseTemplateCard( 4292): setFormattedContentDescription: text=Rain and snow, iconDescription=Rain and snow, contentDescription=Rain and snow, Rain and snow
01-07 23:59:59.537 D/SsBaseTemplateCard( 4292): Passed-in item info is null
01-07 23:59:59.537 D/SsBaseTemplateCard( 4292): Passed-in item info is null
01-07 23:59:59.562 D/HbmSvManager( 4497): Ambient sensor :  TMD3719 Ambient Light update Lux : 27.017366
01-07 23:59:59.771 W/libc    (10825): Access denied finding property "net.dns1"
01-07 23:59:59.771 W/libc    (10825): Access denied finding property "net.dns2"
01-08 00:00:00.018 I/AiAiEcho( 5755): (REDACTED) Predicting[%d]: %s
01-08 00:00:00.027 I/AiAiEcho( 5755): (REDACTED) EchoTargets: %s
01-08 00:00:00.027 I/AiAiEcho( 5755): Filtered by AiAi flag check: %s
01-08 00:00:00.030 I/AiAiEcho( 5755): (REDACTED) #weatherSubItemsTwiddler: Weather removes SubtitleSupplementalItem in surface: %s
01-08 00:00:00.031 I/AiAiSmartspace( 5755): #weatherSecondaryCardTwiddler: don't change weather for the dream surface
01-08 00:00:00.031 I/AiAiEcho( 5755): #remoteViewsTwiddler: feature disabled.
01-08 00:00:00.033 I/AiAiEcho( 5755): (REDACTED) Predicting[%d]: %s
01-08 00:00:00.037 D/ActivityManager( 1861): sync unfroze 10637 com.android.keychain for 10
01-08 00:00:00.038 I/AiAiEcho( 5755): (REDACTED) EchoTargets: %s
01-08 00:00:00.038 I/AiAiEcho( 5755): Filtered by AiAi flag check: %s
01-08 00:00:00.038 I/AiAiEcho( 5755): #remoteViewsTwiddler: feature disabled.
01-08 00:00:00.038 I/AiAiEcho( 5755): (REDACTED) Predicting[%d]: %s
01-08 00:00:00.040 I/AiAiEcho( 5755): (REDACTED) EchoTargets: %s
01-08 00:00:00.040 I/AiAiEcho( 5755): Filtered by AiAi flag check: %s
01-08 00:00:00.041 I/AiAiEcho( 5755): (REDACTED) #weatherSubItemsTwiddler: Weather removes SubtitleSupplementalItem in surface: %s
01-08 00:00:00.041 I/AiAiEcho( 5755): #remoteViewsTwiddler: feature disabled.
01-08 00:00:00.042 I/AiAiEcho( 5755): (REDACTED) Predicting[%d]: %s
01-08 00:00:00.044 I/AiAiEcho( 5755): (REDACTED) EchoTargets: %s
01-08 00:00:00.044 I/AiAiEcho( 5755): Filtered by AiAi flag check: %s
01-08 00:00:00.046 I/AiAiEcho( 5755): (REDACTED) #weatherSubItemsTwiddler: Weather removes SubtitleSupplementalItem in surface: %s
01-08 00:00:00.046 I/AiAiEcho( 5755): #remoteViewsTwiddler: feature disabled.
01-08 00:00:00.053 I/AiAiEcho( 5755): (REDACTED) #postPredictionTargets: Sending updates to UISurface %s with targets# %s (types=[%s])
01-08 00:00:00.055 I/AiAiEcho( 5755): (REDACTED) #postPredictionTargets: Sending updates to UISurface %s with targets# %s (types=[%s])
01-08 00:00:00.058 I/AmbientCueRepository( 4292): Receiving SmartSpace targets # 0
01-08 00:00:00.059 I/AiAiEcho( 5755): (REDACTED) #postPredictionTargets: Sending updates to UISurface %s with targets# %s (types=[%s])
01-08 00:00:00.060 D/PeriodicJobReceiver(10144): refresh periodic job from action=com.android.settings.battery.action.PERIODIC_JOB_UPDATE
01-08 00:00:00.061 D/BatteryUsageDataLoader(10144): loadUsageDataSafely() in the AsyncTask
01-08 00:00:00.062 D/DevicePolicyManager( 1861): updateSystemUpdateFreezePeriodsRecord
01-08 00:00:00.063 I/AiAiEcho( 5755): (REDACTED) #postPredictionTargets: Sending updates to UISurface %s with targets# %s (types=[%s])
01-08 00:00:00.066 D/PeriodicJobManager(10144): schedule next alarm job at Jan 08, 2026, 01:00:00
01-08 00:00:00.067 D/NexusLauncherModelDelegate( 4655): notifySmartspaceEvent: SmartspaceTargetEvent{mSmartspaceTarget=SmartspaceTarget{mSmartspaceTargetId='WEATHER-569377245', mHeaderAction=SmartspaceAction{mId='WEATHER', mIcon=Icon(typ=BITMAP size=192x192), mTitle=25°F, mSubtitle=25°F, mContentDescription=Cloudy, mPendingIntent=null, mIntent=Intent { act=android.intent.action.VIEW flg=0x18000000 cmp=com.google.android.googlequicksearchbox/com.google.android.apps.search.assistant.verticals.ambient.smartspace.trampolineactivity.ExportedSmartspaceTrampolineActivity (has extras) }, mUserHandle=UserHandle{0}, mExtras=Bundle[mParcelledData.dataSize=2156]}, mBaseAction=SmartspaceAction{mId='', mIcon=null, mTitle=, mSubtitle=, mContentDescription=, mPendingIntent=null, mIntent=null, mUserHandle=UserHandle{0}, mExtras=Bundle[{description=Cloudy, feedback_intent=null, explanation_intent=Supplier{VAL_PARCELABLE@140+1744}, is_gaia_linked_data=true, use_celsius=false, state=9, temperature=25, settings_highlight_key=smartspace_pref_weather_key}]}, mCreationTimeMillis=1767801600000, mExpiryTimeMillis=1767805200000, mScore=0.0, mActionChips=[], mIconGrid=[], mFeatureType=1, mSensitive=false, mShouldShowExpanded=false, mSourceNotificationKey='', mComponentName=ComponentInfo{package_name/class_name}, mUserHandle=UserHandle{0}, mAssociatedSmartspaceTargetId='null', mSliceUri=null, mWidget=null, mTemplateData=BaseTemplateData{mTemplateType=1, mPrimaryItem=null, mSubtitleItem=SubItemInfo{mText=Text{mText=25°F, mTruncateAtType=END, mMaxLines=1}, mIcon=SmartspaceIcon{mIcon=Icon(typ=BITMAP size=192x192), mContentDescription=Cloudy, mShouldTint=false}, mTapAction=SmartspaceTapAction{mId=mIntent=Intent { act=android.intent.action.VIEW flg=0x18000000 cmp=com.google.android.googlequicksearchbox/com.google.android.apps.search.assistant.verticals.ambient.smartspace.trampolineactivity.ExportedSmartspaceTrampolineActivity (has extras) }, mPendingIntent=null, mUserHandle=null, mExtras=null, mShouldShowOnLockscreen=false}, mLoggingInfo=SubItemLoggingInfo{mInstanceId=2047, mFeatureType=1, mPackageName=}}, mSubtitleSupplementalItem=null, mSupplementalLineItem=null, mSupplementalAlarmItem=null, mLayoutWeight=1}, mRemoteViews=null}, mSmartspaceActionId='', mEventType=8}
01-08 00:00:00.071 I/AiAiEcho( 5755): (REDACTED) %s No tracked ambient data found for ID: %s; for event type: %d, skipping event processing.
01-08 00:00:00.076 I/WeatherSmartspaceView( 4292): setFormattedContentDescription: text=25°F, iconDescription=Cloudy, contentDescription=Cloudy, 25°F
01-08 00:00:00.076 I/WeatherSmartspaceView( 4292): setFormattedContentDescription: text=25°F, iconDescription=Cloudy, contentDescription=Cloudy, 25°F
01-08 00:00:00.077 I/WeatherData( 4292): Weather data parsed CLOUDY ("Cloudy") 25°F from Bundle[{description=Cloudy, feedback_intent=null, explanation_intent=Supplier{VAL_PARCELABLE@140+1744}, is_gaia_linked_data=true, use_celsius=false, state=9, temperature=25}]
01-08 00:00:00.080 D/ModelInitializer( 4655): onAppIconChanged: com.google.android.calendar
01-08 00:00:00.095 D/SurfaceFlinger(  742): setDesiredMode 4619827677550801152 {mode={fps=90.00 Hz, modePtr={id=1, vsyncRate=90.00 Hz, peakRefreshRate=90.00 Hz}}, emitEvent=false, force=false}
01-08 00:00:00.096 W/SsPagerDots( 4292): Total number of pages invalid: 0. Assuming 1 page.
01-08 00:00:00.097 I/AlarmManager(27767): setExactAndAllowWhileIdle [name: RemindersNSREFRESH_TIME_REMINDERS_ALARM type: 0 triggerAtMillis: 1767888000000]
01-08 00:00:00.099 D/SurfaceFlinger(  742): initiateModeChange 4619827677550801152 {mode={fps=90.00 Hz, modePtr={id=1, vsyncRate=90.00 Hz, peakRefreshRate=90.00 Hz}}, emitEvent=false, force=false}
01-08 00:00:00.100 D/hwc-display(  746): setActiveConfigWithConstraints:: PrimaryDisplay config(37) test(0)
01-08 00:00:00.100 I/hwc-display(  746): [PrimaryDisplay] setActiveConfigWithConstraints: config(37)
01-08 00:00:00.104 I/AiAiEcho( 5755): (REDACTED) Predicting[%d]: %s
01-08 00:00:00.104 I/AiAiEcho( 5755): (REDACTED) EchoTargets: %s
01-08 00:00:00.104 I/AiAiEcho( 5755): Filtered by AiAi flag check: %s
01-08 00:00:00.104 I/AiAiEcho( 5755): (REDACTED) #weatherSubItemsTwiddler: Weather removes SubtitleSupplementalItem in surface: %s
01-08 00:00:00.105 I/AiAiEcho( 5755): #remoteViewsTwiddler: feature disabled.
01-08 00:00:00.105 I/AiAiEcho( 5755): (REDACTED) Predicting[%d]: %s
01-08 00:00:00.105 I/AiAiEcho( 5755): (REDACTED) EchoTargets: %s
01-08 00:00:00.105 I/AiAiEcho( 5755): Filtered by AiAi flag check: %s
01-08 00:00:00.105 I/AiAiEcho( 5755): (REDACTED) #weatherSubItemsTwiddler: Weather removes SubtitleSupplementalItem in surface: %s
01-08 00:00:00.105 I/AiAiEcho( 5755): #remoteViewsTwiddler: feature disabled.
01-08 00:00:00.106 I/AiAiEcho( 5755): (REDACTED) #postPredictionTargets: Sending updates to UISurface %s with targets# %s (types=[%s])
01-08 00:00:00.109 I/AiAiEcho( 5755): (REDACTED) #postPredictionTargets: Sending updates to UISurface %s with targets# %s (types=[%s])
01-08 00:00:00.114 I/WeatherSmartspaceView( 4292): setFormattedContentDescription: text=25°F, iconDescription=Cloudy, contentDescription=Cloudy, 25°F
01-08 00:00:00.114 I/WeatherSmartspaceView( 4292): setFormattedContentDescription: text=25°F, iconDescription=Cloudy, contentDescription=Cloudy, 25°F
01-08 00:00:00.114 I/WeatherData( 4292): Weather data parsed CLOUDY ("Cloudy") 25°F from Bundle[{description=Cloudy, feedback_intent=null, explanation_intent=Supplier{VAL_PARCELABLE@140+1744}, is_gaia_linked_data=true, use_celsius=false, state=9, temperature=25}]
01-08 00:00:00.114 W/SsPagerDots( 4292): Total number of pages invalid: 0. Assuming 1 page.
01-08 00:00:00.135 W/libbinder.Binder(11893): Binder transaction to android.accounts.IAccountAuthenticator code 3 took 1500ms. Data bytes: 492 Reply bytes: 0 Flags: 17
01-08 00:00:00.139 D/BackgroundInstallControlService( 1861): Package event received: 0
01-08 00:00:00.140 D/BackgroundInstallControlService( 1861): Package event received: 0
01-08 00:00:00.140 D/BackgroundInstallControlService( 1861): Package event received: 0
01-08 00:00:00.140 D/BackgroundInstallControlService( 1861): Package event received: 0
01-08 00:00:00.146 D/TelephonyManager( 1861): requestModemActivityInfo: Sending result to app: ModemActivityInfo{ mTimestamp=794926144 mSleepTimeMs=740433721 mIdleTimeMs=11382260 mActivityStatsTechSpecificInfo=[{mRat=GERAN,mFrequencyRange=UNKNOWN,mTxTimeMs[]=[0, 0, 0, 0, 0],mRxTimeMs=325}, {mRat=UTRAN,mFrequencyRange=UNKNOWN,mTxTimeMs[]=[0, 0, 0, 0, 0],mRxTimeMs=44548}, {mRat=EUTRAN,mFrequencyRange=UNKNOWN,mTxTimeMs[]=[373753, 45102, 43655, 19906, 16913],mRxTimeMs=43031938}, {mRat=NGRAN,mFrequencyRange=HIGH,mTxTimeMs[]=[0, 0, 0, 0, 0],mRxTimeMs=0}, {mRat=NGRAN,mFrequencyRange=MMWAVE,mTxTimeMs[]=[0, 0, 0, 0, 0],mRxTimeMs=0}, {mRat=UNKNOWN,mFrequencyRange=UNKNOWN,mTxTimeMs[]=[0, 0, 0, 0, 0],mRxTimeMs=0}]}
01-08 00:00:00.149 I/WifiHAL ( 1415): Creating message to get link statistics; iface = 47
01-08 00:00:00.201 D/AlphabeticIndexCompat( 4655): computeSectionName: cs: Calendar sectionName: C
01-08 00:00:00.201 D/AllAppsStore( 4655): setApps: apps.length=157
01-08 00:00:00.202 D/AllAppsStore( 4655): notifyUpdate: notifying listeners
01-08 00:00:00.202 D/ActivityAllAppsContainerView( 4655): onAppsUpdated; number of apps: 157
01-08 00:00:00.202 D/ActivityAllAppsContainerView( 4655): rebindAdapters: force: false
01-08 00:00:00.202 D/ActivityAllAppsContainerView( 4655): rebindAdapters: Not needed.
01-08 00:00:00.202 D/StatsLog( 4655): LAUNCHER_ALLAPPS_COUNT
01-08 00:00:00.203 D/AlphabeticalAppsList( 4655): Clearing FastScrollerSections.
01-08 00:00:00.203 D/AlphabeticalAppsList( 4655): Adding apps with sections. HasPrivateApps: false
01-08 00:00:00.203 D/AlphabeticalAppsList( 4655): addAppsWithSections: adding sectionName: … with appInfoTitle: 310Scores
01-08 00:00:00.203 D/AlphabeticalAppsList( 4655): addAppsWithSections: adding sectionName: A with appInfoTitle: Accio
01-08 00:00:00.203 D/AlphabeticalAppsList( 4655): addAppsWithSections: adding sectionName: B with appInfoTitle: BeSoccer
01-08 00:00:00.203 D/AlphabeticalAppsList( 4655): addAppsWithSections: adding sectionName: C with appInfoTitle: Calculator
01-08 00:00:00.203 D/AlphabeticalAppsList( 4655): addAppsWithSections: adding sectionName: D with appInfoTitle: DeepScope
01-08 00:00:00.203 D/AlphabeticalAppsList( 4655): addAppsWithSections: adding sectionName: E with appInfoTitle: Ease Football
01-08 00:00:00.203 D/AlphabeticalAppsList( 4655): addAppsWithSections: adding sectionName: F with appInfoTitle: Facebook
01-08 00:00:00.203 D/AlphabeticalAppsList( 4655): addAppsWithSections: adding sectionName: G with appInfoTitle: Gaia GPS
01-08 00:00:00.203 D/AlphabeticalAppsList( 4655): addAppsWithSections: adding sectionName: H with appInfoTitle: Hailuo AI
01-08 00:00:00.203 D/AlphabeticalAppsList( 4655): addAppsWithSections: adding sectionName: I with appInfoTitle: InShot
01-08 00:00:00.203 D/AlphabeticalAppsList( 4655): addAppsWithSections: adding sectionName: K with appInfoTitle: Kidsee
01-08 00:00:00.203 D/AlphabeticalAppsList( 4655): addAppsWithSections: adding sectionName: L with appInfoTitle: Lark Player
01-08 00:00:00.203 D/AlphabeticalAppsList( 4655): addAppsWithSections: adding sectionName: M with appInfoTitle: Magic Tiles 3
01-08 00:00:00.203 D/AlphabeticalAppsList( 4655): addAppsWithSections: adding sectionName: O with appInfoTitle: OneFootball
01-08 00:00:00.203 D/AlphabeticalAppsList( 4655): addAppsWithSections: adding sectionName: P with appInfoTitle: Payoneer
01-08 00:00:00.203 D/AlphabeticalAppsList( 4655): addAppsWithSections: adding sectionName: Q with appInfoTitle: Quran
01-08 00:00:00.203 D/AlphabeticalAppsList( 4655): addAppsWithSections: adding sectionName: R with appInfoTitle: Recorder
01-08 00:00:00.203 D/AlphabeticalAppsList( 4655): addAppsWithSections: adding sectionName: S with appInfoTitle: Safety
01-08 00:00:00.203 D/AlphabeticalAppsList( 4655): addAppsWithSections: adding sectionName: T with appInfoTitle: Telegram
01-08 00:00:00.203 D/AlphabeticalAppsList( 4655): addAppsWithSections: adding sectionName: V with appInfoTitle: VideLyy
01-08 00:00:00.203 D/AlphabeticalAppsList( 4655): addAppsWithSections: adding sectionName: W with appInfoTitle: WA Business
01-08 00:00:00.203 D/AlphabeticalAppsList( 4655): addAppsWithSections: adding sectionName: X with appInfoTitle: X
01-08 00:00:00.203 D/AlphabeticalAppsList( 4655): addAppsWithSections: adding sectionName: Y with appInfoTitle: YouTube
01-08 00:00:00.203 D/AlphabeticalAppsList( 4655): addAppsWithSections: adding sectionName: … with appInfoTitle: 爱壹帆
01-08 00:00:00.203 D/AlphabeticalAppsList( 4655): Adding FastScrollSection duplicate to scroll to the bottom.
01-08 00:00:00.205 D/AlphabeticalAppsList( 4655): Clearing FastScrollerSections.
01-08 00:00:00.205 D/AlphabeticalAppsList( 4655): Adding apps with sections. HasPrivateApps: false
01-08 00:00:00.205 D/AlphabeticalAppsList( 4655): addAppsWithSections: adding sectionName: … with appInfoTitle: 310Scores
01-08 00:00:00.205 D/AlphabeticalAppsList( 4655): addAppsWithSections: adding sectionName: A with appInfoTitle: Accio
01-08 00:00:00.205 D/AlphabeticalAppsList( 4655): addAppsWithSections: adding sectionName: B with appInfoTitle: BeSoccer
01-08 00:00:00.205 D/AlphabeticalAppsList( 4655): addAppsWithSections: adding sectionName: C with appInfoTitle: Calculator
01-08 00:00:00.205 D/AlphabeticalAppsList( 4655): addAppsWithSections: adding sectionName: D with appInfoTitle: DeepScope
01-08 00:00:00.205 D/AlphabeticalAppsList( 4655): addAppsWithSections: adding sectionName: E with appInfoTitle: Ease Football
01-08 00:00:00.205 D/AlphabeticalAppsList( 4655): addAppsWithSections: adding sectionName: F with appInfoTitle: Facebook
01-08 00:00:00.205 D/AlphabeticalAppsList( 4655): addAppsWithSections: adding sectionName: G with appInfoTitle: Gaia GPS
01-08 00:00:00.205 D/AlphabeticalAppsList( 4655): addAppsWithSections: adding sectionName: H with appInfoTitle: Hailuo AI
01-08 00:00:00.206 D/AlphabeticalAppsList( 4655): addAppsWithSections: adding sectionName: I with appInfoTitle: InShot
01-08 00:00:00.206 D/AlphabeticalAppsList( 4655): addAppsWithSections: adding sectionName: K with appInfoTitle: Kidsee
01-08 00:00:00.206 D/AlphabeticalAppsList( 4655): addAppsWithSections: adding sectionName: L with appInfoTitle: Lark Player
01-08 00:00:00.206 D/AlphabeticalAppsList( 4655): addAppsWithSections: adding sectionName: M with appInfoTitle: Magic Tiles 3
01-08 00:00:00.206 D/AlphabeticalAppsList( 4655): addAppsWithSections: adding sectionName: O with appInfoTitle: OneFootball
01-08 00:00:00.206 D/AlphabeticalAppsList( 4655): addAppsWithSections: adding sectionName: P with appInfoTitle: Payoneer
01-08 00:00:00.206 D/AlphabeticalAppsList( 4655): addAppsWithSections: adding sectionName: Q with appInfoTitle: Quran
01-08 00:00:00.206 D/AlphabeticalAppsList( 4655): addAppsWithSections: adding sectionName: R with appInfoTitle: Recorder
01-08 00:00:00.206 D/AlphabeticalAppsList( 4655): addAppsWithSections: adding sectionName: S with appInfoTitle: Safety
01-08 00:00:00.206 D/AlphabeticalAppsList( 4655): addAppsWithSections: adding sectionName: T with appInfoTitle: Telegram
01-08 00:00:00.206 D/AlphabeticalAppsList( 4655): addAppsWithSections: adding sectionName: V with appInfoTitle: VideLyy
01-08 00:00:00.206 D/AlphabeticalAppsList( 4655): addAppsWithSections: adding sectionName: W with appInfoTitle: WA Business
01-08 00:00:00.206 D/AlphabeticalAppsList( 4655): addAppsWithSections: adding sectionName: X with appInfoTitle: X
01-08 00:00:00.206 D/AlphabeticalAppsList( 4655): addAppsWithSections: adding sectionName: Y with appInfoTitle: YouTube
01-08 00:00:00.206 D/AlphabeticalAppsList( 4655): addAppsWithSections: adding sectionName: … with appInfoTitle: 爱壹帆
01-08 00:00:00.206 D/AlphabeticalAppsList( 4655): Adding FastScrollSection duplicate to scroll to the bottom.
01-08 00:00:00.216 I/bthal.flowcontrol( 1341): HciEventPreProcess: HCI Event 0xe Opcode 0xfd59 Length 22 unhandled by ControllerActivityWatcher
01-08 00:00:00.223 I/bthal.activitywatcher( 1341): getStateResidency: ActivityStat{0 : totalTimeMs 292521602 totalEntryCount 2003353 lastEntryMs 4352974}
01-08 00:00:00.223 I/WifiHAL ( 1415): Creating message to get link statistics; iface = 47
01-08 00:00:00.223 I/bthal.activitywatcher( 1341): getStateResidency: ActivityStat{1 : totalTimeMs 63340994 totalEntryCount 2005961 lastEntryMs 4353095}
01-08 00:00:00.223 I/bthal.activitywatcher( 1341): getStateResidency: ActivityStat{2 : totalTimeMs 12736483 totalEntryCount 8994073 lastEntryMs 4353102}
01-08 00:00:00.223 I/bthal.activitywatcher( 1341): getStateResidency: ActivityStat{3 : totalTimeMs 12548144 totalEntryCount 14788006 lastEntryMs 4353103}
01-08 00:00:00.223 I/bthal.activitywatcher( 1341): send_hci_activities_vsc: Sent VSC <[4]{89, 253, 1, 1}>
01-08 00:00:00.224 I/bthal.activitywatcher( 1341): filter_hci_activities_vse: Filtered <[103]{14, 101, 1, 89, 253, 0, 1, 0, 0, 0, 0, 0, 0, 0, 0, 118, 0, 19, 0, 0, 0, 0, 0, 166, 0, 19, 0, 0, 0, 0, 0, 1, 0, 0, 0, 0, 0, 0, 0, 166, 0, 19, 0, 0, 0, 0, 0, 118, 0, 19, 0, 0, 0, 0, 0, 0, 0, 0, 0, 0, 0, 0, 0, 116, 0, 19, 0, 0, 0, 0, 0, 117, 0, 19, 0, 0, 0, 0, 0, 0, 0, 0, 0, 0, 0, 0, 0, 117, 0, 19, 0, 0, 0, 0, 0, 117, 0, 19, 0, 0, 0, 0, 0}>
01-08 00:00:00.224 I/bthal.flowcontrol( 1341): HciEventPreProcess: HCI Event 0xe Opcode 0xfd59 Length 103 handled by ControllerActivityWatcher
01-08 00:00:00.224 D/AOC     ( 1585): A3:MSG: controller.cc, 275: CNTRL: cmd ID: 0x000a, tag: 0x1f [cntr = 80297]
01-08 00:00:00.224 D/AOC     ( 1585): A3:MSG: controller.cc, 910: CNTRL: ipc: control, cmd ID: 0x000a, tag: 0x1f, rc: 0
01-08 00:00:00.225 D/AOC     ( 1585): A3:MSG: controller.cc, 275: CNTRL: cmd ID: 0x000a, tag: 0x20 [cntr = 80298]
01-08 00:00:00.226 D/AOC     ( 1585): A3:MSG: controller.cc, 910: CNTRL: ipc: control, cmd ID: 0x000a, tag: 0x20, rc: 0
01-08 00:00:00.226 D/AOC     ( 1585): A3:MSG: controller.cc, 275: CNTRL: cmd ID: 0x000a, tag: 0x21 [cntr = 80299]
01-08 00:00:00.226 D/AOC     ( 1585): A3:MSG: controller.cc, 910: CNTRL: ipc: control, cmd ID: 0x000a, tag: 0x21, rc: 0
01-08 00:00:00.227 D/NATIVE_AD_TRACK(25992): ✅ Cache pool is full (3/3), skipping load
01-08 00:00:00.227 D/NativeAdManager(25992): ✅ Cache pool is full (3/3), skipping load
01-08 00:00:00.227 D/AOC     ( 1585): A3:MSG: controller.cc, 275: CNTRL: cmd ID: 0x000a, tag: 0x22 [cntr = 80300]
01-08 00:00:00.227 D/AOC     ( 1585): A3:MSG: controller.cc, 910: CNTRL: ipc: control, cmd ID: 0x000a, tag: 0x22, rc: 0
01-08 00:00:00.228 D/AOC     ( 1585): A3:MSG: controller.cc, 275: CNTRL: cmd ID: 0x000a, tag: 0x23 [cntr = 80301]
01-08 00:00:00.228 D/AOC     ( 1585): A3:MSG: controller.cc, 910: CNTRL: ipc: control, cmd ID: 0x000a, tag: 0x23, rc: 0
01-08 00:00:00.229 D/AOC     ( 1585): A3:MSG: controller.cc, 275: CNTRL: cmd ID: 0x000a, tag: 0x24 [cntr = 80302]
01-08 00:00:00.229 D/AOC     ( 1585): A3:MSG: controller.cc, 910: CNTRL: ipc: control, cmd ID: 0x000a, tag: 0x24, rc: 0
01-08 00:00:00.230 D/AOC     ( 1585): A3:MSG: controller.cc, 275: CNTRL: cmd ID: 0x000a, tag: 0x25 [cntr = 80303]
01-08 00:00:00.230 D/AOC     ( 1585): A3:MSG: controller.cc, 910: CNTRL: ipc: control, cmd ID: 0x000a, tag: 0x25, rc: 0
01-08 00:00:00.230 D/AOC     ( 1585): A3:MSG: controller.cc, 275: CNTRL: cmd ID: 0x000a, tag: 0x26 [cntr = 80304]
01-08 00:00:00.231 D/AOC     ( 1585): A3:MSG: controller.cc, 910: CNTRL: ipc: control, cmd ID: 0x000a, tag: 0x26, rc: 0
01-08 00:00:00.231 D/AOC     ( 1585): A3:MSG: controller.cc, 275: CNTRL: cmd ID: 0x000a, tag: 0x27 [cntr = 80305]
01-08 00:00:00.232 D/AOC     ( 1585): A3:MSG: controller.cc, 910: CNTRL: ipc: control, cmd ID: 0x000a, tag: 0x27, rc: 0
01-08 00:00:00.232 D/AOC     ( 1585): A3:MSG: controller.cc, 275: CNTRL: cmd ID: 0x000a, tag: 0x28 [cntr = 80306]
01-08 00:00:00.232 D/AOC     ( 1585): A3:MSG: controller.cc, 910: CNTRL: ipc: control, cmd ID: 0x000a, tag: 0x28, rc: 0
01-08 00:00:00.233 D/AOC     ( 1585): A3:MSG: controller.cc, 275: CNTRL: cmd ID: 0x000a, tag: 0x29 [cntr = 80307]
01-08 00:00:00.233 D/AOC     ( 1585): A3:MSG: controller.cc, 910: CNTRL: ipc: control, cmd ID: 0x000a, tag: 0x29, rc: 0
01-08 00:00:00.234 D/AOC     ( 1585): A3:MSG: controller.cc, 275: CNTRL: cmd ID: 0x000a, tag: 0x2a [cntr = 80308]
01-08 00:00:00.235 D/AOC     ( 1585): A3:MSG: controller.cc, 910: CNTRL: ipc: control, cmd ID: 0x000a, tag: 0x2a, rc: 0
01-08 00:00:00.235 D/AOC     ( 1585): A3:MSG: controller.cc, 275: CNTRL: cmd ID: 0x000a, tag: 0x2b [cntr = 80309]
01-08 00:00:00.236 D/AOC     ( 1585): A3:MSG: controller.cc, 910: CNTRL: ipc: control, cmd ID: 0x000a, tag: 0x2b, rc: 0
01-08 00:00:00.236 D/AOC     ( 1585): A3:MSG: controller.cc, 275: CNTRL: cmd ID: 0x000a, tag: 0x2c [cntr = 80310]
01-08 00:00:00.236 D/AOC     ( 1585): A3:MSG: controller.cc, 910: CNTRL: ipc: control, cmd ID: 0x000a, tag: 0x2c, rc: 0
01-08 00:00:00.237 D/AOC     ( 1585): A3:MSG: controller.cc, 275: CNTRL: cmd ID: 0x000a, tag: 0x2d [cntr = 80311]
01-08 00:00:00.237 E/gcblocker(11893): too long GC blocking: 5
01-08 00:00:00.237 E/gcblocker(11893): gc block end, 442147268,101
01-08 00:00:00.237 D/AOC     ( 1585): A3:MSG: controller.cc, 910: CNTRL: ipc: control, cmd ID: 0x000a, tag: 0x2d, rc: 0
01-08 00:00:00.238 D/AOC     ( 1585): A3:MSG: controller.cc, 275: CNTRL: cmd ID: 0x000a, tag: 0x2e [cntr = 80312]
01-08 00:00:00.238 D/AOC     ( 1585): A3:MSG: controller.cc, 910: CNTRL: ipc: control, cmd ID: 0x000a, tag: 0x2e, rc: 0
01-08 00:00:00.239 D/AOC     ( 1585): A3:MSG: controller.cc, 275: CNTRL: cmd ID: 0x000a, tag: 0x2f [cntr = 80313]
01-08 00:00:00.239 D/AOC     ( 1585): A3:MSG: controller.cc, 910: CNTRL: ipc: control, cmd ID: 0x000a, tag: 0x2f, rc: 0
01-08 00:00:00.413 I/AiAiEcho( 5755): SmartspaceNotificationPredictor no parser can handle this notification or notification is invalid
01-08 00:00:00.456 D/TelephonyManager( 1861): requestModemActivityInfo: Sending result to app: ModemActivityInfo{ mTimestamp=794926453 mSleepTimeMs=740433844 mIdleTimeMs=11382418 mActivityStatsTechSpecificInfo=[{mRat=GERAN,mFrequencyRange=UNKNOWN,mTxTimeMs[]=[0, 0, 0, 0, 0],mRxTimeMs=325}, {mRat=UTRAN,mFrequencyRange=UNKNOWN,mTxTimeMs[]=[0, 0, 0, 0, 0],mRxTimeMs=44548}, {mRat=EUTRAN,mFrequencyRange=UNKNOWN,mTxTimeMs[]=[373753, 45102, 43655, 19906, 16913],mRxTimeMs=43031966}, {mRat=NGRAN,mFrequencyRange=HIGH,mTxTimeMs[]=[0, 0, 0, 0, 0],mRxTimeMs=0}, {mRat=NGRAN,mFrequencyRange=MMWAVE,mTxTimeMs[]=[0, 0, 0, 0, 0],mRxTimeMs=0}, {mRat=UNKNOWN,mFrequencyRange=UNKNOWN,mTxTimeMs[]=[0, 0, 0, 0, 0],mRxTimeMs=0}]}
01-08 00:00:00.462 I/WifiHAL ( 1415): Creating message to get link statistics; iface = 47
01-08 00:00:00.520 I/bthal.flowcontrol( 1341): HciEventPreProcess: HCI Event 0xe Opcode 0xfd59 Length 22 unhandled by ControllerActivityWatcher
01-08 00:00:00.646 I/WifiHAL ( 1415): Creating message to get link statistics; iface = 47
01-08 00:00:00.727 D/ConnectivityService( 1861): NetReassign [no changes] [c 1] [a 1] [i 3]
01-08 00:00:01.080 I/AggregatedPowerStats( 1861): Too many clock updates. Replacing the previous update with 2026-01-07-19-09-07
01-08 00:00:01.113 W/libbinder.Binder( 1861): Binder transaction to com.android.internal.app.IBatteryStats code 16 took 1050ms. Data bytes: 180 Reply bytes: 192 Flags: 16
01-08 00:00:01.117 D/DataProcessor(10144): getBatteryUsageStats() from BatteryStatsManager in 1055/ms, maxStatsAgeMs=0
01-08 00:00:01.117 D/DataProcessor(10144): get 198 uidBatteryConsumers from BatteryUsageStats in 0/ms
01-08 00:00:01.121 D/AdFactory(25992): 🚀 Starting AdMob configuration (after 2s delay)
01-08 00:00:01.123 D/AdFactory(25992): ✅ AdMob RequestConfiguration set successfully
01-08 00:00:01.281 W/BatteryEntry(10144): unknown attribute:AUDIO
01-08 00:00:01.283 W/BatteryEntry(10144): unknown attribute:VIDEO
01-08 00:00:01.284 W/BatteryEntry(10144): unknown attribute:SYSTEM_SERVICES
01-08 00:00:01.284 W/BatteryEntry(10144): unknown attribute:SENSORS
01-08 00:00:01.286 W/BatteryEntry(10144): unknown attribute:WAKELOCK
01-08 00:00:01.286 W/BatteryEntry(10144): unknown attribute:MEMORY
01-08 00:00:01.289 W/BatteryEntry(10144): unknown attribute:IDLE
01-08 00:00:01.289 W/BatteryEntry(10144): unknown attribute:REATTRIBUTED_TO_OTHER_CONSUMERS
01-08 00:00:01.289 W/BatteryEntry(10144): unknown attribute:BASE
01-08 00:00:01.289 D/DataProcessor(10144): getCoalescedUsageList(): uidEntries = 168, userEntries = 0, componentEntries = 168
01-08 00:00:01.289 D/BatteryUsageDataLoader(10144): getBatteryUsageStats() in 1227/ms
01-08 00:00:01.301 W/DatabaseUtils(10144): no consumed power but has running time for null time=182113353|0|0
01-08 00:00:01.402 I/AiAiEcho( 5755): SmartspaceNotificationPredictor no parser can handle this notification or notification is invalid
01-08 00:00:01.510 D/DatabaseUtils(10144): insert() battery states data into database with isFullChargeStart:false
01-08 00:00:01.520 D/DatabaseUtils(10144): sendBatteryEntryData() size=183 in 231/ms
01-08 00:00:01.533 D/BatteryUsageContentProvider(10144): getQueryUserId from uri: content://com.android.settings.battery.usage.provider/appUsageLatestTimestamp?userid=0
01-08 00:00:01.534 D/BatteryUsageContentProvider(10144): getAppUsageLatestTimestamp() for user 0 in 0/ms
01-08 00:00:01.623 D/AdFactory(25992): 🚀 Starting MobileAds.initialize()
01-08 00:00:01.638 D/DatabaseUtils(10144): getAppUsageStartTimestampOfUser() userId=0 latestTimestamp=Jan 07, 2026, 22:54:27 in 105/ms
01-08 00:00:01.639 I/DynamiteModule(25992): Considering local module com.google.android.gms.ads.dynamite:0 and remote module com.google.android.gms.ads.dynamite:254380203
01-08 00:00:01.639 I/DynamiteModule(25992): Selected remote version of com.google.android.gms.ads.dynamite, version >= 254380203
01-08 00:00:01.639 V/DynamiteModule(25992): Dynamite loader version >= 2, using loadModule2NoCrashUtils
01-08 00:00:01.640 D/DataProcessor(10144): getAppUsageEventsForUser(): 0 from 1767797667418 to 1767801601533 in 2/ms
01-08 00:00:01.641 D/DataProcessor(10144): getAppUsageEvents() for all unlocked users in 108/ms
01-08 00:00:01.642 W/libbinder.Binder(11893): Binder transaction to android.accounts.IAccountAuthenticator code 3 took 1500ms. Data bytes: 492 Reply bytes: 0 Flags: 17
01-08 00:00:01.650 D/AdFactory(25992): Adapter: com.google.android.gms.ads.MobileAds | State: READY | Latency: 204
01-08 00:00:01.650 D/AdFactory(25992): Adapter: com.google.ads.mediation.facebook.FacebookMediationAdapter | State: READY | Latency: 118
01-08 00:00:01.650 D/AdFactory(25992): Adapter: com.google.ads.mediation.mintegral.MintegralMediationAdapter | State: READY | Latency: 48
01-08 00:00:01.650 D/AdFactory(25992): Adapter: com.google.ads.mediation.pangle.PangleMediationAdapter | State: NOT_READY | Latency: 1
01-08 00:00:01.650 D/AdFactory(25992): ✅ MobileAds initialization successful
01-08 00:00:01.651 D/BackgroundInstallControlService( 1861): Package event received: 0
01-08 00:00:01.654 D/BackgroundInstallControlService( 1861): Package event received: 0
01-08 00:00:01.654 D/BackgroundInstallControlService( 1861): Package event received: 0
01-08 00:00:01.654 D/BackgroundInstallControlService( 1861): Package event received: 0
01-08 00:00:01.659 D/DataProcessor(10144): Read 71 relevant events (71 total) from UsageStatsManager for user 0
01-08 00:00:01.659 W/DataProcessor(10144): Read 71 relevant events (71 total) from UsageStatsManager for all users
01-08 00:00:01.659 D/BatteryUsageDataLoader(10144): loadAppUsageData() size=71 in 126/ms
01-08 00:00:01.662 I/DynamiteModule(25992): Considering local module com.google.android.gms.ads.dynamite:0 and remote module com.google.android.gms.ads.dynamite:254380203
01-08 00:00:01.662 I/DynamiteModule(25992): Selected remote version of com.google.android.gms.ads.dynamite, version >= 254380203
01-08 00:00:01.662 V/DynamiteModule(25992): Dynamite loader version >= 2, using loadModule2NoCrashUtils
01-08 00:00:01.676 D/AdFactory(25992): 📱 AdMob initialization started successfully
01-08 00:00:01.688 E/ashmem  (26136): readlink(/proc/self/fd/157) failed: Operation not permitted
01-08 00:00:01.689 E/ashmem  (26136): readlink(/proc/self/fd/158) failed: Operation not permitted
01-08 00:00:01.689 E/ashmem  (26136): readlink(/proc/self/fd/160) failed: Operation not permitted
01-08 00:00:01.706 D/SurfaceFlinger(  742): setDesiredMode 4619827677550801152 {mode={fps=60.00 Hz, modePtr={id=0, vsyncRate=60.00 Hz, peakRefreshRate=60.00 Hz}}, emitEvent=false, force=false}
01-08 00:00:01.707 E/ashmem  (26136): readlink(/proc/self/fd/161) failed: Operation not permitted
01-08 00:00:01.707 E/ashmem  (26136): readlink(/proc/self/fd/161) failed: Operation not permitted
01-08 00:00:01.709 D/SurfaceFlinger(  742): initiateModeChange 4619827677550801152 {mode={fps=60.00 Hz, modePtr={id=0, vsyncRate=60.00 Hz, peakRefreshRate=60.00 Hz}}, emitEvent=false, force=false}
01-08 00:00:01.710 D/hwc-display(  746): setActiveConfigWithConstraints:: PrimaryDisplay config(36) test(0)
01-08 00:00:01.710 I/hwc-display(  746): [PrimaryDisplay] setActiveConfigWithConstraints: config(36)
01-08 00:00:01.721 D/DatabaseUtils(10144): insert() app usage events data into database
01-08 00:00:01.722 D/DatabaseUtils(10144): sendAppUsageEventData() size=71 in 62/ms
01-08 00:00:01.722 D/BatteryUsageContentProvider(10144): getLastFullChargeTimestamp() in 0/ms
01-08 00:00:01.725 D/DatabaseUtils(10144): getLastFullChargeTime() lastFullChargeTime=Jan 05, 2026, 14:16:57 in 3/ms
01-08 00:00:01.725 D/DatabaseUtils(10144): getBatteryEvents for timestamp: 1767593817272
01-08 00:00:01.726 D/BatteryUsageContentProvider(10144): getQueryBatteryEventTypes from uri: content://com.android.settings.battery.usage.provider/BatteryEvent?timestamp=1767593817272&batteryEventType=3%2C4
01-08 00:00:01.726 D/BatteryUsageContentProvider(10144): getQueryTimestamp from uri: content://com.android.settings.battery.usage.provider/BatteryEvent?timestamp=1767593817272&batteryEventType=3%2C4
01-08 00:00:01.726 W/BatteryUsageContentProvider(10144): getBatteryEvents() in 0/ms
01-08 00:00:01.726 D/DatabaseUtils(10144): getBatteryEvents size=57 in 1/ms
01-08 00:00:01.727 D/DataProcessManager(10144): getPeriodBatteryLevelData() startTimestamp=Jan 07, 2026, 22:00:00
01-08 00:00:01.727 D/DatabaseUtils(10144): sixDaysAgoTimestamp: Jan 02, 2026, 00:00:00
01-08 00:00:01.727 D/BatteryUsageContentProvider(10144): getQueryTimestamp from uri: content://com.android.settings.battery.usage.provider/batteryStateLatestTimestamp?timestamp=1767794400000
01-08 00:00:01.728 D/BatteryUsageContentProvider(10144): getBatteryStateLatestTimestamp() no later than 1767794400000 in 1/ms
01-08 00:00:01.739 I/mars::stn(10825): [shortlink_task_manager.cc:1209, __SingleRespHandle]:cgi trace error: (4, -10087), cost:4524, rtt:0, svr:(43.129.138.3, 80, BackupIP)
01-08 00:00:01.747 E/gcblocker(11893): too long GC blocking: 5
01-08 00:00:01.747 E/gcblocker(11893): gc block end, 442148779,100
01-08 00:00:01.758 W/System  (27767): A resource failed to call close. 
01-08 00:00:01.759 W/System  (27767): A resource failed to call close. 
01-08 00:00:01.853 I/Ads     (25992): JS: The jsLoaded GMSG has been sent (https://googleads.g.doubleclick.net/mads/static/sdk/native/sdk-core-v40.html:1012)
01-08 00:00:01.853 I/chromium(25992): [INFO:CONSOLE:1012] "The jsLoaded GMSG has been sent", source: https://googleads.g.doubleclick.net/mads/static/sdk/native/sdk-core-v40.html (1012)
01-08 00:00:01.996 D/DatabaseUtils(10144): getBatteryStateLatestTimestamp() batteryStateLatestTimestamp=Jan 07, 2026, 21:00:00 in 269/ms
01-08 00:00:01.996 D/BatteryUsageContentProvider(10144): getQueryTimestamp from uri: content://com.android.settings.battery.usage.provider/BatteryState?timestamp=1767790800116
01-08 00:00:01.996 D/BatteryUsageContentProvider(10144): getBatteryStates() after 1767790800116 in 0/ms
01-08 00:00:02.027 W/orbu.utils(11893): orbu proceed: 102, dfidHex: 0x28000102
01-08 00:00:02.027 W/orbu.utils(11893): enableNetworkHardBlock: 0, isTargetRuleGroup: 0
01-08 00:00:02.076 D/DatabaseUtils(10144): getBatteryHistoryMap() size=4 in 79/ms
01-08 00:00:02.076 D/DataProcessor(10144): getHistoryMapWithExpectedTimestamps() size=5 in 0/ms
01-08 00:00:02.076 D/DataProcessManager(10144): execute getBatteryLevelData in 354/ms, batteryLevelRecordEvents.size=57
01-08 00:00:02.084 D/DatabaseUtils(10144): insert() battery event data into database
01-08 00:00:02.084 D/DatabaseUtils(10144): sendBatteryEventData() size=2 in 8/ms
01-08 00:00:02.084 D/BatteryUsageDataLoader(10144): preprocessBatteryUsageSlots() batteryLevelData=dailyBatteryLevels: timestamps: [1767794400000, 1767801600000]; levels: [61, 65]; hourlyBatteryLevelsPerDay: [timestamps: [1767794400000, 1767801600000]; levels: [61, 65]] in 362/ms
01-08 00:00:02.084 D/BatteryUsageDataLoader(10144): loadUsageDataSafely() in 2023/ms
01-08 00:00:02.163 D/DatabaseUtils(10144): sixDaysAgoTimestamp: Jan 02, 2026, 00:00:00
01-08 00:00:02.163 D/BatteryUsageContentProvider(10144): getQueryUserIds from uri: content://com.android.settings.battery.usage.provider/AppUsageEvent?timestamp=1767783600000&userid=0
01-08 00:00:02.164 D/BatteryUsageContentProvider(10144): getQueryTimestamp from uri: content://com.android.settings.battery.usage.provider/AppUsageEvent?timestamp=1767783600000&userid=0
01-08 00:00:02.164 W/BatteryUsageContentProvider(10144): getAppUsageEvents() in 0/ms
01-08 00:00:02.174 D/DatabaseUtils(10144): getAppUsageEventForUser userId=0 size=182 in 12/ms
01-08 00:00:02.174 D/DataProcessManager(10144): execute loadDatabaseAppUsageList size=182 in 13/ms
01-08 00:00:02.174 D/DatabaseUtils(10144): getBatteryEvents for timestamp: 1767794400000
01-08 00:00:02.175 D/BatteryUsageContentProvider(10144): getQueryBatteryEventTypes from uri: content://com.android.settings.battery.usage.provider/BatteryEvent?timestamp=1767794400000&batteryEventType=1%2C2
01-08 00:00:02.175 D/BatteryUsageContentProvider(10144): getQueryTimestamp from uri: content://com.android.settings.battery.usage.provider/BatteryEvent?timestamp=1767794400000&batteryEventType=1%2C2
01-08 00:00:02.175 W/BatteryUsageContentProvider(10144): getBatteryEvents() in 0/ms
01-08 00:00:02.176 D/DatabaseUtils(10144): getBatteryEvents size=1 in 2/ms
01-08 00:00:02.176 D/DataProcessManager(10144): execute loadPowerConnectionBatteryEventList size=1 in 2/ms
01-08 00:00:02.229 W/ParceledListSlice( 1861): Element #306 is 18392 bytes.
01-08 00:00:02.299 W/libc    (10825): Access denied finding property "net.dns1"
01-08 00:00:02.299 W/libc    (10825): Access denied finding property "net.dns2"
01-08 00:00:02.306 I/pixel-thermal( 2215): usb_pwr_therm:32.351 raw data: usb_pwr_therm:32351 
01-08 00:00:02.308 I/pixel-thermal( 2215): VIRTUAL-USB-UI:0 raw data: USB-MINUS-NEUTRAL:-668 USB-MINUS-USB2:-22 VIRTUAL-USB-UI:0 neutral_therm:33019 usb_pwr_therm:32351 usb_pwr_therm2:32373 
01-08 00:00:02.309 I/pixel-thermal( 2215): VIRTUAL-USB-THROTTLING:0 raw data: USB-MINUS-NEUTRAL:-668 USB-MINUS-USB2:-22 VIRTUAL-USB-THROTTLING:0 usb_pwr_therm:32351 
01-08 00:00:02.309 I/pixel-thermal( 2215): Power rails total power: 1099.44 mW for 60008 ms
01-08 00:00:02.309 I/pixel-thermal( 2215): Power rails [S6M_LLDO1: 43.34 mW] [L7S_SENSORS: 4.10 mW] [S10M_VDD_TPU: 0.00 mW] [S5M_VDD_INT: 17.77 mW] [S2M_VDD_CPUCL2: 235.15 mW] [S1M_VDD_MIF: 59.02 mW] 
01-08 00:00:02.309 I/pixel-thermal( 2215): Power rails [S4M_VDD_CPUCL0: 119.23 mW] [VSYS_PWR_WLAN_BT: 81.79 mW] [VSYS_PWR_RFFE: 0.11 mW] [VSYS_PWR_MODEM: 35.68 mW] [VSYS_PWR_MMWAVE: 0.00 mW] [S3M_VDD_CPUCL1: 96.17 mW] 
01-08 00:00:02.309 I/pixel-thermal( 2215): Power rails [L2S_PLL_MIPI_UFS: 38.06 mW] [L14S_ALIVE: 0.88 mW] [S9S_VDD_AOC: 7.88 mW] [S4S_VDD2H_MEM: 48.86 mW] [L9S_GNSS_CORE: 0.18 mW] [S8S_VDD_G3D_L2: 3.07 mW] 
01-08 00:00:02.309 I/pixel-thermal( 2215): Power rails [S5S_VDDQ_MEM: 7.35 mW] [S2S_VDD_G3D: 4.51 mW] [S1S_VDD_CAM: 5.61 mW] [S8M_LLDO2: 32.28 mW] [L15M_VDD_SLC_M: 12.19 mW] [VSYS_PWR_DISPLAY: 246.22 mW] 
01-08 00:00:02.309 I/pixel-thermal( 2215): CDEV log gxp-cooling state:0 tpu_cooling state:0 usbc-port state:0 thermal-cpufreq-1 state:0 chg_mdis state:0 thermal-gpufreq-0 state:0 thermal-cpufreq-2 state:0 thermal-cpufreq-0 state:0 
01-08 00:00:02.312 W/libc    (10825): Access denied finding property "net.dns1"
01-08 00:00:02.312 W/libc    (10825): Access denied finding property "net.dns2"
01-08 00:00:02.316 W/libc    (10825): Access denied finding property "net.dns1"
01-08 00:00:02.316 W/libc    (10825): Access denied finding property "net.dns2"
01-08 00:00:02.362 W/ParceledListSlice( 1861): Element #671 is 18828 bytes.
01-08 00:00:02.399 I/AiAiEcho( 5755): SmartspaceNotificationPredictor no parser can handle this notification or notification is invalid
01-08 00:00:02.413 W/PowerUsageFeatureProviderGoogleImpl(10144): processBatteryReattributeData: disabled
01-08 00:00:02.413 D/DataProcessManager(10144): execute generateFinalDataAndApplyCallback size=1 in 235/ms
01-08 00:00:02.422 E/SmsApplication(10144): com.google.android.apps.messaging lost android:read_cell_broadcasts:  (fixing)
01-08 00:00:02.422 W/AppOpService( 1861): Ignored setUidMode call for runtime permission app op: uid = 10180, code = READ_CELL_BROADCASTS, mode = allow, callingUid = 1000, oldMode = allow
01-08 00:00:02.427 W/AppOpService( 1861): Ignored setUidMode call for runtime permission app op: uid = 1001, code = READ_SMS, mode = allow, callingUid = 1000, oldMode = allow
01-08 00:00:02.428 W/AppOpService( 1861): Ignored setUidMode call for runtime permission app op: uid = 1001, code = RECEIVE_SMS, mode = allow, callingUid = 1000, oldMode = allow
01-08 00:00:02.428 W/AppOpService( 1861): Ignored setUidMode call for runtime permission app op: uid = 1001, code = RECEIVE_WAP_PUSH, mode = allow, callingUid = 1000, oldMode = allow
01-08 00:00:02.428 W/AppOpService( 1861): Ignored setUidMode call for runtime permission app op: uid = 1001, code = SEND_SMS, mode = allow, callingUid = 1000, oldMode = allow
01-08 00:00:02.429 W/AppOpService( 1861): Ignored setUidMode call for runtime permission app op: uid = 1001, code = READ_CELL_BROADCASTS, mode = allow, callingUid = 1000, oldMode = allow
01-08 00:00:02.433 D/BatteryOptimizeUtils(10144): refresh com.cqcsy.ifvod state, allowlisted = false, mode = 0
01-08 00:00:02.437 E/SmsApplication(10144): com.google.android.apps.messaging lost android:read_cell_broadcasts:  (fixing)
01-08 00:00:02.438 W/AppOpService( 1861): Ignored setUidMode call for runtime permission app op: uid = 10180, code = READ_CELL_BROADCASTS, mode = allow, callingUid = 1000, oldMode = allow
01-08 00:00:02.439 W/AppOpService( 1861): Ignored setUidMode call for runtime permission app op: uid = 1001, code = READ_SMS, mode = allow, callingUid = 1000, oldMode = allow
01-08 00:00:02.440 W/AppOpService( 1861): Ignored setUidMode call for runtime permission app op: uid = 1001, code = RECEIVE_SMS, mode = allow, callingUid = 1000, oldMode = allow
01-08 00:00:02.440 W/AppOpService( 1861): Ignored setUidMode call for runtime permission app op: uid = 1001, code = RECEIVE_WAP_PUSH, mode = allow, callingUid = 1000, oldMode = allow
01-08 00:00:02.441 W/AppOpService( 1861): Ignored setUidMode call for runtime permission app op: uid = 1001, code = SEND_SMS, mode = allow, callingUid = 1000, oldMode = allow
01-08 00:00:02.441 W/AppOpService( 1861): Ignored setUidMode call for runtime permission app op: uid = 1001, code = READ_CELL_BROADCASTS, mode = allow, callingUid = 1000, oldMode = allow
01-08 00:00:02.443 D/BatteryOptimizeUtils(10144): refresh world.letsgo.booster.android.pro state, allowlisted = false, mode = 0
01-08 00:00:02.447 E/SmsApplication(10144): com.google.android.apps.messaging lost android:read_cell_broadcasts:  (fixing)
01-08 00:00:02.447 W/AppOpService( 1861): Ignored setUidMode call for runtime permission app op: uid = 10180, code = READ_CELL_BROADCASTS, mode = allow, callingUid = 1000, oldMode = allow
01-08 00:00:02.449 W/AppOpService( 1861): Ignored setUidMode call for runtime permission app op: uid = 1001, code = READ_SMS, mode = allow, callingUid = 1000, oldMode = allow
01-08 00:00:02.449 W/AppOpService( 1861): Ignored setUidMode call for runtime permission app op: uid = 1001, code = RECEIVE_SMS, mode = allow, callingUid = 1000, oldMode = allow
01-08 00:00:02.449 W/AppOpService( 1861): Ignored setUidMode call for runtime permission app op: uid = 1001, code = RECEIVE_WAP_PUSH, mode = allow, callingUid = 1000, oldMode = allow
01-08 00:00:02.450 W/AppOpService( 1861): Ignored setUidMode call for runtime permission app op: uid = 1001, code = SEND_SMS, mode = allow, callingUid = 1000, oldMode = allow
01-08 00:00:02.450 W/AppOpService( 1861): Ignored setUidMode call for runtime permission app op: uid = 1001, code = READ_CELL_BROADCASTS, mode = allow, callingUid = 1000, oldMode = allow
01-08 00:00:02.452 D/BatteryOptimizeUtils(10144): refresh null state, allowlisted = true, mode = 0
01-08 00:00:02.454 D/DatabaseUtils(10144): insert() battery usage slots data into database
01-08 00:00:02.454 D/DatabaseUtils(10144): sendBatteryUsageSlotData() size=1 in 2/ms
01-08 00:00:02.455 D/PowerUsageFeatureProviderGoogleImpl(10144): isBatteryTipsEnabled = true
01-08 00:00:02.455 D/PowerUsageFeatureProviderGoogleImpl(10144): isAppWakeLockDataCollectionEnabled = true
01-08 00:00:02.465 D/AnomalyDetectionUtils(10144): collectWakeLockDataToBundle wakelocks.size = 196, aggregatedWakelocks.size = 94
01-08 00:00:02.469 D/ActivityManager( 1861): sync unfroze 27049 com.google.android.apps.turbo for 7
01-08 00:00:02.478 W/Turbo.OnDeviceBatteryHistory(27049): addEvents: loaded 0 battery events.
01-08 00:00:02.478 W/Turbo.OnDeviceBatteryHistory(27049): addEvents: loaded battery events completed.
01-08 00:00:02.480 W/Turbo.RemainingTimeModelLoader(27049): Start to load model for: [battery_remaining_time] model file with new version 20231122
01-08 00:00:02.481 W/Turbo.EstimatedTimeRemainingProvider(27049): queryTimeToDischarge: 75022728
01-08 00:00:02.487 D/CommandContentProvider(10144): callerPackage: com.google.android.apps.turbo
01-08 00:00:02.488 D/BatteryUsageContentProvider(10144): getQueryTimestamp from uri: content://com.android.settings.battery.usage.provider/BatteryUsageSlot?timestamp=0
01-08 00:00:02.489 W/BatteryUsageContentProvider(10144): getBatteryUsageSlots() in 1/ms
01-08 00:00:02.552 D/CommandContentProvider(10144): callerPackage: com.google.android.apps.turbo
01-08 00:00:02.553 D/BatteryUsageContentProvider(10144): getLastFullChargeTimestamp() in 0/ms
01-08 00:00:02.556 D/CommandContentProvider(10144): callerPackage: com.google.android.apps.turbo
01-08 00:00:02.556 D/BatteryUsageContentProvider(10144): getQueryBatteryEventTypes from uri: content://com.android.settings.battery.usage.provider/BatteryEvent?timestamp=1766592000000
01-08 00:00:02.556 D/BatteryUsageContentProvider(10144): getQueryTimestamp from uri: content://com.android.settings.battery.usage.provider/BatteryEvent?timestamp=1766592000000
01-08 00:00:02.556 W/BatteryUsageContentProvider(10144): getBatteryEvents() in 0/ms
01-08 00:00:02.687 D/ActivityManager( 1861): sync unfroze 15443 com.google.android.apps.turbo:aab for 7
01-08 00:00:03.161 W/libbinder.Binder(11893): Binder transaction to android.accounts.IAccountAuthenticator code 3 took 1502ms. Data bytes: 492 Reply bytes: 0 Flags: 17
01-08 00:00:03.183 D/BackgroundInstallControlService( 1861): Package event received: 0
01-08 00:00:03.183 D/BackgroundInstallControlService( 1861): Package event received: 0
01-08 00:00:03.183 D/BackgroundInstallControlService( 1861): Package event received: 0
01-08 00:00:03.183 D/BackgroundInstallControlService( 1861): Package event received: 0
01-08 00:00:03.275 E/gcblocker(11893): too long GC blocking: 5
01-08 00:00:03.275 E/gcblocker(11893): gc block end, 442150306,101
01-08 00:00:03.475 I/AiAiEcho( 5755): SmartspaceNotificationPredictor no parser can handle this notification or notification is invalid
01-08 00:00:03.726 I/WifiHAL ( 1415): Creating message to get link statistics; iface = 47
01-08 00:00:03.758 D/BoundBrokerSvc(11566): onUnbind: Intent { act=com.google.android.gms.presencemanager.service.START dat=chimera-action:/... xflg=0x4 cmp=com.google.android.gms/.chimera.PersistentApiService }
01-08 00:00:03.766 D/BoundBrokerSvc(11566): onUnbind: Intent { act=com.google.android.gms.presencemanager.service.INTERNAL_IDENTITY dat=chimera-action:/... xflg=0x4 cmp=com.google.android.gms/.chimera.PersistentApiService }
01-08 00:00:03.857 D/ConnectivityService( 1861): NetReassign [no changes] [c 8] [a 4] [i 14]
01-08 00:00:04.023 D/DurationCollector(31798): stats date = 2026-01-07 duration = 42698234 times = 8 app_ver_code = 101001090 detail = [{"delayTickCount":37,"appVerCode":101001090,"beginTime":1767715232811,"duration":29315240},{"delayTickCount":2,"appVerCode":101001090,"beginTime":1767744755067,"duration":7661806},{"delayTickCount":0,"appVerCode":101001090,"beginTime":1767758891181,"duration":7},{"delayTickCount":0,"appVerCode":101001090,"beginTime":1767765972393,"duration":2},{"delayTickCount":0,"appVerCode":101001090,"beginTime":1767774061625,"duration":6},{"delayTickCount":1,"appVerCode":101001090,"beginTime":1767780156731,"duration":268830},{"delayTickCount":0,"appVerCode":101001090,"beginTime":1767788153090,"duration":2},{"delayTickCount":0,"appVerCode":101001090,"beginTime":1767796151495,"duration":5452341}]
01-08 00:00:04.027 D/DurationCollector(31798): updateRecord. beginDate = 2026-01-07, isSameDay = false, infos = [{"delayTickCount":37,"appVerCode":101001090,"beginTime":1767715232811,"duration":29315240},{"delayTickCount":2,"appVerCode":101001090,"beginTime":1767744755067,"duration":7661806},{"delayTickCount":0,"appVerCode":101001090,"beginTime":1767758891181,"duration":7},{"delayTickCount":0,"appVerCode":101001090,"beginTime":1767765972393,"duration":2},{"delayTickCount":0,"appVerCode":101001090,"beginTime":1767774061625,"duration":6},{"delayTickCount":1,"appVerCode":101001090,"beginTime":1767780156731,"duration":268830},{"delayTickCount":0,"appVerCode":101001090,"beginTime":1767788153090,"duration":2},{"delayTickCount":0,"appVerCode":101001090,"beginTime":1767796151495,"duration":5452341}]
01-08 00:00:04.072 W/TelephonyPermissions( 4644): reportAccessDeniedToReadIdentifiers:com.music.downloader.musicplay:getImeiForSlot:2
01-08 00:00:04.068 W/pool-29-thread-(31798): type=1400 audit(0.0:78227): avc:  denied  { read } for  name="devices" dev="sysfs" ino=4 scontext=u:r:untrusted_app:s0:c167,c257,c512,c768 tcontext=u:object_r:sysfs:s0 tclass=dir permissive=0 app=com.music.downloader.musicplay
01-08 00:00:04.133 I/pixel-thermal( 2215): VIRTUAL-SKIN-CPU:32.8551 raw data: VIRTUAL-NEUTRAL-QUIET:31973.7 VIRTUAL-QUIET-DISP:30731.1 VIRTUAL-QUIET-QI:32855.1 VIRTUAL-SKIN:32855.1 VIRTUAL-SKIN-CPU:32855.1 VIRTUAL-USB-QUIET:31804.4 disp_therm:32329 neutral_therm:33019 qi_therm:35957 quiet_therm:32240 usb_pwr_therm:32351 
01-08 00:00:04.133 I/pixel-thermal( 2215): quiet_therm:32.24 raw data: quiet_therm:32240 
01-08 00:00:04.133 I/pixel-thermal( 2215): VIRTUAL-SKIN:32.8551 raw data: VIRTUAL-SKIN:32855.1 
01-08 00:00:04.133 I/pixel-thermal( 2215): VIRTUAL-SKIN-CHARGE:32.8402 raw data: VIRTUAL-SKIN-CHARGE:32840.2 qi_therm:35957 quiet_therm:32240 
01-08 00:00:04.133 I/pixel-thermal( 2215): VIRTUAL-SKIN-HINT:32.8551 raw data: VIRTUAL-SKIN:32855.1 VIRTUAL-SKIN-HINT:32855.1 
01-08 00:00:04.133 I/pixel-thermal( 2215): VIRTUAL-SKIN-CPU-GPU:32.8551 raw data: VIRTUAL-SKIN:32855.1 VIRTUAL-SKIN-CPU-GPU:32855.1 
01-08 00:00:04.133 I/pixel-thermal( 2215): cellular-emergency:32.8551 raw data: VIRTUAL-SKIN:32855.1 cellular-emergency:32855.1 
01-08 00:00:04.143 D/AdvertisingIdClient(27767): AdvertisingIdClient already created.
01-08 00:00:04.154 D/BoundBrokerSvc(11566): onRebind: Intent { act=com.google.android.gms.common.telemetry.service.START dat=chimera-action:/... xflg=0x4 cmp=com.google.android.gms/.chimera.PersistentApiService }
01-08 00:00:04.156 I/AdvertisingIdClient(27767): shouldSendLog 794914685
01-08 00:00:04.156 I/AdvertisingIdClient(27767): GetInfoInternal elapse 13ms
01-08 00:00:04.442 I/AiAiEcho( 5755): SmartspaceNotificationPredictor no parser can handle this notification or notification is invalid
01-08 00:00:04.697 W/libbinder.Binder(11893): Binder transaction to android.accounts.IAccountAuthenticator code 3 took 1502ms. Data bytes: 492 Reply bytes: 0 Flags: 17
01-08 00:00:04.719 D/BackgroundInstallControlService( 1861): Package event received: 0
01-08 00:00:04.719 D/BackgroundInstallControlService( 1861): Package event received: 0
01-08 00:00:04.719 D/BackgroundInstallControlService( 1861): Package event received: 0
01-08 00:00:04.719 D/BackgroundInstallControlService( 1861): Package event received: 0
01-08 00:00:04.807 E/gcblocker(11893): too long GC blocking: 5
01-08 00:00:04.807 E/gcblocker(11893): gc block end, 442151837,102
01-08 00:00:04.894 I/mars::stn(10825): [shortlink_task_manager.cc:1209, __SingleRespHandle]:cgi trace error: (3, -10606), cost:7715, rtt:0, svr:(, 0, NullIP)
01-08 00:00:05.113 D/InetDiagMessage( 1861): Destroyed 0 sockets, proto=IPPROTO_TCP, family=AF_INET, states=14
01-08 00:00:05.122 D/InetDiagMessage( 1861): Destroyed 0 sockets, proto=IPPROTO_TCP, family=AF_INET6, states=14
01-08 00:00:05.123 D/InetDiagMessage( 1861): Destroyed live tcp sockets for uids={10299} in 18ms
01-08 00:00:05.130 D/InetDiagMessage( 1861): Destroyed 0 sockets, proto=IPPROTO_TCP, family=AF_INET, states=14
01-08 00:00:05.134 D/InetDiagMessage( 1861): Destroyed 0 sockets, proto=IPPROTO_TCP, family=AF_INET6, states=14
01-08 00:00:05.134 D/InetDiagMessage( 1861): Destroyed live tcp sockets for uids={20299} in 11ms
01-08 00:00:05.449 I/AiAiEcho( 5755): SmartspaceNotificationPredictor no parser can handle this notification or notification is invalid
01-08 00:00:05.722 D/TemperatureStateSource( 4481): sequence=44138 actualDelay=10002
01-08 00:00:05.725 D/TemperatureStateSource( 4481): Reading temperature: sequence=44139
01-08 00:00:05.732 I/pixel-thermal( 2215): VIRTUAL-SKIN:32.8551 raw data: VIRTUAL-SKIN:32855.1 
01-08 00:00:05.734 D/TemperatureStateSource( 4481): getDeviceTemperatures: sequence=44139 deviceTemperatureType=3 temperatureSource=0 temperatures=[32.855103]
01-08 00:00:05.736 D/BusinessScope( 4481): Enqueuing the block
01-08 00:00:05.736 D/TemperatureStateSource( 4481): sequence=44139 waitTime=10000
01-08 00:00:05.736 D/BusinessScope( 4481): Start running the #88399 block
01-08 00:00:05.743 I/pixel-thermal( 2215): VIRTUAL-SKIN:32.8551 raw data: VIRTUAL-SKIN:32855.1 
01-08 00:00:05.743 I/TemperatureStateSource( 4481): temperature was set
01-08 00:00:05.744 D/BusinessScope( 4481): Enqueuing the block
01-08 00:00:05.744 D/ImpulseStateSource( 4481): Notify clients: 44196
01-08 00:00:05.744 D/BusinessScope( 4481): Finish running the #88399 block
01-08 00:00:05.744 D/BusinessScope( 4481): Start running the #88400 block
01-08 00:00:05.745 D/ImpulseConnection( 4481): bindService: com.google.android.apps.turbo
01-08 00:00:05.750 D/BackgroundInstallControlService( 1861): Package event received: 0
01-08 00:00:05.754 D/BackgroundInstallControlService( 1861): Package event received: 0
01-08 00:00:05.757 D/BackgroundInstallControlService( 1861): Package event received: 0
01-08 00:00:05.759 D/BackgroundInstallControlService( 1861): Package event received: 0
01-08 00:00:05.761 W/orbu.utils(11893): orbu proceed: 102, dfidHex: 0x28000102
01-08 00:00:05.761 W/orbu.utils(11893): enableNetworkHardBlock: 0, isTargetRuleGroup: 0
01-08 00:00:05.764 D/BackgroundInstallControlService( 1861): Package event received: 0
01-08 00:00:05.783 D/ImpulseConnection( 4481): onServiceConnected: ComponentInfo{com.google.android.apps.turbo/com.google.android.apps.turbo.adaptiveplatform.impulse.ImpulseClientService} service is null false
01-08 00:00:05.785 D/BusinessScope( 4481): Finish running the #88400 block
01-08 00:00:05.915 D/ConnectivityService( 1861): Returning BLOCKED NetworkInfo to uid=10299
01-08 00:00:06.229 W/libbinder.Binder(11893): Binder transaction to android.accounts.IAccountAuthenticator code 3 took 1501ms. Data bytes: 492 Reply bytes: 0 Flags: 17
01-08 00:00:06.249 D/BackgroundInstallControlService( 1861): Package event received: 0
01-08 00:00:06.255 D/BackgroundInstallControlService( 1861): Package event received: 0
01-08 00:00:06.256 D/BackgroundInstallControlService( 1861): Package event received: 0
01-08 00:00:06.256 D/BackgroundInstallControlService( 1861): Package event received: 0
01-08 00:00:06.348 E/gcblocker(11893): too long GC blocking: 5
01-08 00:00:06.348 E/gcblocker(11893): gc block end, 442153379,101
01-08 00:00:06.511 I/AiAiEcho( 5755): SmartspaceNotificationPredictor no parser can handle this notification or notification is invalid
01-08 00:00:06.827 I/WifiHAL ( 1415): Creating message to get link statistics; iface = 47
01-08 00:00:06.993 D/ConnectivityService( 1861): NetReassign [no changes] [c 7] [a 7] [i 17]
01-08 00:00:07.193 D/BoundBrokerSvc(27767): onUnbind: Intent { act=com.google.android.gms.semanticlocationhistory.service.START dat=chimera-action:/... xflg=0x4 cmp=com.google.android.gms/.chimera.GmsApiService }
01-08 00:00:07.499 I/AiAiEcho( 5755): SmartspaceNotificationPredictor no parser can handle this notification or notification is invalid
01-08 00:00:07.764 W/libbinder.Binder(11893): Binder transaction to android.accounts.IAccountAuthenticator code 3 took 1502ms. Data bytes: 492 Reply bytes: 0 Flags: 17
01-08 00:00:07.783 D/BackgroundInstallControlService( 1861): Package event received: 0
01-08 00:00:07.784 D/BackgroundInstallControlService( 1861): Package event received: 0
01-08 00:00:07.788 D/BackgroundInstallControlService( 1861): Package event received: 0
01-08 00:00:07.788 D/BackgroundInstallControlService( 1861): Package event received: 0
01-08 00:00:07.874 E/gcblocker(11893): too long GC blocking: 5
01-08 00:00:07.875 E/gcblocker(11893): gc block end, 442154906,101
01-08 00:00:08.482 I/AiAiEcho( 5755): SmartspaceNotificationPredictor no parser can handle this notification or notification is invalid
01-08 00:00:08.548 W/JobServiceContext( 1861): Timed out while trying to bind for b29347 #u0a547/-2142030664 com.quran.quranaudio.online/com.google.android.datatransport.runtime.scheduling.jobscheduling.JobInfoSchedulerService
01-08 00:00:08.554 D/CompatChangeReporter( 1861): Compat change id reported: 311208629; UID 10547; state: ENABLED
01-08 00:00:08.562 W/AppStandbyController( 1861): Tried to restrict recently used app: com.quran.quranaudio.online due to 1540
01-08 00:00:09.197 D/BoundBrokerSvc(11566): onUnbind: Intent { act=com.google.android.gms.common.telemetry.service.START dat=chimera-action:/... xflg=0x4 cmp=com.google.android.gms/.chimera.PersistentApiService }
01-08 00:00:09.290 W/libbinder.Binder(11893): Binder transaction to android.accounts.IAccountAuthenticator code 3 took 1502ms. Data bytes: 492 Reply bytes: 0 Flags: 17
01-08 00:00:09.325 D/BackgroundInstallControlService( 1861): Package event received: 0
01-08 00:00:09.328 D/BackgroundInstallControlService( 1861): Package event received: 0
01-08 00:00:09.330 D/BackgroundInstallControlService( 1861): Package event received: 0
01-08 00:00:09.330 D/BackgroundInstallControlService( 1861): Package event received: 0
01-08 00:00:09.404 E/gcblocker(11893): too long GC blocking: 5
01-08 00:00:09.404 E/gcblocker(11893): gc block end, 442156435,101
01-08 00:00:09.489 I/AiAiEcho( 5755): SmartspaceNotificationPredictor no parser can handle this notification or notification is invalid
01-08 00:00:09.491 W/orbu.utils(11893): orbu proceed: 102, dfidHex: 0x28000102
01-08 00:00:09.491 W/orbu.utils(11893): enableNetworkHardBlock: 0, isTargetRuleGroup: 0
01-08 00:00:09.960 I/WifiHAL ( 1415): Creating message to get link statistics; iface = 47
01-08 00:00:10.081 D/ConnectivityService( 1861): NetReassign [no changes] [c 7] [a 3] [i 7]
01-08 00:00:10.479 I/AiAiEcho( 5755): SmartspaceNotificationPredictor no parser can handle this notification or notification is invalid
01-08 00:00:10.837 W/libbinder.Binder(11893): Binder transaction to android.accounts.IAccountAuthenticator code 3 took 1502ms. Data bytes: 492 Reply bytes: 0 Flags: 17
01-08 00:00:10.870 D/BackgroundInstallControlService( 1861): Package event received: 0
01-08 00:00:10.871 D/BackgroundInstallControlService( 1861): Package event received: 0
01-08 00:00:10.871 D/BackgroundInstallControlService( 1861): Package event received: 0
01-08 00:00:10.871 D/BackgroundInstallControlService( 1861): Package event received: 0
01-08 00:00:10.959 E/gcblocker(11893): too long GC blocking: 5
01-08 00:00:10.959 E/gcblocker(11893): gc block end, 442157990,101
01-08 00:00:11.162 I/pixel-thermal( 2215): VIRTUAL-SKIN-CPU:33.062 raw data: VIRTUAL-NEUTRAL-QUIET:32193.8 VIRTUAL-QUIET-DISP:30944.5 VIRTUAL-QUIET-QI:33062 VIRTUAL-SKIN:33062 VIRTUAL-SKIN-CPU:33062 VIRTUAL-USB-QUIET:31875.6 disp_therm:32395 neutral_therm:33286 qi_therm:36180 quiet_therm:32440 usb_pwr_therm:32329 
01-08 00:00:11.164 I/pixel-thermal( 2215): quiet_therm:32.44 raw data: quiet_therm:32440 
01-08 00:00:11.164 I/pixel-thermal( 2215): VIRTUAL-SKIN:33.062 raw data: VIRTUAL-SKIN:33062 
01-08 00:00:11.164 I/pixel-thermal( 2215): VIRTUAL-SKIN-CHARGE:33.0467 raw data: VIRTUAL-SKIN-CHARGE:33046.7 qi_therm:36180 quiet_therm:32440 
01-08 00:00:11.164 I/pixel-thermal( 2215): VIRTUAL-SKIN-HINT:33.062 raw data: VIRTUAL-SKIN:33062 VIRTUAL-SKIN-HINT:33062 
01-08 00:00:11.164 I/pixel-thermal( 2215): VIRTUAL-SKIN-CPU-GPU:33.062 raw data: VIRTUAL-SKIN:33062 VIRTUAL-SKIN-CPU-GPU:33062 
01-08 00:00:11.165 I/pixel-thermal( 2215): cellular-emergency:33.062 raw data: VIRTUAL-SKIN:33062 cellular-emergency:33062 
01-08 00:00:11.401 D/BoundBrokerSvc(27767): onUnbind: Intent { act=com.google.android.gms.ads.identifier.service.EVENT_ATTESTATION dat=chimera-action:/... xflg=0x4 cmp=com.google.android.gms/.chimera.GmsBoundBrokerService }
01-08 00:00:11.470 I/AiAiEcho( 5755): SmartspaceNotificationPredictor no parser can handle this notification or notification is invalid
01-08 00:00:12.086 D/InetDiagMessage( 1861): Destroyed 0 sockets, proto=IPPROTO_TCP, family=AF_INET, states=14
01-08 00:00:12.094 D/InetDiagMessage( 1861): Destroyed 0 sockets, proto=IPPROTO_TCP, family=AF_INET6, states=14
01-08 00:00:12.094 D/InetDiagMessage( 1861): Destroyed live tcp sockets for uids={10299} in 16ms
01-08 00:00:12.100 D/InetDiagMessage( 1861): Destroyed 0 sockets, proto=IPPROTO_TCP, family=AF_INET, states=14
01-08 00:00:12.105 D/InetDiagMessage( 1861): Destroyed 0 sockets, proto=IPPROTO_TCP, family=AF_INET6, states=14
01-08 00:00:12.105 D/InetDiagMessage( 1861): Destroyed live tcp sockets for uids={20299} in 11ms
01-08 00:00:12.379 W/libbinder.Binder(11893): Binder transaction to android.accounts.IAccountAuthenticator code 3 took 1502ms. Data bytes: 492 Reply bytes: 0 Flags: 17
01-08 00:00:12.415 D/BackgroundInstallControlService( 1861): Package event received: 0
01-08 00:00:12.421 D/BackgroundInstallControlService( 1861): Package event received: 0
01-08 00:00:12.421 D/BackgroundInstallControlService( 1861): Package event received: 0
01-08 00:00:12.422 D/BackgroundInstallControlService( 1861): Package event received: 0
01-08 00:00:12.455 I/AiAiEcho( 5755): SmartspaceNotificationPredictor no parser can handle this notification or notification is invalid
01-08 00:00:12.488 E/gcblocker(11893): too long GC blocking: 5
01-08 00:00:12.488 E/gcblocker(11893): gc block end, 442159520,101
01-08 00:00:12.854 W/orbu.utils(11893): orbu proceed: 102, dfidHex: 0x28000102
01-08 00:00:12.854 W/orbu.utils(11893): enableNetworkHardBlock: 0, isTargetRuleGroup: 0
01-08 00:00:13.063 I/WifiHAL ( 1415): Creating message to get link statistics; iface = 47
01-08 00:00:13.196 D/ConnectivityService( 1861): NetReassign [no changes] [c 1] [a 1] [i 3]
01-08 00:00:13.458 I/AiAiEcho( 5755): SmartspaceNotificationPredictor no parser can handle this notification or notification is invalid
01-08 00:00:13.581 D/BoundBrokerSvc(11566): onUnbind: Intent { act=com.google.android.gms.libs.gmscorelogger.service.START dat=chimera-action:/... xflg=0x4 cmp=com.google.android.gms/.chimera.PersistentDirectBootAwareApiService }
01-08 00:00:13.950 W/libbinder.Binder(11893): Binder transaction to android.accounts.IAccountAuthenticator code 3 took 1503ms. Data bytes: 492 Reply bytes: 0 Flags: 17
01-08 00:00:13.973 D/BackgroundInstallControlService( 1861): Package event received: 0
01-08 00:00:13.975 D/BackgroundInstallControlService( 1861): Package event received: 0
01-08 00:00:13.975 D/BackgroundInstallControlService( 1861): Package event received: 0
01-08 00:00:13.975 D/BackgroundInstallControlService( 1861): Package event received: 0
01-08 00:00:14.063 E/gcblocker(11893): too long GC blocking: 5
01-08 00:00:14.064 E/gcblocker(11893): gc block end, 442161095,101
01-08 00:00:14.501 I/AiAiEcho( 5755): SmartspaceNotificationPredictor no parser can handle this notification or notification is invalid
01-08 00:00:15.199 W/ocessService0:0(26136): userfaultfd: MOVE ioctl seems unsupported: Connection timed out
01-08 00:00:15.443 I/AiAiEcho( 5755): SmartspaceNotificationPredictor no parser can handle this notification or notification is invalid
01-08 00:00:15.485 W/libbinder.Binder(11893): Binder transaction to android.accounts.IAccountAuthenticator code 3 took 1501ms. Data bytes: 492 Reply bytes: 0 Flags: 17
01-08 00:00:15.503 D/BackgroundInstallControlService( 1861): Package event received: 0
01-08 00:00:15.503 D/BackgroundInstallControlService( 1861): Package event received: 0
01-08 00:00:15.503 D/BackgroundInstallControlService( 1861): Package event received: 0
01-08 00:00:15.506 D/BackgroundInstallControlService( 1861): Package event received: 0
01-08 00:00:15.576 W/TracingMuxer( 1583): type=1400 audit(0.0:78228): avc:  denied  { write } for  name="traced_producer" dev="tmpfs" ino=1319 scontext=u:r:gxp_logging:s0 tcontext=u:object_r:traced_producer_socket:s0 tclass=sock_file permissive=0
01-08 00:00:15.599 E/gcblocker(11893): too long GC blocking: 5
01-08 00:00:15.599 E/gcblocker(11893): gc block end, 442162630,101
01-08 00:00:15.739 D/TemperatureStateSource( 4481): sequence=44139 actualDelay=10002
01-08 00:00:15.740 D/TemperatureStateSource( 4481): Reading temperature: sequence=44140
01-08 00:00:15.751 I/pixel-thermal( 2215): VIRTUAL-SKIN:33.062 raw data: VIRTUAL-NEUTRAL-QUIET:32193.8 VIRTUAL-QUIET-DISP:30944.5 VIRTUAL-QUIET-QI:33062 VIRTUAL-SKIN:33062 VIRTUAL-USB-QUIET:31875.6 disp_therm:32395 neutral_therm:33286 qi_therm:36180 quiet_therm:32440 usb_pwr_therm:32329 
01-08 00:00:15.754 D/TemperatureStateSource( 4481): getDeviceTemperatures: sequence=44140 deviceTemperatureType=3 temperatureSource=0 temperatures=[33.062]
01-08 00:00:15.755 D/BusinessScope( 4481): Enqueuing the block
01-08 00:00:15.756 D/BusinessScope( 4481): Start running the #88401 block
01-08 00:00:15.756 D/TemperatureStateSource( 4481): sequence=44140 waitTime=10000
01-08 00:00:15.763 I/pixel-thermal( 2215): VIRTUAL-SKIN:33.062 raw data: VIRTUAL-SKIN:33062 
01-08 00:00:15.766 I/TemperatureStateSource( 4481): temperature was set
01-08 00:00:15.766 D/BusinessScope( 4481): Enqueuing the block
01-08 00:00:15.766 D/ImpulseStateSource( 4481): Notify clients: 44197
01-08 00:00:15.766 D/BusinessScope( 4481): Finish running the #88401 block
01-08 00:00:15.767 D/BusinessScope( 4481): Start running the #88402 block
01-08 00:00:15.770 D/BusinessScope( 4481): Finish running the #88402 block
01-08 00:00:16.159 W/System.err(11893): com.bytedance.frameworks.baselib.network.http.cronet.impl.CronetIOException: Exception in CronetUrlRequest: net::ERR_CONNECTION_REFUSED, ip=:0, details={"has_upload":true,"is_pending":false,"load_flags":16,"load_state":3,"method":"POST","net_error":-102,"network_isolation_key":"null null 0 1","status":"FAILED","traffic_annotation":77012883,"traffic_path":"default","url":"https://mon-v2-boot.capcutapi.com/monitor_web/settings/hybrid-settings?iid=7590108264660371213&device_id=7524331531109500417&ac=wifi&channel=googleplay&aid=3006&app_name=vicut&version_code=16201600&version_name=16.2.0&device_platform=android&os=android&ssmix=a&device_type=Pixel+7&device_brand=google&language=en&os_api=36&os_version=16&openudid=194796844f53fc27&manifest_version_code=16201600&resolution=1080*2400&dpi=420&update_version_code=16201600&_rticket=1767801579856&carrier_region=MO&mcc_mnc=46011&region=US&cdid=0217589d-c4bf-4a66-a227-800fcdf1df65&effect_sdk_version=20.6.0&subdivision_id=5744337"}, attempts= 199.103.24.2:443 result:-102 199.103.24.2:443 result:-102 199.103.24.2:443 result:-102 199.103.24.2:443 result:-102 199.103.24.2:443 result:-102 199.103.24.2:443 result:-102 199.103.24.2:443 result:-102 199.103.24.2:443 result:-102 199.103.24.2:443 result:-102 199.103.24.2:443 result:-102 , dns=3298, connect=1, ssl=-1, send=-1, proxy=-1, wait=-1, receive=-1, total=-1, reused=0, cached=0, response_content_len=0, total_bytes=0, is_proxy=1, QuicStreamError=0, QuicCloseSource=0, H2ProtocolError=0, RFC7540Error=0, ErrorCode=7, InternalErrorCode=-102, Retryable=false
01-08 00:00:16.168 W/System.err(11893): 	at com.bytedance.frameworks.baselib.network.http.cronet.impl.CronetSsCall.convertException(Unknown Source:17104960)
01-08 00:00:16.168 W/System.err(11893): 	at com.bytedance.frameworks.baselib.network.http.impl.BaseSsCall.execute(Unknown Source:459017)
01-08 00:00:16.168 W/System.err(11893): 	at com.bytedance.retrofit2.CallServerInterceptor.executeCall(Unknown Source:16842752)
01-08 00:00:16.168 W/System.err(11893): 	at com.bytedance.retrofit2.CallServerInterceptor.intercept(Unknown Source:17236176)
01-08 00:00:16.168 W/System.err(11893): 	at com.bytedance.retrofit2.intercept.RealInterceptorChain.proceed(Unknown Source:17236130)
01-08 00:00:16.168 W/System.err(11893): 	at com.bytedance.helios.network.ttnet.TTNetMonitorInterceptor.intercept(Unknown Source:17301863)
01-08 00:00:16.168 W/System.err(11893): 	at com.bytedance.retrofit2.intercept.RealInterceptorChain.proceed(Unknown Source:17236130)
01-08 00:00:16.168 W/System.err(11893): 	at com.bytedance.frameworks.baselib.network.http.retrofit.RequestVertifyInterceptor.intercept(Unknown Source:16973843)
01-08 00:00:16.168 W/System.err(11893): 	at com.bytedance.retrofit2.intercept.RealInterceptorChain.proceed(Unknown Source:17236130)
01-08 00:00:16.168 W/System.err(11893): 	at com.ss.android.account.leak.LeakInterceptor.intercept(Unknown Source:17170466)
01-08 00:00:16.169 W/System.err(11893): 	at com.bytedance.retrofit2.intercept.RealInterceptorChain.proceed(Unknown Source:17236130)
01-08 00:00:16.169 W/System.err(11893): 	at com.bytedance.sdk.account.region.TTPInterceptor.intercept(Unknown Source:17236137)
01-08 00:00:16.169 W/System.err(11893): 	at com.bytedance.retrofit2.intercept.RealInterceptorChain.proceed(Unknown Source:17236130)
01-08 00:00:16.169 W/System.err(11893): 	at com.ss.android.account.token.TTTokenInterceptor.intercept(Unknown Source:17170547)
01-08 00:00:16.169 W/System.err(11893): 	at com.bytedance.retrofit2.intercept.RealInterceptorChain.proceed(Unknown Source:17236130)
01-08 00:00:16.169 W/System.err(11893): 	at com.ss.android.account.token.TTTokenInterceptor.intercept(Unknown Source:17170547)
01-08 00:00:16.169 W/System.err(11893): 	at com.bytedance.retrofit2.intercept.RealInterceptorChain.proceed(Unknown Source:17236130)
01-08 00:00:16.169 W/System.err(11893): 	at com.bytedance.bdturing.ttnet.TTNetUtil$1.intercept(Unknown Source:17104962)
01-08 00:00:16.169 W/System.err(11893): 	at com.bytedance.retrofit2.intercept.RealInterceptorChain.proceed(Unknown Source:17236130)
01-08 00:00:16.169 W/System.err(11893): 	at com.vega.core.net.TimeoutInterceptor.intercept(Unknown Source:17170590)
01-08 00:00:16.169 W/System.err(11893): 	at com.bytedance.retrofit2.intercept.RealInterceptorChain.proceed(Unknown Source:17236130)
01-08 00:00:16.169 W/System.err(11893): 	at com.vega.launcher.network.interceptors.IapRegionInterceptor.intercept(Unknown Source:17170639)
01-08 00:00:16.169 W/System.err(11893): 	at com.bytedance.retrofit2.intercept.RealInterceptorChain.proceed(Unknown Source:17236130)
01-08 00:00:16.169 W/System.err(11893): 	at com.vega.launcher.network.interceptors.CrackingInterceptor.intercept(Native Method)
01-08 00:00:16.169 W/System.err(11893): 	at com.bytedance.retrofit2.intercept.RealInterceptorChain.proceed(Unknown Source:17236130)
01-08 00:00:16.169 W/System.err(11893): 	at com.vega.launcher.network.interceptors.TimeOutSettingInterceptor.intercept(Unknown Source:17301952)
01-08 00:00:16.169 W/System.err(11893): 	at com.bytedance.retrofit2.intercept.RealInterceptorChain.proceed(Unknown Source:17236130)
01-08 00:00:16.169 W/System.err(11893): 	at com.vega.launcher.network.interceptors.LynxSignVerifyInterceptor.intercept(Unknown Source:17170503)
01-08 00:00:16.169 W/System.err(11893): 	at com.bytedance.retrofit2.intercept.RealInterceptorChain.proceed(Unknown Source:17236130)
01-08 00:00:16.169 W/System.err(11893): 	at com.vega.launcher.network.interceptors.SignVerifyInterceptor.intercept(Unknown Source:17170511)
01-08 00:00:16.169 W/System.err(11893): 	at com.bytedance.retrofit2.intercept.RealInterceptorChain.proceed(Unknown Source:17236130)
01-08 00:00:16.169 W/System.err(11893): 	at com.vega.launcher.network.interceptors.AssistInterceptor.intercept(Unknown Source:17236333)
01-08 00:00:16.169 W/System.err(11893): 	at com.bytedance.retrofit2.intercept.RealInterceptorChain.proceed(Unknown Source:17236130)
01-08 00:00:16.169 W/System.err(11893): 	at com.vega.effectplatform.artist.net.ArtistCollectInterceptor.intercept(Unknown Source:17105003)
01-08 00:00:16.169 W/System.err(11893): 	at com.bytedance.retrofit2.intercept.RealInterceptorChain.proceed(Unknown Source:17236130)
01-08 00:00:16.169 W/System.err(11893): 	at com.vega.launcher.network.interceptors.RetrofitHeaderInterceptor.intercept(Unknown Source:17367973)
01-08 00:00:16.169 W/System.err(11893): 	at com.bytedance.retrofit2.intercept.RealInterceptorChain.proceed(Unknown Source:17236130)
01-08 00:00:16.169 W/System.err(11893): 	at com.vega.libeffectapi.util.VimoNetHeaderInterceptor.intercept(Unknown Source:17170583)
01-08 00:00:16.169 W/System.err(11893): 	at com.bytedance.retrofit2.intercept.RealInterceptorChain.proceed(Unknown Source:17236130)
01-08 00:00:16.169 W/System.err(11893): 	at com.lm.components.network.extra.HttpHeaderInterceptor.intercept(Unknown Source:17302065)
01-08 00:00:16.169 W/System.err(11893): 	at com.bytedance.retrofit2.intercept.RealInterceptorChain.proceed(Unknown Source:17236130)
01-08 00:00:16.169 W/System.err(11893): 	at com.vega.launcher.privacy.ttp.AGBlockingNetworkInterceptor.intercept(Unknown Source:17170473)
01-08 00:00:16.169 W/System.err(11893): 	at com.bytedance.retrofit2.intercept.RealInterceptorChain.proceed(Unknown Source:17236130)
01-08 00:00:16.169 W/System.err(11893): 	at ms.bd.o.b3$a.intercept(Unknown Source:17170438)
01-08 00:00:16.169 W/System.err(11893): 	at com.bytedance.retrofit2.intercept.RealInterceptorChain.proceed(Unknown Source:17236130)
01-08 00:00:16.169 W/System.err(11893): 	at com.bytedance.privacy.dispatch.monitor.BootDomainInterceptor.intercept(Unknown Source:17170460)
01-08 00:00:16.169 W/System.err(11893): 	at com.bytedance.retrofit2.intercept.RealInterceptorChain.proceed(Unknown Source:17236130)
01-08 00:00:16.169 W/System.err(11893): 	at com.bytedance.privacy.region.CdnRegionInterceptor.intercept(Unknown Source:17235977)
01-08 00:00:16.169 W/System.err(11893): 	at com.bytedance.retrofit2.intercept.RealInterceptorChain.proceed(Unknown Source:17236130)
01-08 00:00:16.169 W/System.err(11893): 	at com.bytedance.frameworks.baselib.network.http.retrofit.BaseSsInterceptor.intercept(Unknown Source:16973846)
01-08 00:00:16.169 W/System.err(11893): 	at com.bytedance.retrofit2.intercept.RealInterceptorChain.proceed(Unknown Source:17236130)
01-08 00:00:16.169 W/System.err(11893): 	at com.bytedance.retrofit2.SsHttpCall.getResponseWithInterceptorChain(Unknown Source:327790)
01-08 00:00:16.169 W/System.err(11893): 	at com.bytedance.retrofit2.SsHttpCall.execute(Unknown Source:327713)
01-08 00:00:16.169 W/System.err(11893): 	at com.bytedance.retrofit2.ExecutorCallAdapterFactory$ExecutorCallbackCall.execute(Unknown Source:65538)
01-08 00:00:16.169 W/System.err(11893): 	at com.bytedance.android.monitorV2.hybridSetting.HybridSettingManagerImpl$4.run(Unknown Source:393280)
01-08 00:00:16.169 W/System.err(11893): 	at java.util.concurrent.Executors$RunnableAdapter.call(Executors.java:520)
01-08 00:00:16.169 W/System.err(11893): 	at java.util.concurrent.FutureTask.run(FutureTask.java:317)
01-08 00:00:16.169 W/System.err(11893): 	at java.util.concurrent.ThreadPoolExecutor.runWorker(ThreadPoolExecutor.java:1154)
01-08 00:00:16.169 W/System.err(11893): 	at java.util.concurrent.ThreadPoolExecutor$Worker.run(ThreadPoolExecutor.java:652)
01-08 00:00:16.169 W/System.err(11893): 	at java.lang.Thread.run(Thread.java:1563)
01-08 00:00:16.169 W/System.err(11893): 	at com.ss.android.ugc.bytex.pthread.base.convergence.hook.ThreadProxy$start$1.invoke(Unknown Source:23)
01-08 00:00:16.169 W/System.err(11893): 	at com.ss.android.ugc.bytex.pthread.base.convergence.hook.ThreadProxy$start$1.invoke(Unknown Source:2)
01-08 00:00:16.169 W/System.err(11893): 	at com.ss.android.ugc.bytex.pthread.base.convergence.helper.ThreadWorker.run(Unknown Source:98)
01-08 00:00:16.170 W/System.err(11893): 	at java.util.concurrent.ThreadPoolExecutor.runWorker(ThreadPoolExecutor.java:1154)
01-08 00:00:16.170 W/System.err(11893): 	at java.util.concurrent.ThreadPoolExecutor$Worker.run(ThreadPoolExecutor.java:652)
01-08 00:00:16.170 W/System.err(11893): 	at java.lang.Thread.run(Thread.java:1563)
01-08 00:00:16.170 W/System.err(11893): Caused by: com.ttnet.org.chromium.net.impl.NetworkExceptionImpl: Exception in CronetUrlRequest: net::ERR_CONNECTION_REFUSED, ip=:0, details={"has_upload":true,"is_pending":false,"load_flags":16,"load_state":3,"method":"POST","net_error":-102,"network_isolation_key":"null null 0 1","status":"FAILED","traffic_annotation":77012883,"traffic_path":"default","url":"https://mon-v2-boot.capcutapi.com/monitor_web/settings/hybrid-settings?iid=7590108264660371213&device_id=7524331531109500417&ac=wifi&channel=googleplay&aid=3006&app_name=vicut&version_code=16201600&version_name=16.2.0&device_platform=android&os=android&ssmix=a&device_type=Pixel+7&device_brand=google&language=en&os_api=36&os_version=16&openudid=194796844f53fc27&manifest_version_code=16201600&resolution=1080*2400&dpi=420&update_version_code=16201600&_rticket=1767801579856&carrier_region=MO&mcc_mnc=46011&region=US&cdid=0217589d-c4bf-4a66-a227-800fcdf1df65&effect_sdk_version=20.6.0&subdivision_id=5744337"}, attempts= 199.103.24.2:443 result:-102 199.103.24.2:443 result:-102 199.103.24.2:443 result:-102 199.103.24.2:443 result:-102 199.103.24.2:443 result:-102 199.103.24.2:443 result:-102 199.103.24.2:443 result:-102 199.103.24.2:443 result:-102 199.103.24.2:443 result:-102 199.103.24.2:443 result:-102 , dns=3298, connect=1, ssl=-1, send=-1, proxy=-1, wait=-1, receive=-1, total=-1, reused=0, cached=0, response_content_len=0, total_bytes=0, is_proxy=1, QuicStreamError=0, QuicCloseSource=0, H2ProtocolError=0, RFC7540Error=0, ErrorCode=7, InternalErrorCode=-102, Retryable=false
01-08 00:00:16.170 W/System.err(11893): 	at com.ttnet.org.chromium.net.impl.CronetUrlRequest.onError(Unknown Source:84213820)
01-08 00:00:16.193 I/WifiHAL ( 1415): Creating message to get link statistics; iface = 47
01-08 00:00:16.278 D/ConnectivityService( 1861): NetReassign [no changes] [c 1] [a 2] [i 7]
01-08 00:00:16.455 I/AiAiEcho( 5755): SmartspaceNotificationPredictor no parser can handle this notification or notification is invalid
01-08 00:00:16.721 D/BoundBrokerSvc(27767): onUnbind: Intent { act=com.google.android.gms.safebrowsing.SafeBrowsingService.START dat=chimera-action:/... xflg=0x4 cmp=com.google.android.gms/.chimera.GmsBoundBrokerService }
01-08 00:00:17.013 W/libbinder.Binder(11893): Binder transaction to android.accounts.IAccountAuthenticator code 3 took 1502ms. Data bytes: 492 Reply bytes: 0 Flags: 17
01-08 00:00:17.032 D/BackgroundInstallControlService( 1861): Package event received: 0
01-08 00:00:17.035 D/BackgroundInstallControlService( 1861): Package event received: 0
01-08 00:00:17.035 D/BackgroundInstallControlService( 1861): Package event received: 0
01-08 00:00:17.035 D/BackgroundInstallControlService( 1861): Package event received: 0
01-08 00:00:17.085 D/ActivityManager( 1861): freezing 2174 com.tencent.mm
01-08 00:00:17.098 D/ActivityManager( 1861): freezing 10825 com.tencent.mm:push
01-08 00:00:17.105 D/ActivityManager( 1861): freezing 24036 com.google.android.webview:sandboxed_process0:org.chromium.content.app.SandboxedProcessService0:0
01-08 00:00:17.111 D/InetDiagMessage( 1861): Destroyed 0 sockets, proto=IPPROTO_TCP, family=AF_INET, states=14
01-08 00:00:17.114 D/InetDiagMessage( 1861): Destroyed 0 sockets, proto=IPPROTO_TCP, family=AF_INET6, states=14
01-08 00:00:17.114 D/InetDiagMessage( 1861): Destroyed live tcp sockets for uids={10299} in 7ms
01-08 00:00:17.116 D/InetDiagMessage( 1861): Destroyed 0 sockets, proto=IPPROTO_TCP, family=AF_INET, states=14
01-08 00:00:17.119 D/InetDiagMessage( 1861): Destroyed 0 sockets, proto=IPPROTO_TCP, family=AF_INET6, states=14
01-08 00:00:17.119 D/InetDiagMessage( 1861): Destroyed live tcp sockets for uids={99742} in 5ms
01-08 00:00:17.124 E/gcblocker(11893): too long GC blocking: 5
01-08 00:00:17.124 E/gcblocker(11893): gc block end, 442164155,101
01-08 00:00:17.520 I/AiAiEcho( 5755): SmartspaceNotificationPredictor no parser can handle this notification or notification is invalid
